# Blender 5.0.1
# www.blender.org
mtllib charmodel2.mtl
o Cube.001
v 15.238164 3.171523 0.132857
v 13.105743 3.603487 -0.098005
v 15.248276 3.169527 -0.867630
v 13.105743 3.603487 -0.636769
v 13.242547 4.296604 -0.098005
v 13.242547 4.296604 -0.636769
v 11.558546 3.852701 -0.200067
v 11.559834 3.859224 -0.534497
v 11.651697 4.324656 -0.187134
v 11.651772 4.325030 -0.554507
v 12.783207 3.650858 -0.111744
v 12.783207 3.650858 -0.623030
v 12.913033 4.308623 -0.111744
v 12.913033 4.308623 -0.623030
v 13.412699 3.541386 -0.066420
v 13.412699 3.541386 -0.668353
v 13.565541 4.315769 -0.668353
v 13.565541 4.315769 -0.066420
v 11.921276 3.777448 -0.148460
v 12.032456 4.340744 -0.148460
v 11.921276 3.777448 -0.586313
v 12.032456 4.340744 -0.586313
v 14.710281 3.278869 -0.801868
v 14.710282 3.278869 0.067094
v 14.061491 3.410128 0.000337
v 14.061491 3.410128 -0.735110
v 14.248236 4.356276 -0.735110
v 14.248236 4.356276 0.000337
v 15.397938 3.710363 -0.557359
v 13.174145 3.950045 -0.706284
v 15.293077 3.805958 0.110916
v 13.174145 3.950045 -0.036093
v 11.605951 4.092880 -0.640197
v 11.605951 4.092880 -0.102180
v 12.848121 3.979740 -0.692545
v 12.848121 3.979740 -0.049833
v 13.489120 3.928577 -0.004509
v 13.489120 3.928577 -0.737868
v 11.976867 4.059096 -0.655828
v 11.976867 4.059096 -0.086549
v 14.772287 3.841203 0.107794
v 14.342828 3.696072 -0.803706
v 14.154863 3.883202 0.062248
v 15.349401 3.149567 -0.367387
v 13.105743 3.603487 -0.367387
v 13.251717 4.343062 -0.367387
v 11.554330 3.831341 -0.367387
v 11.666741 4.400877 -0.367387
v 12.922203 4.355082 -0.367387
v 12.783207 3.650858 -0.367387
v 13.574711 4.362227 -0.367387
v 13.412699 3.541386 -0.367387
v 12.041626 4.387203 -0.367387
v 11.921276 3.777448 -0.367387
v 14.710281 3.278869 -0.367387
v 14.061491 3.410128 -0.367387
v 14.257406 4.402735 -0.367387
v 11.439322 4.125768 -0.367387
v 13.208345 4.123324 -0.671526
v 11.631762 4.223649 -0.605440
v 12.880577 4.144182 -0.657787
v 13.527331 4.122173 -0.703110
v 12.004662 4.199920 -0.621071
v 14.201550 4.119739 -0.769868
v 15.438808 4.134866 -0.902388
v 13.208345 4.123324 -0.067049
v 11.631762 4.223649 -0.133135
v 12.880577 4.144182 -0.080788
v 13.527331 4.122173 -0.035465
v 12.004662 4.199920 -0.117504
v 14.201550 4.119739 0.031293
v 11.513224 4.271180 -0.367387
v 13.139944 3.776766 -0.067049
v 11.580140 3.962111 -0.133135
v 12.815663 3.815299 -0.080788
v 13.450910 3.734982 -0.035465
v 11.949072 3.918272 -0.117504
v 14.765444 3.558347 0.098050
v 14.108177 3.646664 0.031293
v 13.139944 3.776766 -0.671526
v 11.580141 3.962111 -0.605440
v 12.815664 3.815299 -0.657787
v 13.450910 3.734982 -0.703110
v 11.949072 3.918272 -0.621071
v 11.457018 3.986412 -0.367387
v 15.349401 3.149567 -0.117265
v 13.247131 4.319833 -0.232696
v 11.662157 4.377648 -0.265739
v 12.917618 4.331852 -0.239565
v 13.570127 4.338998 -0.216904
v 12.037041 4.363973 -0.257923
v 14.252821 4.379505 -0.183525
v 11.482828 4.117181 -0.234783
v 13.105743 3.603487 -0.232696
v 11.554330 3.831341 -0.265739
v 12.783207 3.650858 -0.239565
v 13.412699 3.541386 -0.216904
v 11.921277 3.777448 -0.257923
v 14.710282 3.278869 -0.150146
v 14.061491 3.410128 -0.183525
v 11.545008 4.252839 -0.250261
v 11.491095 3.979686 -0.250261
v 13.105743 3.603487 -0.502078
v 11.554330 3.831341 -0.469035
v 12.783207 3.650858 -0.495208
v 13.412699 3.541386 -0.517870
v 11.921276 3.777448 -0.476850
v 14.710281 3.278869 -0.584627
v 14.061491 3.410128 -0.551249
v 15.349401 3.149567 -0.617508
v 13.247131 4.319833 -0.502078
v 11.662157 4.377648 -0.469035
v 12.917618 4.331852 -0.495208
v 13.570127 4.338998 -0.517870
v 12.037041 4.363973 -0.476850
v 14.252821 4.379505 -0.551249
v 11.482828 4.117181 -0.503792
v 11.545008 4.252839 -0.486413
v 11.491095 3.979686 -0.486413
v 15.029842 3.214218 -0.834749
v 15.029842 3.214218 0.099976
v 15.029842 3.214218 -0.367387
v 15.089178 3.514847 0.130931
v 15.029842 3.214218 -0.133706
v 15.029842 3.214218 -0.601068
v 15.349401 3.149567 0.007796
v 13.244839 4.308218 -0.165350
v 11.656927 4.351152 -0.226436
v 12.915325 4.320238 -0.175655
v 13.567834 4.327383 -0.141662
v 12.034749 4.352358 -0.203192
v 14.250528 4.367891 -0.091594
v 11.544390 4.105031 -0.168482
v 11.588385 4.238244 -0.191698
v 11.535617 3.970898 -0.191698
v 13.105743 3.603487 -0.165350
v 11.556437 3.842021 -0.232903
v 12.783207 3.650858 -0.175655
v 13.412699 3.541386 -0.141662
v 11.921276 3.777448 -0.203192
v 14.710281 3.278869 -0.041526
v 14.061491 3.410128 -0.091594
v 15.029842 3.214218 -0.016865
v 3.686613 3.038853 -0.231782
v 5.813577 3.550566 -0.267520
v 3.763547 3.056958 -1.229196
v 5.860388 3.561582 -0.804133
v 5.651738 4.238268 -0.267520
v 5.698549 4.249284 -0.804133
v 7.353506 3.856357 -0.229378
v 7.381041 3.869668 -0.562474
v 7.242184 4.324362 -0.216497
v 7.274016 4.332244 -0.582404
v 6.134112 3.609581 -0.252141
v 6.178536 3.620035 -0.761385
v 5.980528 4.262208 -0.252141
v 6.024951 4.272662 -0.761385
v 5.507547 3.477020 -0.264015
v 5.559847 3.489327 -0.863545
v 5.379033 4.257659 -0.863545
v 5.326734 4.245352 -0.264015
v 6.990697 3.767288 -0.211043
v 6.859170 4.326183 -0.211043
v 7.028740 3.776241 -0.647148
v 6.897214 4.335136 -0.647148
v 4.289377 3.183885 -1.114694
v 4.213876 3.166117 -0.249200
v 4.860712 3.321568 -0.256608
v 4.924612 3.336606 -0.989119
v 4.703691 4.275363 -0.989119
v 3.508830 3.642378 -0.638936
v 5.785509 3.906855 -0.873371
v 5.727279 3.893151 -0.205855
v 7.335667 4.103660 -0.667752
v 7.288921 4.092659 -0.131882
v 6.107783 3.947770 -0.830623
v 6.051941 3.934628 -0.190476
v 5.411761 3.859920 -0.202351
v 5.475480 3.874915 -0.932782
v 6.969017 4.057110 -0.716386
v 6.919555 4.045470 -0.149379
v 4.164903 3.739896 -1.183931
v 4.820191 3.807405 -1.058357
v 4.744872 3.789681 -0.194944
v 3.620147 3.023212 -0.740150
v 5.836983 3.556074 -0.535826
v 5.664296 4.289871 -0.535826
v 7.373032 3.838586 -0.396030
v 7.240048 4.403672 -0.396030
v 5.991892 4.313531 -0.506763
v 6.156324 3.614808 -0.506763
v 5.342036 4.297602 -0.563780
v 5.533697 3.483173 -0.563780
v 6.867344 4.376756 -0.429096
v 7.009719 3.771765 -0.429096
v 4.251626 3.175000 -0.681947
v 4.892662 3.329087 -0.622863
v 4.660892 4.313940 -0.622863
v 7.476631 4.136833 -0.380870
v 5.742028 4.078069 -0.838752
v 7.302113 4.232696 -0.633133
v 6.066367 4.110216 -0.796004
v 5.427257 4.066288 -0.898164
v 6.933115 4.196123 -0.681767
v 3.488263 4.411348 -0.621344
v 4.761941 4.041384 -1.023738
v 7.664055 -0.692901 -0.964018
v 5.689508 4.065710 -0.236687
v 7.261076 4.223039 -0.162714
v 6.016234 4.098418 -0.221309
v 5.369248 4.052636 -0.233183
v 6.889362 4.185827 -0.180211
v 7.397678 4.279510 -0.384829
v 5.770428 3.721859 -0.236687
v 7.322145 3.963544 -0.162714
v 6.093027 3.772104 -0.221309
v 5.459654 3.668470 -0.233183
v 6.955126 3.906379 -0.180211
v 4.150512 3.414839 -0.209901
v 4.802792 3.555624 -0.225776
v 5.822948 3.734218 -0.838752
v 7.363181 3.973201 -0.633133
v 6.143160 3.783902 -0.796004
v 5.517663 3.682121 -0.898164
v 6.998878 3.916676 -0.681767
v 4.227140 3.461890 -1.149313
v 4.872401 3.572006 -1.023738
v 7.464170 3.996967 -0.384829
v 3.598415 3.018097 -0.491026
v 5.658017 4.264070 -0.401673
v 7.236640 4.378546 -0.294788
v 5.986210 4.287869 -0.379452
v 5.334384 4.271476 -0.413897
v 6.863257 4.351470 -0.320069
v 7.422115 4.124003 -0.252754
v 5.825280 3.553320 -0.401673
v 7.364200 3.836508 -0.294788
v 6.145218 3.612194 -0.379452
v 5.520623 3.480096 -0.413897
v 7.000208 3.769527 -0.320069
v 4.232751 3.170559 -0.465574
v 4.876687 3.325328 -0.439736
v 7.356539 4.257667 -0.271271
v 7.420318 3.986648 -0.271271
v 5.848685 3.558828 -0.669980
v 7.381863 3.840664 -0.497272
v 6.167430 3.617422 -0.634074
v 5.546772 3.486250 -0.713662
v 7.019229 3.774003 -0.538122
v 4.270501 3.179442 -0.898320
v 4.908637 3.332846 -0.805991
v 3.641879 3.028326 -0.989273
v 5.681423 4.269578 -0.669980
v 7.254303 4.382703 -0.497272
v 6.008422 4.293097 -0.634074
v 5.360535 4.277631 -0.713662
v 6.882279 4.355946 -0.538122
v 4.682292 4.294651 -0.805991
v 7.445488 4.129504 -0.520689
v 7.377057 4.262495 -0.506480
v 7.440836 3.991476 -0.506480
v 3.976494 3.108662 -1.176545
v 4.629565 4.329453 -0.393984
v 3.895279 3.089550 -0.245552
v 3.935887 3.099106 -0.711048
v 3.909318 3.407654 -1.211164
v 3.915583 3.094328 -0.478300
v 3.956190 3.103884 -0.943797
v 3.587550 3.015540 -0.366465
v 5.654878 4.251169 -0.334596
v 7.239412 4.351454 -0.255643
v 5.983369 4.275039 -0.315796
v 5.330559 4.258414 -0.338956
v 6.861214 4.338826 -0.265556
v 7.355518 4.108331 -0.192318
v 7.308808 4.240353 -0.216992
v 7.371232 3.975095 -0.216992
v 5.819428 3.551943 -0.334596
v 7.358853 3.846432 -0.262083
v 6.139666 3.610887 -0.315796
v 5.514085 3.478558 -0.338956
v 6.995452 3.768408 -0.265556
v 4.223313 3.168338 -0.357387
v 4.868699 3.323448 -0.348172
v 3.905431 3.091938 -0.361926
v 10.082905 3.083088 -0.274749
v 10.082905 0.993795 -0.728289
v 10.082905 2.702102 0.273498
v 10.082905 0.993795 -0.065343
v 9.592787 3.349401 -0.174817
v 9.592787 0.876523 -0.769250
v 9.592787 2.811382 0.373338
v 9.592787 0.876523 -0.032643
v 10.120057 2.106881 -0.783643
v 9.592787 1.897298 -0.028722
v 10.120057 1.918142 -0.094011
v 9.592787 2.126821 -0.855414
v 9.592787 0.744036 -0.286840
v 10.166061 2.986695 0.049425
v 9.592787 3.167288 0.145480
v 10.166061 0.895798 -0.362395
v 10.245226 2.013880 -0.429555
v 9.592787 2.013611 -0.423078
v 9.102669 3.083088 -0.274749
v 9.102670 0.993795 -0.728289
v 9.102669 2.702102 0.273498
v 9.102670 0.993795 -0.065343
v 9.065517 2.107664 -0.783649
v 9.065517 1.916663 -0.094879
v 9.019513 2.986695 0.049425
v 9.019513 0.895798 -0.362395
v 8.940348 2.013911 -0.430269
v 9.592787 0.690399 -0.106561
v 9.897219 0.896640 -0.762176
v 10.116986 1.377320 -0.769921
v 9.592787 2.345283 0.198431
v 10.116986 1.374791 -0.045932
v 9.592787 1.358926 -0.848160
v 9.897219 2.799203 0.359715
v 10.144711 2.849784 0.211063
v 9.897219 0.896640 -0.038187
v 9.592787 3.284737 -0.031918
v 9.897219 3.328469 -0.178805
v 10.144711 0.908257 -0.583947
v 10.116986 2.761588 -0.479929
v 9.592787 1.355891 0.017353
v 10.116986 2.371068 0.132386
v 9.592787 2.813354 -0.532935
v 9.889883 2.121359 -0.846547
v 10.217931 1.960169 -0.240875
v 9.592787 2.061336 -0.639088
v 9.889883 1.899311 -0.037212
v 9.592787 0.690399 -0.581742
v 10.144711 3.092504 -0.128756
v 9.592787 3.026889 0.310670
v 10.144711 0.908257 -0.169947
v 10.217931 2.066872 -0.626480
v 9.592787 1.994207 -0.197622
v 9.592787 1.362365 -0.476076
v 10.255852 1.372796 -0.384424
v 10.255852 2.577249 -0.166793
v 9.925208 0.772150 -0.288217
v 9.592787 2.615604 -0.207370
v 9.925208 3.143290 0.132715
v 9.288356 0.896640 -0.762176
v 9.068588 1.377320 -0.769921
v 9.068588 1.374791 -0.045932
v 9.288356 2.799203 0.359715
v 9.040862 2.849784 0.211063
v 9.288356 0.896640 -0.038187
v 9.288356 3.328469 -0.178805
v 9.040862 0.908257 -0.583947
v 9.068588 2.761588 -0.479929
v 9.068588 2.371068 0.132386
v 9.295691 2.123877 -0.846464
v 8.967643 1.960915 -0.240265
v 9.295691 1.899392 -0.037168
v 9.040862 3.092504 -0.128756
v 9.040862 0.908257 -0.169947
v 8.967643 2.067011 -0.626511
v 8.929723 1.372796 -0.384424
v 8.929723 2.577249 -0.166793
v 9.260366 0.772150 -0.288217
v 9.260366 3.143290 0.132715
v 9.916050 3.005047 0.297701
v 9.892123 2.347035 0.189368
v 9.592787 2.711543 -0.395822
v 9.916050 0.717757 -0.108510
v 10.228568 2.460762 0.009325
v 9.892123 2.805233 -0.527162
v 9.892123 1.363086 -0.838371
v 10.228568 1.371301 -0.182903
v 9.592787 1.346059 -0.614798
v 9.892123 1.360114 0.009409
v 9.592787 1.337316 -0.258864
v 10.228568 1.372755 -0.604065
v 10.228568 2.688701 -0.346467
v 9.916050 0.717756 -0.581304
v 9.592787 2.515219 -0.019679
v 9.916050 3.260286 -0.043571
v 9.269525 3.005047 0.297701
v 9.293451 2.347035 0.189368
v 9.269525 0.717756 -0.108510
v 8.957006 2.460762 0.009325
v 9.293451 2.805233 -0.527163
v 9.293451 1.363086 -0.838371
v 8.957006 1.371301 -0.182903
v 9.293451 1.360114 0.009409
v 8.957006 1.372755 -0.604065
v 8.957006 2.688701 -0.346467
v 9.269525 0.717756 -0.581304
v 9.269525 3.260286 -0.043571
v 9.605503 6.179953 2.683097
v 9.605503 6.292051 2.113453
v 9.605503 6.178023 1.740305
v 9.605503 5.929879 1.439199
v 9.605503 5.766660 1.330622
v 9.605503 5.585395 1.255973
v 9.605503 5.197016 1.218523
v 9.605503 4.414185 1.743914
v 9.643563 6.252841 2.505141
v 9.680161 6.288999 2.315978
v 9.713890 6.287038 2.122877
v 9.743453 6.247033 1.933259
v 9.767715 6.170521 1.754411
v 9.785743 6.060444 1.593205
v 9.796844 5.921030 1.455837
v 9.800593 5.757638 1.347586
v 9.796845 5.576545 1.272611
v 9.785743 5.384713 1.233795
v 9.767715 5.189514 1.232629
v 9.743453 4.998446 1.269157
v 9.713890 4.818856 1.341975
v 9.680161 4.657642 1.448286
v 9.643563 4.521002 1.584004
v 9.680161 6.247627 2.514943
v 9.751950 6.278773 2.335205
v 9.818110 6.272192 2.150790
v 9.876101 6.228137 1.968785
v 9.923693 6.148302 1.796185
v 9.959057 6.035755 1.639622
v 9.980834 5.894821 1.505113
v 9.988187 5.730915 1.397827
v 9.980834 5.550336 1.321887
v 9.959057 5.360025 1.280212
v 9.923693 5.167295 1.274403
v 9.876101 4.979551 1.304682
v 9.818110 4.804009 1.369888
v 9.751950 4.647416 1.467513
v 9.680161 4.515789 1.593806
v 9.713890 6.239161 2.530860
v 9.818110 6.262167 2.366427
v 9.914162 6.248083 2.196117
v 9.998351 6.197452 2.026476
v 10.067443 6.112221 1.864022
v 10.118783 5.995664 1.714999
v 10.150398 5.852260 1.585133
v 10.161074 5.687520 1.479415
v 10.150398 5.507775 1.401907
v 10.118783 5.319933 1.355589
v 10.067443 5.131213 1.342240
v 9.998351 4.948866 1.362373
v 9.914162 4.779901 1.415216
v 9.818110 4.630810 1.498735
v 9.713890 4.507323 1.609723
v 9.743453 6.227768 2.552280
v 9.876101 6.239818 2.408445
v 9.998351 6.215638 2.257118
v 10.105503 6.156157 2.104115
v 10.193441 6.063663 1.955316
v 10.258784 5.941710 1.816439
v 10.299024 5.794981 1.692821
v 10.312610 5.629120 1.589212
v 10.299024 5.450498 1.509596
v 10.258784 5.265979 1.457029
v 10.193441 5.082655 1.433534
v 10.105503 4.907571 1.440012
v 9.998351 4.747456 1.476216
v 9.876101 4.608461 1.540753
v 9.743453 4.495930 1.631144
v 9.767715 6.213886 2.578382
v 9.923693 6.212586 2.459644
v 10.067443 6.176103 2.331447
v 10.193441 6.105839 2.198718
v 10.296844 6.004496 2.066557
v 10.373681 5.875966 1.940044
v 10.420997 5.725189 1.824039
v 10.436973 5.557960 1.723002
v 10.420997 5.380705 1.640814
v 10.373681 5.200235 1.580634
v 10.296844 5.023488 1.544775
v 10.193441 4.857254 1.534615
v 10.067443 4.707921 1.550545
v 9.923693 4.581229 1.591952
v 9.767715 4.482047 1.657244
v 9.785743 6.198047 2.608160
v 9.959057 6.181518 2.518056
v 10.118783 6.130998 2.416249
v 10.258785 6.048432 2.306650
v 10.373681 5.936992 2.193472
v 10.459057 5.800960 2.081064
v 10.511631 5.645563 1.973745
v 10.529383 5.476773 1.875640
v 10.511631 5.301078 1.790519
v 10.459057 5.125229 1.721653
v 10.373681 4.955984 1.671690
v 10.258785 4.799846 1.642547
v 10.118783 4.662817 1.635347
v 9.959057 4.550160 1.650364
v 9.785744 4.466208 1.687023
v 9.796844 6.180861 2.640471
v 9.980833 6.147806 2.581437
v 10.150398 6.082057 2.508264
v 10.299024 5.986141 2.423763
v 10.420997 5.863746 2.331182
v 10.511631 5.719573 2.234079
v 10.567443 5.559163 2.136186
v 10.586288 5.388681 2.041264
v 10.567443 5.214679 1.952960
v 10.511631 5.043843 1.874669
v 10.420997 4.882738 1.809401
v 10.299024 4.737556 1.759660
v 10.150398 4.613875 1.727362
v 9.980834 4.516449 1.713745
v 9.796845 4.449022 1.719334
v 9.800593 6.162988 2.674074
v 9.988187 6.112747 2.647352
v 10.161074 6.031160 2.603956
v 10.312610 5.921361 2.545557
v 10.436973 5.787572 2.474396
v 10.529383 5.634934 2.393210
v 10.586288 5.469311 2.305118
v 10.605503 5.297068 2.213505
v 10.586288 5.124827 2.121892
v 10.529383 4.959204 2.033800
v 10.436973 4.806565 1.952615
v 10.312610 4.672775 1.881454
v 10.161074 4.562978 1.823054
v 9.988187 4.481390 1.779659
v 9.800593 4.431149 1.752937
v 9.796844 6.145115 2.707677
v 9.980833 6.077688 2.713265
v 10.150398 5.980263 2.699649
v 10.299024 5.856582 2.667350
v 10.420997 5.711399 2.617610
v 10.511631 5.550295 2.552342
v 10.567443 5.379458 2.474051
v 10.586288 5.205456 2.385748
v 10.567443 5.034974 2.290825
v 10.511631 4.874565 2.192931
v 10.420997 4.730392 2.095829
v 10.299024 4.607996 2.003247
v 10.150398 4.512080 1.918747
v 9.980834 4.446332 1.845573
v 9.796845 4.413277 1.786540
v 9.785743 6.127930 2.739988
v 9.959057 6.043977 2.776647
v 10.118783 5.931321 2.791664
v 10.258784 5.794291 2.784464
v 10.373681 5.638153 2.755321
v 10.459057 5.468908 2.705357
v 10.511631 5.293059 2.636491
v 10.529383 5.117364 2.551370
v 9.757235 4.739057 3.510821
v 9.747738 4.593556 3.449039
v 10.370918 4.655551 2.243264
v 10.258784 4.545705 2.120360
v 10.118783 4.463139 2.010762
v 9.959057 4.412621 1.908955
v 9.785743 4.396091 1.818851
v 9.767715 6.112091 2.769767
v 9.923693 6.012908 2.835059
v 10.067443 5.886217 2.876466
v 10.193441 5.736884 2.892395
v 10.296844 5.570650 2.882235
v 10.373681 5.393902 2.846377
v 10.420997 5.213433 2.786197
v 10.436973 5.036178 2.704010
v 9.626918 4.709188 3.589869
v 9.624982 4.565419 3.523500
v 9.608820 4.436058 3.433599
v 10.182055 4.481548 2.266633
v 10.066802 4.417059 2.099389
v 9.923690 4.381485 1.967554
v 9.767715 4.380252 1.848629
v 9.743453 6.098208 2.795867
v 9.876101 5.985676 2.886258
v 9.998350 5.846682 2.950795
v 10.105503 5.686566 2.986999
v 10.193440 5.511482 2.993477
v 10.258784 5.328159 2.969982
v 10.299023 5.143640 2.917416
v 10.312610 4.965017 2.837799
v 9.483040 4.682275 3.641818
v 9.489452 4.540068 3.572435
v 9.486847 4.413243 3.477638
v 9.475324 4.306672 3.361071
v 9.992191 4.372723 2.194809
v 9.876014 4.353875 2.019859
v 9.743453 4.366369 1.874731
v 9.713889 6.086814 2.817288
v 9.818110 5.963328 2.928276
v 9.914162 5.814237 3.011796
v 9.998351 5.645271 3.064638
v 10.067443 5.462924 3.084771
v 10.118783 5.274204 3.071422
v 10.150398 5.086362 3.025104
v 10.161073 4.906618 2.947596
v 9.331133 4.659355 3.664670
v 9.346359 4.518478 3.593960
v 9.358067 4.393813 3.497010
v 9.365805 4.290148 3.377546
v 9.369277 4.211468 3.240159
v 9.817528 4.330148 2.065910
v 9.713900 4.354939 1.896226
v 9.680161 6.078349 2.833205
v 9.751950 5.946722 2.959498
v 9.818110 5.790129 3.057123
v 9.876101 5.614586 3.122328
v 9.923693 5.426843 3.152608
v 9.959057 5.234112 3.146799
v 9.980833 5.043801 3.105123
v 9.988186 4.863223 3.029183
v 9.165865 4.730605 3.672879
v 9.201200 4.501478 3.587250
v 9.227426 4.378512 3.490971
v 9.254704 4.277136 3.372411
v 9.281986 4.201245 3.236123
v 9.320796 4.151830 3.078083
v 9.378497 4.133554 2.890898
v 9.643563 6.073136 2.843006
v 9.680161 5.936495 2.978724
v 9.713889 5.775282 3.085035
v 9.743453 5.595691 3.157854
v 9.767715 5.404624 3.194382
v 9.785744 5.209424 3.193216
v 9.796844 5.017592 3.154399
v 9.800593 4.836500 3.079424
v 9.015493 4.718124 3.636053
v 9.059552 4.489721 3.552561
v 9.099947 4.367931 3.459753
v 9.146292 4.268137 3.345861
v 9.196807 4.194176 3.215264
v 9.265876 4.146255 3.062142
v 9.344488 4.131117 2.889167
v 9.605503 6.071375 2.846316
v 9.605503 5.933042 2.985216
v 9.605503 5.770269 3.094460
v 9.605503 5.589310 3.169849
v 9.605503 5.397121 3.208487
v 9.605503 5.201088 3.208889
v 9.605503 5.008742 3.171037
v 9.605503 4.827477 3.096389
v 8.874630 4.711689 3.570942
v 8.926862 4.483659 3.491228
v 8.980529 4.362476 3.404554
v 9.044735 4.263498 3.298919
v 9.117014 4.190530 3.178381
v 9.204094 4.144817 3.041890
v 9.314336 4.129945 2.879613
v 9.567443 6.073136 2.843006
v 9.530846 5.936495 2.978724
v 9.497117 5.775282 3.085035
v 9.467553 5.595691 3.157854
v 9.443292 5.404624 3.194382
v 9.425263 5.209424 3.193216
v 9.414162 5.017592 3.154399
v 9.410413 4.836501 3.079424
v 8.748687 4.711546 3.480047
v 8.808227 4.483525 3.405607
v 8.873759 4.362356 3.327497
v 8.953936 4.263396 3.233387
v 9.045673 4.190450 3.126893
v 9.150457 4.145512 3.009407
v 9.289853 4.130008 2.862426
v 9.530846 6.078349 2.833204
v 9.459057 5.946722 2.959498
v 9.392896 5.790128 3.057123
v 9.334906 5.614586 3.122328
v 9.287313 5.426843 3.152608
v 9.251950 5.234112 3.146799
v 9.230173 5.043801 3.105123
v 9.222820 4.863223 3.029183
v 8.642506 4.717703 3.366862
v 8.708205 4.489325 3.298989
v 8.783743 4.367575 3.231543
v 8.877382 4.267835 3.151784
v 8.985526 4.193937 3.062778
v 9.110846 4.147677 2.964616
v 9.270678 4.131426 2.839505
v 9.497117 6.086814 2.817288
v 9.392896 5.963328 2.928276
v 9.296845 5.814237 3.011796
v 9.212656 5.645271 3.064637
v 9.143563 5.462924 3.084771
v 9.092223 5.274204 3.071422
v 9.060608 5.086362 3.025104
v 9.049933 4.906618 2.947596
v 8.571332 4.640625 3.220402
v 8.630642 4.500834 3.175470
v 8.713939 4.377934 3.120379
v 8.818019 4.276644 3.057247
v 8.938885 4.200859 2.988501
v 9.392896 4.331971 2.060584
v 9.497117 4.354976 1.896151
v 9.467554 6.098208 2.795867
v 9.334906 5.985676 2.886258
v 9.212656 5.846683 2.950795
v 9.105503 5.686566 2.986999
v 9.017566 5.511482 2.993477
v 8.952222 5.328158 2.969982
v 8.911983 5.143640 2.917415
v 8.898396 4.965018 2.837798
v 8.515998 4.658436 3.076373
v 8.578519 4.517612 3.039797
v 8.667028 4.393033 2.998277
v 8.778125 4.289485 2.953409
v 9.212584 4.377640 2.170447
v 9.334906 4.354320 2.018566
v 9.467554 4.366370 1.874730
v 9.443292 6.112091 2.769766
v 9.287313 6.012908 2.835059
v 9.143563 5.886217 2.876466
v 9.017566 5.736884 2.892395
v 8.914162 5.570650 2.882235
v 8.837326 5.393902 2.846377
v 8.790010 5.213433 2.786196
v 8.774035 5.036178 2.704009
v 8.489796 4.681155 2.924977
v 8.553837 4.539014 2.897185
v 8.644815 4.412294 2.869930
v 9.017572 4.487165 2.227787
v 9.143563 4.418035 2.095563
v 9.287313 4.381552 1.967367
v 9.443292 4.380252 1.848629
v 9.425263 6.127930 2.739988
v 9.251950 6.043977 2.776646
v 9.092224 5.931321 2.791664
v 8.952222 5.794291 2.784463
v 8.837326 5.638153 2.755320
v 8.751950 5.468908 2.705357
v 8.699376 5.293059 2.636491
v 8.681624 5.117364 2.551370
v 8.493732 4.707910 2.772032
v 8.557545 4.564216 2.753114
v 8.837326 4.657146 2.233539
v 8.952222 4.545705 2.120360
v 9.092224 4.463139 2.010762
v 9.251950 4.412621 1.908955
v 9.425263 4.396091 1.818851
v 9.414162 6.145115 2.707677
v 9.230173 6.077688 2.713265
v 9.060609 5.980263 2.699649
v 8.911983 5.856582 2.667350
v 8.790010 5.711399 2.617610
v 8.699376 5.550294 2.552341
v 8.643564 5.379458 2.474050
v 8.624719 5.205456 2.385747
v 8.643564 5.034975 2.290824
v 8.699376 4.874565 2.192931
v 8.790010 4.730392 2.095828
v 8.911983 4.607996 2.003247
v 9.060609 4.512081 1.918747
v 9.230173 4.446332 1.845573
v 9.414162 4.413277 1.786540
v 9.410413 6.162988 2.674074
v 9.222820 6.112747 2.647351
v 9.049933 6.031160 2.603956
v 8.898396 5.921361 2.545557
v 8.774035 5.787573 2.474396
v 8.681624 5.634934 2.393210
v 8.624719 5.469311 2.305118
v 8.605504 5.297069 2.213505
v 8.624719 5.124827 2.121892
v 8.681624 4.959204 2.033800
v 8.774035 4.806565 1.952614
v 8.898396 4.672775 1.881454
v 9.049933 4.562978 1.823054
v 9.222820 4.481390 1.779659
v 9.410413 4.431149 1.752937
v 9.414162 6.180861 2.640471
v 9.230173 6.147806 2.581437
v 9.060609 6.082057 2.508264
v 8.911983 5.986141 2.423763
v 8.790010 5.863746 2.331182
v 8.699376 5.719573 2.234079
v 8.643564 5.559163 2.136185
v 8.624719 5.388682 2.041263
v 8.643564 5.214679 1.952960
v 8.699376 5.043843 1.874669
v 8.790010 4.882738 1.809400
v 8.911983 4.737556 1.759660
v 9.060609 4.613875 1.727362
v 9.230173 4.516449 1.713745
v 9.414162 4.449022 1.719334
v 9.425263 6.198047 2.608160
v 9.251950 6.181518 2.518056
v 9.092224 6.130998 2.416249
v 8.952222 6.048432 2.306650
v 8.837326 5.936992 2.193472
v 8.751950 5.800960 2.081064
v 8.699376 5.645563 1.973745
v 8.681624 5.476774 1.875640
v 8.699376 5.301078 1.790519
v 8.751950 5.125229 1.721654
v 8.837326 4.955984 1.671690
v 8.952222 4.799846 1.642547
v 9.092224 4.662817 1.635346
v 9.251950 4.550160 1.650364
v 9.425263 4.466208 1.687023
v 9.443292 6.213886 2.578382
v 9.287313 6.212586 2.459644
v 9.143564 6.176103 2.331447
v 9.017566 6.105839 2.198718
v 8.914162 6.004496 2.066557
v 8.837326 5.875966 1.940044
v 8.790010 5.725189 1.824039
v 8.774035 5.557960 1.723002
v 8.790010 5.380705 1.640814
v 8.837326 5.200235 1.580633
v 8.914162 5.023488 1.544776
v 9.017566 4.857254 1.534615
v 9.143564 4.707921 1.550545
v 9.287313 4.581229 1.591951
v 9.443292 4.482047 1.657244
v 9.467554 6.227768 2.552280
v 9.334906 6.239817 2.408445
v 9.212656 6.215638 2.257118
v 9.105503 6.156157 2.104115
v 9.017566 6.063663 1.955315
v 8.952222 5.941710 1.816439
v 8.911983 5.794981 1.692821
v 8.898397 5.629120 1.589212
v 8.911983 5.450498 1.509595
v 8.952222 5.265979 1.457029
v 9.017566 5.082655 1.433534
v 9.105503 4.907571 1.440012
v 9.212656 4.747456 1.476216
v 9.334906 4.608461 1.540753
v 9.467554 4.495930 1.631144
v 9.497117 6.239161 2.530860
v 9.392896 6.262167 2.366427
v 9.296845 6.248083 2.196118
v 9.212656 6.197452 2.026476
v 9.143564 6.112221 1.864022
v 9.092223 5.995664 1.714999
v 9.060609 5.852260 1.585133
v 9.049934 5.687519 1.479415
v 9.060609 5.507775 1.401907
v 9.092223 5.319933 1.355589
v 9.143564 5.131213 1.342240
v 9.212656 4.948866 1.362373
v 9.296845 4.779901 1.415215
v 9.392896 4.630810 1.498735
v 9.497117 4.507323 1.609723
v 9.530846 6.247627 2.514943
v 9.459057 6.278772 2.335205
v 9.392896 6.272192 2.150790
v 9.334906 6.228137 1.968785
v 9.287314 6.148302 1.796185
v 9.251950 6.035755 1.639622
v 9.230173 5.894820 1.505113
v 9.222820 5.730914 1.397828
v 9.230173 5.550336 1.321887
v 9.251950 5.360025 1.280212
v 9.287314 5.167295 1.274403
v 9.334906 4.979551 1.304682
v 9.392896 4.804009 1.369888
v 9.459057 4.647416 1.467513
v 9.530846 4.515789 1.593807
v 9.567443 6.252841 2.505141
v 9.530846 6.288998 2.315979
v 9.497117 6.287038 2.122878
v 9.467554 6.247033 1.933259
v 9.443292 6.170520 1.754411
v 9.425263 6.060443 1.593205
v 9.414162 5.921029 1.455838
v 9.410414 5.757637 1.347587
v 9.414162 5.576545 1.272612
v 9.425263 5.384713 1.233796
v 9.443292 5.189514 1.232629
v 9.467554 4.998446 1.269157
v 9.497117 4.818856 1.341976
v 9.530846 4.657642 1.448287
v 9.567443 4.521002 1.584005
v 9.605503 6.254601 2.501832
v 9.605503 6.292452 2.309486
v 9.605503 6.253413 1.921264
v 9.605503 6.068780 1.577533
v 9.605503 5.393049 1.218123
v 9.605503 5.004827 1.257161
v 9.605503 4.823868 1.332551
v 9.605503 4.661095 1.441795
v 9.605503 4.522762 1.580695
v 9.605503 5.606781 1.264781
v 9.797287 5.597911 1.281457
v 9.981701 5.571641 1.330847
v 10.151658 5.528982 1.411052
v 10.300627 5.471572 1.518989
v 10.422881 5.401618 1.650511
v 10.513725 5.321807 1.800562
v 10.569667 5.235209 1.963378
v 10.588555 5.145148 2.132701
v 10.569667 5.055088 2.302024
v 10.513725 4.968489 2.464840
v 10.242463 4.889296 2.880217
v 10.088359 4.839319 2.976739
v 9.923845 4.796795 3.036374
v 9.740470 4.765329 3.070380
v 9.546541 4.746658 3.071646
v 9.351689 4.741119 3.035933
v 9.191121 4.742355 2.964050
v 9.040504 4.757327 2.865475
v 8.911171 4.784422 2.743046
v 8.807478 4.822941 2.601052
v 8.728424 4.870156 2.429754
v 8.697282 4.968489 2.464840
v 8.641340 5.055088 2.302024
v 8.622452 5.145148 2.132701
v 8.641340 5.235209 1.963378
v 8.697282 5.321807 1.800562
v 8.788126 5.401618 1.650511
v 8.910381 5.471572 1.518989
v 9.059349 5.528982 1.411052
v 9.229306 5.571641 1.330847
v 9.413720 5.597911 1.281458
v 9.605503 5.595710 1.260221
v 9.797058 5.586851 1.276878
v 9.981252 5.560612 1.326209
v 10.151006 5.518003 1.406318
v 10.299796 5.460662 1.514126
v 10.421906 5.390791 1.645491
v 10.512641 5.311077 1.795363
v 10.568516 5.224581 1.957985
v 10.587382 5.134628 2.127106
v 10.568516 5.044675 2.296227
v 10.169241 4.808891 3.069130
v 9.973482 4.773852 3.244832
v 9.706203 4.762596 3.401884
v 9.582028 4.724816 3.405810
v 9.360754 4.717094 3.426121
v 9.180712 4.706580 3.389724
v 9.284700 4.703732 3.115769
v 8.883623 4.699022 3.215677
v 8.773745 4.703281 3.091425
v 8.694410 4.713424 2.952276
v 8.621439 4.736860 2.789531
v 8.687322 4.743652 2.723794
v 8.677733 4.787474 2.595467
v 8.642491 5.044676 2.296227
v 8.623625 5.134628 2.127105
v 8.642491 5.224581 1.957985
v 8.698366 5.311077 1.795363
v 8.789102 5.390791 1.645490
v 8.911211 5.460662 1.514126
v 9.060001 5.518003 1.406318
v 9.229755 5.560612 1.326209
v 9.413949 5.586850 1.276879
v 9.605503 5.591984 1.258686
v 9.796981 5.583128 1.275337
v 9.981101 5.556900 1.324648
v 10.150786 5.514309 1.404725
v 10.299517 5.456991 1.512489
v 10.421577 5.387148 1.643801
v 10.512276 5.307465 1.793614
v 10.568129 5.221004 1.956170
v 10.586987 5.131088 2.125223
v 10.568129 5.041171 2.294276
v 10.064349 4.770529 3.204584
v 9.771444 4.764471 3.438737
v 9.617068 4.735459 3.494703
v 9.452117 4.711289 3.520358
v 9.286513 4.691923 3.512740
v 9.124988 4.678516 3.473183
v 8.965300 4.738577 3.414742
v 8.838390 4.671451 3.305605
v 8.724332 4.678064 3.184023
v 8.635883 4.691190 3.043170
v 8.576577 4.710283 2.888532
v 8.550153 4.734254 2.727367
v 8.660231 4.743742 2.692458
v 8.642879 5.041171 2.294275
v 8.624020 5.131088 2.125222
v 8.642879 5.221004 1.956170
v 8.698731 5.307465 1.793613
v 8.789430 5.387148 1.643801
v 8.911490 5.456991 1.512489
v 9.060221 5.514309 1.404724
v 9.229906 5.556900 1.324648
v 9.414025 5.583128 1.275337
v 9.605503 5.588689 1.257330
v 9.796913 5.579836 1.273974
v 9.980968 5.553618 1.323268
v 10.150593 5.511042 1.403316
v 10.299271 5.453744 1.511042
v 10.421287 5.383926 1.642307
v 10.511953 5.304272 1.792067
v 10.567785 5.217842 1.954565
v 10.586637 5.127957 2.123558
v 10.567785 5.038073 2.292551
v 9.844817 4.765648 3.423309
v 9.698344 4.737013 3.514957
v 9.549130 4.709103 3.568832
v 9.391589 4.685332 3.592531
v 9.226987 4.704886 3.591714
v 9.065853 4.733401 3.560642
v 8.919765 4.726728 3.493116
v 8.789151 4.726581 3.398850
v 8.689002 4.653235 3.267776
v 8.603608 4.665907 3.131786
v 8.546221 4.684379 2.982415
v 8.519047 4.707941 2.825404
v 8.541598 4.731255 2.684649
v 8.643221 5.038073 2.292550
v 8.624370 5.127957 2.123557
v 8.643222 5.217842 1.954565
v 8.699054 5.304272 1.792067
v 8.789721 5.383926 1.642307
v 8.911737 5.453744 1.511042
v 9.060414 5.511042 1.403316
v 9.230040 5.553618 1.323268
v 9.414094 5.579836 1.273975
v 9.244672 -2.269259 5.619699
v 9.676814 0.546569 2.746030
v 9.389418 -3.194866 4.664902
v 9.789341 -0.171217 2.003760
v 10.930618 -2.269259 5.875284
v 10.417844 0.546569 2.858369
v 11.075363 -3.194866 4.920487
v 10.530371 -0.171217 2.116098
v 9.462690 -0.847788 4.170017
v 9.591260 -1.669951 3.321925
v 10.804748 -1.669951 3.505887
v 10.676178 -0.847788 4.353979
v 10.248306 -3.296646 4.687704
v 10.173328 -0.257375 1.971054
v 10.071729 -2.167479 5.852482
v 10.034970 0.625600 2.883723
v 10.055297 -0.757383 4.355255
v 10.212141 -1.760357 3.320649
v 10.355537 -0.237879 2.019249
v 10.497142 -2.192587 5.890479
v 10.512025 -1.738055 3.389645
v 10.665867 -3.271539 4.777501
v 10.223276 0.606104 2.891697
v 10.362157 -0.779683 4.378240
v 9.822893 -3.271539 4.649708
v 9.852761 0.606104 2.835528
v 9.755413 -0.779685 4.286259
v 9.985023 -0.237880 1.963080
v 9.654169 -2.192587 5.762686
v 9.905281 -1.738055 3.297664
v 9.317045 -2.732063 5.142301
v 9.736906 0.214324 2.349642
v 11.113795 -2.732063 5.414684
v 10.588741 0.214324 2.478778
v 10.851268 -1.258870 3.946731
v 9.526976 -1.258870 3.745972
v 10.107421 0.214324 2.405811
v 10.160018 -2.732063 5.270093
v 10.292678 0.214324 2.433895
v 10.581504 -2.732063 5.333989
v 9.738531 -2.732063 5.206197
v 9.922163 0.214324 2.377726
v 9.765003 0.034644 2.164295
v 11.107796 -2.963464 5.169589
v 9.559117 -1.464410 3.533947
v 9.353231 -2.963464 4.903601
v 10.574653 0.034644 2.287036
v 10.841224 -1.464410 3.728312
v 10.141698 -0.004872 2.179702
v 10.204162 -3.014354 4.978899
v 10.325431 0.004876 2.217843
v 10.623685 -3.001801 5.055745
v 9.780712 -3.001801 4.927952
v 9.954916 0.004876 2.161673
v 9.280859 -2.500661 5.381000
v 10.518456 0.394003 2.657729
v 10.776939 -1.053329 4.152358
v 10.073143 0.433519 2.631919
v 10.115873 -2.449771 5.561287
v 10.259925 0.423771 2.649948
v 10.539323 -2.462324 5.612234
v 9.696350 -2.462324 5.484441
v 9.889410 0.423771 2.593779
v 9.708808 0.394003 2.534988
v 11.035423 -2.500661 5.646987
v 9.494833 -1.053330 3.957994
v 9.171654 -3.578130 -5.139635
v 9.245675 0.467396 -3.876388
v 9.806741 -3.014635 -6.173306
v 9.738810 0.613521 -4.778780
v 7.670887 -3.190629 -5.850463
v 8.586037 0.523780 -4.227734
v 8.305973 -2.627135 -6.884134
v 9.079172 0.669904 -5.130125
v 9.208664 -1.639165 -4.175243
v 9.772775 -1.302878 -5.149638
v 8.692573 -1.109693 -5.690682
v 8.128462 -1.454177 -4.719280
v 9.126191 -2.758922 -6.642384
v 9.468106 0.659076 -5.062653
v 8.351436 -3.446342 -5.381386
v 8.861630 0.479661 -3.952812
v 8.606533 -1.585119 -4.340609
v 9.294703 -1.169944 -5.527477
v 9.289820 0.669243 -5.126005
v 7.993471 -3.334182 -5.587132
v 9.009351 -1.130424 -5.636207
v 8.733772 -2.677332 -6.792051
v 8.710097 0.497685 -4.065130
v 8.351784 -1.529921 -4.503127
v 9.484156 -2.871082 -6.436637
v 9.039916 0.469494 -3.889458
v 8.891886 -1.621241 -4.230674
v 9.619639 0.641052 -4.950333
v 8.743855 -3.527932 -5.231718
v 9.549453 -1.227198 -5.365739
v 9.489197 -3.296382 -5.656471
v 9.492242 0.576905 -4.321735
v 7.889795 -2.883414 -6.414016
v 8.733970 0.641719 -4.725617
v 8.311882 -1.263903 -5.254249
v 9.490720 -1.471506 -4.662488
v 9.162423 0.605096 -4.497407
v 8.738813 -3.102632 -6.011884
v 8.997514 0.619192 -4.585244
v 8.363622 -3.005757 -6.189592
v 9.114005 -3.199507 -5.834177
v 9.327332 0.591001 -4.409572
v 9.615526 0.613117 -4.547384
v 8.086120 -2.752237 -6.654647
v 9.631747 -1.388060 -4.906320
v 9.647969 -3.155509 -5.914888
v 8.894806 0.674721 -4.931265
v 8.490463 -1.184456 -5.478281
v 9.312819 0.649272 -4.772683
v 8.932503 -2.930777 -6.327134
v 9.141222 0.661403 -4.848277
v 8.548697 -2.841544 -6.490821
v 9.299081 -3.035295 -6.135407
v 9.471041 0.633212 -4.672604
v 9.330425 -3.437256 -5.398053
v 8.648238 0.602297 -4.479966
v 8.208407 -1.356931 -4.992647
v 9.012027 0.560921 -4.222134
v 8.545125 -3.274487 -5.696635
v 8.853806 0.576981 -4.322212
v 8.178547 -3.169970 -5.888362
v 8.928930 -3.363719 -5.532948
v 9.183624 0.548789 -4.146539
v 9.368958 0.540693 -4.096086
v 7.768576 -3.033984 -6.137812
v 9.349692 -1.555014 -4.418745
v 9.571700 -0.137052 3.445175
v 9.692181 -0.907494 2.650436
v 10.669439 -0.907494 2.798587
v 10.548959 -0.137052 3.593326
v 10.047081 -0.052333 3.606641
v 10.194615 -0.995776 2.633446
v 10.294664 -0.073232 3.622120
v 10.435662 -0.974877 2.692041
v 9.947033 -0.974877 2.617966
v 9.806035 -0.073232 3.548045
v 10.720005 -0.522272 3.212754
v 9.631941 -0.522272 3.047806
v 10.707938 -0.714883 3.007674
v 9.662061 -0.714883 2.849121
v 9.601820 -0.329663 3.246491
v 10.647697 -0.329662 3.405043
v 9.490338 -2.432408 3.993414
v 10.940055 -2.432408 4.213188
v 10.803398 -1.558523 5.114631
v 9.353682 -1.558523 4.894858
v 10.230224 -2.528501 4.004177
v 10.063513 -1.462430 5.103868
v 10.429649 -1.486135 5.134359
v 10.588945 -2.504797 4.083573
v 9.864087 -2.504797 3.973686
v 9.704791 -1.486135 5.024472
v 9.422009 -1.995466 4.444136
v 10.982532 -1.995466 4.680707
v 10.974509 -2.213937 4.448951
v 9.456174 -2.213937 4.218775
v 9.387846 -1.776995 4.669497
v 10.906181 -1.776995 4.899673
v 9.641720 -1.288724 2.986181
v 10.737093 -1.288723 3.152237
v 10.612569 -0.492421 3.973652
v 10.051189 -0.404858 3.980948
v 10.203378 -1.378067 2.977048
v 10.328410 -0.426459 4.000181
v 10.473844 -1.356467 3.040843
v 9.926157 -1.356467 2.957816
v 9.780724 -0.426459 3.917152
v 10.785636 -0.890572 3.579743
v 9.579457 -0.890572 3.396889
v 10.774581 -1.089647 3.367993
v 9.610589 -1.089648 3.191535
v 9.548326 -0.691496 3.602243
v 10.712318 -0.691496 3.778701
v 9.517196 -0.492421 3.807596
v 9.408186 -1.203156 4.532437
v 9.540799 -2.051180 3.657670
v 10.872401 -2.051180 3.859538
v 10.739788 -1.203156 4.734305
v 10.221182 -2.144430 3.662413
v 10.059405 -1.109906 4.729562
v 10.395903 -1.132909 4.756300
v 10.550486 -2.121427 3.736609
v 9.884685 -2.121427 3.635675
v 9.730102 -1.132910 4.655366
v 9.474493 -1.627168 4.095054
v 10.916901 -1.627168 4.313719
v 10.907866 -1.839174 4.088632
v 9.507646 -1.839174 3.876362
v 9.441339 -1.415162 4.313746
v 10.841560 -1.415162 4.526017
v 9.626204 0.218316 3.082755
v 9.742641 -0.526264 2.314692
v 10.601786 -0.526264 2.444937
v 10.485350 0.218316 3.212999
v 10.042974 0.300191 3.232334
v 10.185853 -0.613485 2.289844
v 10.260918 0.279993 3.244061
v 10.397480 -0.593288 2.343240
v 9.967908 -0.593288 2.278118
v 9.831346 0.279993 3.178938
v 10.654372 -0.153974 2.845766
v 9.684423 -0.153974 2.698724
v 10.641295 -0.340120 2.647355
v 9.713532 -0.340120 2.506708
v 9.655313 0.032171 2.890739
v 10.583076 0.032171 3.031386
v 9.439878 -2.813637 4.329158
v 11.007709 -2.813637 4.566838
v 10.867008 -1.913891 5.494958
v 10.239265 -2.912574 4.345941
v 10.067621 -1.814954 5.478176
v 10.463395 -1.839361 5.512419
v 10.627406 -2.888168 4.430537
v 9.843491 -2.888168 4.311697
v 9.679480 -1.839361 5.393579
v 9.369528 -2.363764 4.793219
v 11.048163 -2.363764 5.047696
v 11.041153 -2.588701 4.809270
v 9.404702 -2.588701 4.561189
v 9.334352 -2.138828 5.025249
v 10.970802 -2.138828 5.273330
v 9.299177 -1.913891 5.257278
v 9.227169 -0.508083 -4.000034
v 9.755793 -0.352811 -4.967584
v 8.885872 -0.278453 -5.430933
v 8.357249 -0.433724 -4.463383
v 8.734081 -0.487977 -4.125316
v 9.381405 -0.297840 -5.310126
v 8.530941 -0.465176 -4.267399
v 9.149586 -0.283463 -5.399719
v 9.584546 -0.320642 -5.168043
v 8.965900 -0.502355 -4.035724
v 8.522926 -0.347658 -4.999694
v 9.491481 -0.430447 -4.483809
v 8.692635 -0.312050 -5.221581
v 9.623636 -0.391629 -4.725697
v 9.359325 -0.469265 -4.241921
v 8.428323 -0.389686 -4.737805
v 9.236422 -0.001801 -3.935235
v 9.747301 0.148259 -4.870308
v 8.982522 0.213629 -5.277657
v 8.471642 0.063570 -4.342584
v 8.797855 0.014384 -4.036088
v 9.424755 0.198522 -5.183517
v 8.620519 0.034797 -4.163289
v 9.219703 0.210794 -5.259989
v 9.602093 0.178109 -5.056315
v 9.002909 0.002111 -3.959615
v 8.628448 0.147031 -4.862656
v 9.491861 0.073229 -4.402772
v 8.793720 0.181336 -5.076423
v 9.619581 0.110744 -4.636541
v 9.364141 0.035714 -4.169003
v 8.538280 0.106306 -4.608886
v 9.764283 -0.853881 -5.064861
v 8.789222 -0.770536 -5.584211
v 8.242855 -0.931019 -4.584184
v 8.670307 -0.990338 -4.214544
v 9.338055 -0.794203 -5.436737
v 8.441362 -0.965149 -4.371509
v 9.079469 -0.777719 -5.539448
v 9.566999 -0.819392 -5.279772
v 8.928893 -1.006821 -4.111833
v 8.417404 -0.842347 -5.136733
v 9.491100 -0.934123 -4.564846
v 8.591549 -0.805436 -5.366739
v 9.627692 -0.894001 -4.814853
v 9.354508 -0.974243 -4.314840
v 8.318365 -0.885677 -4.866725
v 9.217916 -1.014364 -4.064833
v 9.789758 -2.134734 -5.655706
v 8.499272 -1.801529 -6.266937
v 7.899674 -2.333536 -5.291025
v 9.190159 -2.666742 -4.679797
v 9.210447 -1.909632 -6.068633
v 8.478985 -2.558639 -4.878098
v 8.172627 -2.460907 -5.057379
v 8.871562 -1.840761 -6.194969
v 9.516804 -2.007364 -5.889354
v 8.817870 -2.627509 -4.751763
v 9.489959 -2.400738 -5.167752
v 8.100839 -2.042065 -5.825698
v 8.288291 -1.918759 -6.051889
v 9.639858 -2.267736 -5.411729
v 9.340059 -2.533739 -4.923774
v 7.988492 -2.184763 -5.563934
v 9.199416 -2.210829 -4.449766
v 9.781262 -1.694573 -5.396783
v 8.595969 -1.388528 -5.958189
v 8.014123 -1.904784 -5.011173
v 9.252596 -1.484783 -5.781620
v 8.542789 -2.114575 -4.626334
v 8.262249 -2.024060 -4.792375
v 8.940490 -1.422275 -5.896283
v 9.533136 -1.575297 -5.615581
v 8.854896 -2.177082 -4.511671
v 9.490339 -1.952700 -4.923275
v 8.206411 -1.621189 -5.531399
v 8.389425 -1.501821 -5.750365
v 9.635800 -1.824472 -5.158166
v 9.344878 -2.081764 -4.686520
v 8.098502 -1.759948 -5.276857
v 9.798249 -2.574684 -5.914506
v 8.402622 -2.214332 -6.575535
v 7.785280 -2.762083 -5.570744
v 9.168320 -2.334277 -6.355509
v 8.415210 -3.002491 -5.129743
v 8.083050 -2.897544 -5.322256
v 8.802667 -2.259047 -6.493511
v 9.500480 -2.439224 -6.162996
v 8.780863 -3.077721 -4.991741
v 9.489578 -2.848560 -5.412111
v 7.995317 -2.462740 -6.119858
v 8.187205 -2.335498 -6.353269
v 9.643913 -2.711622 -5.663309
v 9.335242 -2.985498 -5.160914
v 7.878534 -2.609374 -5.850873
v 9.180906 -3.122436 -4.909716
v 10.371040 -3.388506 9.673287
v 10.488458 -3.366787 8.602913
v 10.534108 -3.483375 8.000490
v 10.544906 -3.679074 7.660066
v 10.536500 -3.797637 7.606121
v 10.519205 -3.924094 7.633465
v 10.460921 -4.181129 7.924737
v 10.239307 -4.606628 9.821012
v 10.453378 -3.387698 9.350005
v 10.530020 -3.371614 8.990134
v 10.598022 -3.381925 8.636488
v 10.654769 -3.433025 8.316621
v 10.698081 -3.506030 8.050741
v 10.726295 -3.598133 7.849064
v 10.738325 -3.705797 7.719341
v 10.733708 -3.824884 7.666556
v 10.712625 -3.950817 7.692740
v 10.675882 -4.078756 7.796883
v 10.624894 -4.203784 7.974988
v 10.561619 -4.321099 8.220205
v 10.488489 -4.426191 8.523113
v 10.408314 -4.536046 8.895666
v 10.324176 -4.606552 9.309932
v 10.488639 -3.390641 9.378957
v 10.599186 -3.389250 9.040624
v 10.698435 -3.400866 8.713936
v 10.782572 -3.457132 8.415195
v 10.848362 -3.534377 8.166651
v 10.893277 -3.629630 7.977855
v 10.915592 -3.739235 7.856064
v 10.914450 -3.858976 7.805959
v 10.889893 -3.984254 7.829463
v 10.842865 -4.110252 7.925674
v 10.775174 -4.232131 8.090895
v 10.689422 -4.345207 8.318777
v 10.588903 -4.451333 8.605476
v 10.477481 -4.550249 8.952487
v 10.359436 -4.612422 9.340869
v 10.519332 -3.401431 9.412620
v 10.659392 -3.409167 9.118022
v 10.785841 -3.431691 8.829717
v 10.893818 -3.485153 8.565817
v 10.979174 -3.567327 8.343763
v 11.038628 -3.666243 8.174655
v 11.069896 -3.778103 8.064984
v 11.071775 -3.898605 8.018972
v 11.044195 -4.023122 8.038383
v 10.988215 -4.146865 8.122472
v 10.905987 -4.265080 8.268009
v 10.800669 -4.373228 8.469399
v 10.676309 -4.483420 8.733502
v 10.537686 -4.566624 9.039616
v 10.390129 -4.618648 9.388534
v 10.544277 -3.408913 9.460866
v 10.708324 -3.431654 9.217495
v 10.856880 -3.470705 8.978424
v 10.984233 -3.526890 8.760809
v 11.085490 -3.603614 8.575275
v 11.156760 -3.706562 8.431897
v 11.195305 -3.820905 8.338071
v 11.199642 -3.942247 8.297409
v 11.169605 -4.065925 8.311470
v 11.106348 -4.187185 8.379716
v 11.012303 -4.305727 8.502097
v 10.891084 -4.419313 8.678132
v 10.747347 -4.513332 8.897317
v 10.586618 -4.584103 9.155050
v 10.415074 -4.624261 9.451125
v 10.562516 -3.414471 9.519372
v 10.744102 -3.453911 9.333796
v 10.908821 -3.502844 9.157026
v 11.050343 -3.574297 8.991638
v 11.163226 -3.666071 8.850206
v 11.243136 -3.768853 8.740750
v 11.287001 -3.882049 8.667681
v 11.293134 -4.003356 8.635089
v 11.261301 -4.127923 8.645436
v 11.192724 -4.250253 8.699305
v 11.090039 -4.361749 8.793286
v 10.957192 -4.460295 8.925913
v 10.799289 -4.541650 9.094368
v 10.622396 -4.600347 9.295514
v 10.433313 -4.628126 9.526021
v 10.573349 -3.419049 9.582057
v 10.765351 -3.466682 9.467408
v 10.939670 -3.533755 9.352392
v 11.089604 -3.613128 9.249293
v 11.209394 -3.712524 9.157972
v 11.294435 -3.823320 9.086767
v 11.341459 -3.940684 9.038774
v 11.348660 -4.063088 9.016950
v 11.315760 -4.184126 9.022662
v 11.244022 -4.299734 9.056832
v 11.136208 -4.404725 9.118788
v 10.996455 -4.494583 9.207195
v 10.830137 -4.565044 9.320276
v 10.643645 -4.611684 9.455952
v 10.444146 -4.629234 9.610564
v 10.576358 -3.420487 9.646967
v 10.771255 -3.474335 9.604621
v 10.948239 -3.548954 9.559027
v 11.100512 -3.639649 9.518634
v 11.222219 -3.743918 9.483391
v 11.308686 -3.859197 9.454724
v 11.356588 -3.980291 9.435279
v 11.364084 -4.102957 9.426604
v 11.330888 -4.222371 9.429972
v 11.258274 -4.333546 9.445691
v 11.149033 -4.432178 9.474104
v 11.007362 -4.514154 9.514993
v 10.838707 -4.575848 9.567890
v 10.649549 -4.614115 9.630833
v 10.447156 -4.626895 9.702703
v 10.571428 -3.420071 9.679589
v 10.761584 -3.474539 9.705143
v 10.934200 -3.548312 9.736963
v 11.082644 -3.638702 9.768112
v 11.201209 -3.741078 9.795760
v 11.285340 -3.854083 9.823273
v 11.331805 -3.971796 9.847521
v 11.338816 -4.091661 9.867310
v 11.306105 -4.207831 9.882320
v 11.234928 -4.317288 9.889226
v 11.128022 -4.412529 9.893854
v 10.989494 -4.492119 9.893246
v 10.824668 -4.554081 9.883481
v 10.639878 -4.594625 9.866771
v 10.442225 -4.612330 9.845685
v 10.558749 -3.412091 9.745758
v 10.736713 -3.458707 9.857861
v 10.898094 -3.520864 9.954540
v 11.036689 -3.600094 10.044340
v 11.147171 -3.692997 10.123330
v 11.225297 -3.796299 10.189020
v 11.268063 -3.909454 10.239069
v 11.273825 -4.025281 10.270287
v 11.242363 -4.140959 10.281321
v 11.174885 -4.252593 10.271029
v 11.073984 -4.356190 10.238819
v 10.943540 -4.449183 10.182922
v 10.788561 -4.521876 10.110142
v 10.615007 -4.570910 10.028574
v 10.429547 -4.600317 9.929446
v 10.538808 -3.405656 9.834196
v 10.697598 -3.448040 10.013958
v 10.841306 -3.503709 10.170838
v 10.964412 -3.574955 10.312457
v 11.062182 -3.658681 10.434212
v 11.130862 -3.751787 10.531837
v 11.167811 -3.855098 10.602625
v 11.171610 -3.963701 10.642794
v 11.142112 -4.079285 10.649394
v 11.080450 -4.192365 10.621473
v 10.988996 -4.300567 10.558175
v 10.871262 -4.407374 10.454296
v 10.731773 -4.493372 10.320517
v 10.575891 -4.558627 10.160855
v 10.409606 -4.600071 9.982402
v 10.512371 -3.402773 9.911179
v 10.645740 -3.427803 10.136786
v 10.766020 -3.473346 10.346808
v 10.868589 -3.529174 10.530719
v 10.949509 -3.586517 10.682470
v 11.005666 -3.658211 10.805318
v 11.034903 -3.738601 10.896564
v 11.036098 -3.835432 10.951399
v 11.009203 -3.947693 10.964911
v 10.955254 -4.070231 10.933043
v 10.876321 -4.207048 10.847902
v 10.775440 -4.330628 10.714144
v 10.656487 -4.444902 10.526771
v 10.524034 -4.530679 10.303338
v 10.383168 -4.587543 10.058159
v 10.480453 -3.393363 9.964686
v 10.583132 -3.408741 10.242272
v 10.675128 -3.437376 10.480515
v 10.752907 -3.461283 10.678801
v 10.813479 -3.498720 10.866834
v 10.854518 -3.540327 11.013748
v 10.874446 -3.607754 11.123112
v 10.872497 -3.697257 11.187467
v 10.848745 -3.808168 11.203485
v 10.804106 -3.937400 11.168480
v 10.740292 -4.082699 11.079116
v 10.659757 -4.235630 10.929358
v 10.565596 -4.384050 10.707458
v 10.461426 -4.501732 10.426380
v 10.351252 -4.575591 10.121448
v 10.444283 -3.384985 10.008379
v 10.512181 -3.390236 10.322656
v 10.572123 -3.415711 10.578267
v 10.621807 -3.408134 10.806331
v 10.659322 -3.406222 11.007364
v 10.683228 -3.426383 11.171078
v 10.692605 -3.493284 11.297202
v 10.687094 -3.577261 11.367201
v 10.666905 -3.690460 11.383196
v 10.632815 -3.812003 11.341658
v 10.586135 -3.971689 11.244403
v 10.528657 -4.145767 11.084291
v 10.462590 -4.328928 10.843542
v 10.390475 -4.473814 10.524512
v 10.315082 -4.564267 10.172524
v 10.405250 -3.376892 10.036904
v 10.435614 -3.377476 10.380309
v 10.460964 -3.383861 10.641042
v 10.480329 -3.339033 10.878393
v 10.492962 -3.338893 11.108808
v 10.498378 -3.359624 11.288116
v 10.496369 -3.409431 11.417814
v 10.487013 -3.493830 11.492308
v 10.470670 -3.605209 11.506073
v 10.447966 -3.740330 11.459877
v 10.419774 -3.896640 11.353877
v 10.387179 -4.075082 11.185705
v 10.351432 -4.267763 10.943422
v 10.313908 -4.449033 10.594872
v 10.276048 -4.554790 10.208648
v 10.364853 -3.372005 10.055713
v 10.356372 -3.366113 10.410553
v 10.345923 -3.357720 10.671942
v 10.333910 -3.312139 10.930909
v 10.320791 -3.293940 11.161157
v 10.307072 -3.305786 11.349621
v 10.293281 -3.354508 11.485046
v 10.279945 -3.432226 11.559406
v 10.267580 -3.547796 11.573441
v 10.256660 -3.685687 11.522655
v 10.247603 -3.845033 11.410942
v 10.240760 -4.027010 11.238481
v 10.236391 -4.223301 10.996250
v 10.234666 -4.430601 10.633850
v 10.235651 -4.547433 10.228951
v 10.324645 -3.366598 10.054889
v 10.277502 -3.358243 10.413619
v 10.231421 -3.345602 10.674482
v 10.188176 -3.295127 10.933578
v 10.149426 -3.265538 11.161230
v 10.116662 -3.278631 11.353107
v 10.091142 -3.329961 11.491099
v 10.073847 -3.408528 11.566103
v 10.065442 -3.522657 11.579630
v 10.066250 -3.662525 11.528803
v 10.076239 -3.825893 11.416006
v 10.095026 -4.007792 11.243902
v 10.121889 -4.209648 11.002176
v 10.155796 -4.420379 10.640684
v 10.195443 -4.542675 10.232655
v 10.286172 -3.365204 10.045217
v 10.202033 -3.351999 10.387011
v 10.121859 -3.346787 10.646405
v 10.048728 -3.299558 10.895771
v 9.985454 -3.279239 11.119653
v 9.934465 -3.282951 11.299920
v 9.897722 -3.336911 11.435926
v 9.876638 -3.416697 11.510157
v 9.872023 -3.529909 11.524448
v 9.884052 -3.665529 11.476144
v 9.912266 -3.822352 11.369373
v 9.955579 -4.009386 11.204017
v 10.012326 -4.215102 10.967834
v 10.080327 -4.419125 10.615207
v 10.156969 -4.540804 10.219604
v 10.250911 -3.364786 10.020069
v 10.132867 -3.355890 10.342786
v 10.021444 -3.354723 10.582679
v 9.920925 -3.325212 10.819297
v 9.835173 -3.308977 11.026308
v 9.767483 -3.327028 11.197050
v 9.720455 -3.367052 11.318112
v 9.695898 -3.457666 11.394178
v 9.694755 -3.552429 11.405771
v 9.717071 -3.708565 11.369939
v 9.761986 -3.863464 11.272884
v 9.827776 -4.045239 11.117579
v 9.911912 -4.237623 10.893323
v 10.011161 -4.425842 10.558530
v 10.121709 -4.541817 10.190377
v 10.220218 -3.365799 9.981920
v 10.072660 -3.359461 10.270263
v 9.934039 -3.378263 10.502251
v 9.809679 -3.367198 10.707892
v 9.704361 -3.365035 10.892056
v 9.622132 -3.366577 11.031616
v 9.566152 -3.422205 11.148455
v 9.538571 -3.528192 11.225988
v 9.540452 -3.638032 11.244053
v 9.571720 -3.772661 11.211409
v 9.631174 -3.925772 11.126885
v 9.716529 -4.098977 10.986478
v 9.824507 -4.283204 10.770930
v 9.950954 -4.439252 10.472157
v 10.091016 -4.545463 10.146210
v 10.195272 -3.367425 9.929135
v 10.023728 -3.364265 10.175423
v 9.863000 -3.389015 10.383833
v 9.719264 -3.409871 10.560106
v 9.598044 -3.430171 10.715572
v 9.503999 -3.474383 10.848674
v 9.440742 -3.537953 10.946882
v 9.410706 -3.625975 11.007742
v 9.415043 -3.737144 11.027451
v 9.453587 -3.865327 11.003026
v 9.524857 -4.009615 10.932316
v 9.626114 -4.172463 10.805292
v 9.753468 -4.330250 10.606816
v 9.902022 -4.455462 10.361563
v 10.066071 -4.551343 10.088738
v 10.177033 -3.370080 9.870472
v 9.987950 -3.371222 10.058071
v 9.811058 -3.401711 10.231471
v 9.653154 -3.444846 10.383182
v 9.520308 -3.497344 10.511450
v 9.417624 -3.562799 10.612875
v 9.349047 -3.640176 10.690965
v 9.317214 -3.737114 10.742109
v 9.323346 -3.849438 10.760056
v 9.367211 -3.971092 10.741165
v 9.447121 -4.109285 10.676408
v 9.560005 -4.243920 10.566751
v 9.701527 -4.370351 10.412864
v 9.866244 -4.475737 10.227810
v 10.047832 -4.558941 10.019909
v 10.166201 -3.372487 9.806069
v 9.966702 -3.382576 9.926415
v 9.780210 -3.415626 10.043537
v 9.613893 -3.468473 10.151701
v 9.474140 -3.536549 10.244421
v 9.366324 -3.619715 10.320486
v 9.294588 -3.715842 10.377958
v 9.261688 -3.823510 10.413857
v 9.268888 -3.939682 10.425271
v 9.315912 -4.057864 10.410689
v 9.400953 -4.180201 10.367046
v 9.520742 -4.296302 10.296353
v 9.670678 -4.405028 10.196835
v 9.844995 -4.496187 10.077821
v 10.036999 -4.559475 9.960828
v 10.163192 -3.375370 9.709442
v 9.960799 -3.389631 9.759606
v 9.771641 -3.427453 9.815365
v 9.602985 -3.483621 9.870108
v 9.461315 -3.558163 9.919662
v 9.352074 -3.648802 9.962725
v 9.279459 -3.752607 9.998406
v 9.246264 -3.868515 10.025755
v 9.253759 -3.985880 10.040531
v 9.301661 -4.102345 10.044932
v 9.388128 -4.219999 10.035605
v 9.509835 -4.329073 10.013897
v 9.662108 -4.427436 9.978242
v 9.839093 -4.506505 9.937706
v 10.033989 -4.567455 9.885108
v 10.168121 -3.385073 9.631578
v 9.970469 -3.405718 9.604785
v 9.785679 -3.448060 9.605455
v 9.620852 -3.514991 9.589913
v 9.482325 -3.596831 9.587596
v 9.375419 -3.693095 9.593652
v 9.304242 -3.801186 9.604726
v 9.271532 -3.917639 9.619233
v 9.278543 -4.037439 9.639161
v 9.325006 -4.155365 9.662865
v 9.409138 -4.267642 9.689786
v 9.527703 -4.370070 9.717986
v 9.676147 -4.457794 9.747975
v 9.848763 -4.528103 9.774343
v 10.038918 -4.578621 9.797753
v 10.180800 -3.383314 9.599301
v 9.995339 -3.401330 9.511194
v 9.821786 -3.433795 9.438794
v 9.666808 -3.495395 9.361981
v 9.536363 -3.568407 9.304014
v 9.435462 -3.665392 9.255094
v 9.367985 -3.771894 9.224730
v 9.336523 -3.895052 9.212486
v 9.342284 -4.015659 9.219995
v 9.385050 -4.138433 9.247307
v 9.463176 -4.257811 9.295163
v 9.573659 -4.367547 9.362504
v 9.712254 -4.462141 9.446943
v 9.873633 -4.537185 9.546014
v 10.051598 -4.589164 9.658801
v 10.200742 -3.382303 9.540445
v 10.034456 -3.399234 9.379368
v 9.878574 -3.416315 9.244864
v 9.739085 -3.471307 9.107388
v 9.621352 -3.541081 8.994094
v 9.529897 -3.630509 8.905952
v 9.468236 -3.736285 8.847698
v 9.438738 -3.854474 8.822559
v 9.442536 -3.980153 8.832321
v 9.479485 -4.106738 8.876733
v 9.548165 -4.231438 8.955544
v 9.645936 -4.349253 9.067687
v 9.769042 -4.452893 9.209646
v 9.912750 -4.536205 9.377894
v 10.071539 -4.592155 9.568292
v 10.227179 -3.380586 9.482716
v 10.086314 -3.383302 9.265514
v 9.953860 -3.397836 9.059434
v 9.834907 -3.438665 8.868873
v 9.734026 -3.503767 8.706926
v 9.655094 -3.586203 8.582325
v 9.601144 -3.687553 8.499844
v 9.574250 -3.804781 8.463804
v 9.575444 -3.933542 8.476768
v 9.604682 -4.068323 8.539376
v 9.660839 -4.200558 8.649182
v 9.741757 -4.325701 8.803226
v 9.844328 -4.437458 8.996817
v 9.964608 -4.530530 9.226984
v 10.097977 -4.594029 9.488966
v 10.259095 -3.377577 9.433017
v 10.148922 -3.368827 9.161237
v 10.044752 -3.377681 8.897490
v 9.950590 -3.405534 8.659165
v 9.870055 -3.463176 8.455995
v 9.806242 -3.550517 8.299357
v 9.761601 -3.655249 8.197370
v 9.737851 -3.773346 8.153949
v 9.735902 -3.900268 8.170768
v 9.755830 -4.031139 8.247177
v 9.796868 -4.163118 8.381186
v 9.857441 -4.300714 8.574383
v 9.935220 -4.423836 8.816286
v 10.027216 -4.523621 9.097878
v 10.129893 -4.594832 9.420427
v 10.295266 -3.381155 9.385004
v 10.219872 -3.358794 9.074364
v 10.147757 -3.356113 8.767413
v 10.081690 -3.391316 8.486116
v 10.024213 -3.456986 8.250046
v 9.977531 -3.543639 8.070518
v 9.943442 -3.647947 7.954435
v 9.923254 -3.765899 7.906258
v 9.917743 -3.892966 7.927835
v 9.927119 -4.024261 8.018338
v 9.951026 -4.154741 8.174290
v 9.988541 -4.279392 8.389697
v 10.038224 -4.410430 8.669195
v 10.098166 -4.518263 8.994922
v 10.166063 -4.595355 9.365112
v 10.334299 -3.378933 9.357550
v 10.296439 -3.354252 9.010709
v 10.258915 -3.350082 8.670802
v 10.223168 -3.392496 8.360296
v 10.190573 -3.458373 8.102098
v 10.162381 -3.545179 7.906126
v 10.139678 -3.649582 7.779919
v 10.123334 -3.767568 7.728320
v 10.113977 -3.894601 7.753317
v 10.111969 -4.025802 7.853945
v 10.117386 -4.156127 8.026340
v 10.130018 -4.280571 8.263878
v 10.149383 -4.399837 8.561334
v 10.174733 -4.516424 8.921645
v 10.205097 -4.596323 9.325106
v 10.374697 -3.373964 9.347413
v 10.375681 -3.353160 8.975185
v 10.373956 -3.356036 8.614499
v 10.369587 -3.400073 8.288636
v 10.362743 -3.467284 8.017834
v 10.353687 -3.555080 7.812498
v 10.342767 -3.660092 7.680523
v 10.330401 -3.778284 7.626979
v 10.317067 -3.905113 7.653921
v 10.303275 -4.035703 7.760317
v 10.289557 -4.165039 7.942078
v 10.276438 -4.288148 8.192217
v 10.264423 -4.400300 8.501125
v 10.253975 -4.518763 8.880056
v 10.245494 -4.598338 9.302018
v 10.414905 -3.377363 9.344244
v 10.454552 -3.358654 8.968310
v 10.515321 -3.413758 8.273889
v 10.544098 -3.572960 7.793229
v 10.493686 -4.053583 7.741049
v 10.422172 -4.301834 8.177469
v 10.378925 -4.411054 8.489537
v 10.332846 -4.525370 8.871301
v 10.285702 -4.601741 9.296854
v 8.167089 -3.440717 -1.574215
v 8.730977 -3.055827 -2.293927
v 9.011007 -2.961207 -2.833573
v 9.162560 -3.027745 -3.189815
v 9.182062 -3.119226 -3.280860
v 9.162560 -3.245314 -3.308420
v 9.011008 -3.580786 -3.171330
v 8.167089 -4.588452 -1.633944
v 8.326276 -3.332680 -1.735573
v 8.479345 -3.171669 -2.019097
v 8.620415 -3.039691 -2.323527
v 8.744063 -2.968167 -2.619739
v 8.845539 -2.937058 -2.877873
v 8.920942 -2.947556 -3.088008
v 8.967376 -2.999259 -3.242070
v 8.983054 -3.090181 -3.334139
v 8.967376 -3.216827 -3.360675
v 8.920942 -3.374330 -3.320659
v 8.845539 -3.556637 -3.215629
v 8.744063 -3.756743 -3.049622
v 8.620415 -3.966956 -2.829017
v 8.479345 -4.221492 -2.528725
v 8.326276 -4.440455 -2.168866
v 8.281334 -3.334414 -1.734524
v 8.391189 -3.182291 -2.021125
v 8.492432 -3.043402 -2.316720
v 8.581171 -2.972891 -2.611075
v 8.653998 -2.942611 -2.867685
v 8.708114 -2.953727 -3.076688
v 8.741438 -3.005810 -3.230052
v 8.752690 -3.096861 -3.321885
v 8.741438 -3.223378 -3.348657
v 8.708114 -3.380501 -3.309339
v 8.653998 -3.562191 -3.205441
v 8.581171 -3.761466 -3.040958
v 8.492432 -3.980931 -2.817222
v 8.391189 -4.229151 -2.519704
v 8.281334 -4.444856 -2.160698
v 8.232001 -3.345713 -1.729096
v 8.294420 -3.206804 -1.999905
v 8.351945 -3.078782 -2.280152
v 8.402366 -3.002693 -2.556405
v 8.443746 -2.977656 -2.803400
v 8.474494 -2.992666 -3.005259
v 8.493428 -3.047147 -3.154224
v 8.499821 -3.139008 -3.244571
v 8.493428 -3.264716 -3.272828
v 8.474494 -3.419440 -3.237909
v 8.443746 -3.597235 -3.141156
v 8.402366 -3.791269 -2.986289
v 8.351945 -4.027637 -2.762090
v 8.294420 -4.251904 -2.482671
v 8.232001 -4.455857 -2.136322
v 8.180175 -3.362589 -1.715040
v 8.192758 -3.246568 -1.959736
v 8.204354 -3.151876 -2.221196
v 8.214520 -3.072959 -2.464349
v 8.222861 -3.040843 -2.687489
v 8.229060 -3.062876 -2.876466
v 8.232877 -3.121682 -3.017498
v 8.234165 -3.215003 -3.105167
v 8.232877 -3.339250 -3.136103
v 8.229060 -3.489650 -3.109117
v 8.222861 -3.664720 -3.024221
v 8.214520 -3.876750 -2.875999
v 8.204354 -4.090678 -2.671119
v 8.192758 -4.291172 -2.415515
v 8.180175 -4.473001 -2.095140
v 8.127845 -3.382754 -1.692345
v 8.090110 -3.298281 -1.903680
v 8.055332 -3.234504 -2.131289
v 8.024850 -3.190928 -2.345503
v 7.999833 -3.182371 -2.540416
v 7.981245 -3.201885 -2.703088
v 7.969798 -3.258359 -2.828351
v 7.965932 -3.352123 -2.909461
v 7.969798 -3.479414 -2.941138
v 7.981245 -3.634077 -2.920169
v 7.999833 -3.804936 -2.846383
v 8.024850 -3.984178 -2.721457
v 8.055332 -4.166114 -2.546537
v 8.090110 -4.343130 -2.319432
v 8.127845 -4.494027 -2.039125
v 8.077024 -3.404738 -1.664324
v 7.990419 -3.356504 -1.835738
v 7.910605 -3.322121 -2.016043
v 7.840646 -3.317626 -2.195192
v 7.783233 -3.325704 -2.351296
v 7.740572 -3.369375 -2.487748
v 7.714301 -3.441673 -2.593864
v 7.705430 -3.540133 -2.663996
v 7.714301 -3.660430 -2.694164
v 7.740572 -3.799566 -2.681664
v 7.783233 -3.949867 -2.625629
v 7.840646 -4.106238 -2.525608
v 7.910605 -4.259726 -2.382740
v 7.990419 -4.401819 -2.196566
v 8.077024 -4.516946 -1.969467
v 8.029663 -3.424889 -1.629144
v 7.897519 -3.413224 -1.760152
v 7.775733 -3.419410 -1.895281
v 7.668988 -3.443146 -2.023082
v 7.581385 -3.487777 -2.140505
v 7.516290 -3.552506 -2.241532
v 7.476204 -3.638469 -2.321792
v 7.462668 -3.739339 -2.376301
v 7.476204 -3.859076 -2.401435
v 7.516290 -3.980718 -2.396455
v 7.581385 -4.109931 -2.358242
v 7.668988 -4.237323 -2.287091
v 7.775733 -4.356977 -2.182990
v 7.897519 -4.460799 -2.047871
v 8.029663 -4.539505 -1.887504
v 7.987584 -3.444977 -1.629591
v 7.814977 -3.459003 -1.683823
v 7.655902 -3.498094 -1.771716
v 7.516472 -3.558459 -1.854076
v 7.402044 -3.630486 -1.920369
v 7.317017 -3.715852 -1.977111
v 7.264657 -3.814472 -2.023121
v 7.246978 -3.922768 -2.054673
v 7.264657 -4.034731 -2.069562
v 7.317017 -4.145532 -2.067490
v 7.402044 -4.253144 -2.046966
v 7.516472 -4.352897 -2.007593
v 7.655902 -4.441755 -1.946831
v 7.814977 -4.511894 -1.871836
v 7.987584 -4.560717 -1.785691
v 7.952403 -3.450512 -1.593830
v 7.745967 -3.481392 -1.608965
v 7.555716 -3.533150 -1.639975
v 7.388958 -3.603276 -1.658119
v 7.252104 -3.689406 -1.676217
v 7.150413 -3.788882 -1.692698
v 7.087790 -3.898813 -1.704538
v 7.066646 -4.008770 -1.708776
v 7.087790 -4.121517 -1.709676
v 7.150413 -4.228626 -1.709561
v 7.252104 -4.328660 -1.703250
v 7.388958 -4.415727 -1.697130
v 7.555716 -4.488372 -1.683031
v 7.745967 -4.542988 -1.662592
v 7.952403 -4.576149 -1.652548
v 7.925472 -3.453885 -1.523976
v 7.693141 -3.487024 -1.484929
v 7.479023 -3.539567 -1.450287
v 7.291347 -3.608849 -1.421718
v 7.137326 -3.694141 -1.396716
v 7.022878 -3.792774 -1.377243
v 6.952401 -3.902963 -1.365278
v 6.928604 -4.008456 -1.361543
v 6.952401 -4.122154 -1.366513
v 7.022878 -4.232883 -1.382818
v 7.137326 -4.334248 -1.408425
v 7.291348 -4.422948 -1.443296
v 7.479023 -4.495478 -1.486442
v 7.693141 -4.548912 -1.539768
v 7.925472 -4.579495 -1.583229
v 7.907826 -3.465302 -1.431569
v 7.658528 -3.502620 -1.338168
v 7.428773 -3.553804 -1.253123
v 7.227391 -3.634289 -1.166854
v 7.062121 -3.724510 -1.102689
v 6.939315 -3.826494 -1.057641
v 6.863691 -3.937278 -1.033956
v 6.838156 -4.050697 -1.032489
v 6.863691 -4.161666 -1.052705
v 6.939315 -4.268651 -1.094543
v 7.062121 -4.365596 -1.155506
v 7.227391 -4.447679 -1.232598
v 7.428773 -4.515819 -1.327883
v 7.658528 -4.562995 -1.434908
v 7.907826 -4.588492 -1.560371
v 7.900145 -3.469666 -1.375363
v 7.643458 -3.505524 -1.226240
v 7.406896 -3.567234 -1.074866
v 7.199547 -3.628264 -0.951963
v 7.029380 -3.741281 -0.839954
v 6.902934 -3.847512 -0.765775
v 6.825069 -3.948875 -0.724120
v 6.798778 -4.065515 -0.715545
v 6.825069 -4.185368 -0.743333
v 6.902934 -4.286158 -0.801791
v 7.029380 -4.380640 -0.892174
v 7.199547 -4.463517 -1.011577
v 7.406896 -4.526978 -1.151336
v 7.643459 -4.571801 -1.311834
v 7.900145 -4.594318 -1.494235
v 7.902720 -3.473079 -1.324227
v 7.648512 -3.506342 -1.124323
v 7.414232 -3.575759 -0.917628
v 7.208884 -3.659972 -0.744325
v 7.040360 -3.759145 -0.605219
v 6.915134 -3.867689 -0.505040
v 6.838021 -3.978816 -0.447285
v 6.811984 -4.093994 -0.434084
v 6.838021 -4.207704 -0.466628
v 6.915134 -4.309168 -0.542282
v 7.040360 -4.389228 -0.654140
v 7.208884 -4.477870 -0.812787
v 7.414233 -4.535953 -0.993980
v 7.648512 -4.576510 -1.199229
v 7.902720 -4.598509 -1.434834
v 7.915457 -3.475094 -1.281657
v 7.673494 -3.513144 -1.032367
v 7.450501 -3.579914 -0.787574
v 7.255046 -3.672923 -0.576481
v 7.094640 -3.776968 -0.407631
v 6.975447 -3.893648 -0.285297
v 6.902049 -4.001894 -0.214633
v 6.877265 -4.118781 -0.197408
v 6.902049 -4.221116 -0.232816
v 6.975447 -4.332812 -0.324822
v 7.094640 -4.418692 -0.463136
v 7.255046 -4.490517 -0.645415
v 7.450501 -4.546541 -0.864610
v 7.673494 -4.583942 -1.110567
v 7.915457 -4.601811 -1.386062
v 7.937862 -3.477748 -1.246762
v 7.717445 -3.519056 -0.961501
v 7.514307 -3.589271 -0.684888
v 7.336256 -3.683445 -0.447118
v 7.190133 -3.794221 -0.254953
v 7.081553 -3.890033 -0.117256
v 7.014690 -4.019148 -0.035554
v 6.992114 -4.134853 -0.014778
v 7.014690 -4.239440 -0.054265
v 7.081553 -4.349588 -0.156523
v 7.190133 -4.435956 -0.312777
v 7.336256 -4.502562 -0.517139
v 7.514307 -4.554592 -0.763934
v 7.717445 -4.588339 -1.040432
v 7.937862 -4.604694 -1.349827
v 7.969077 -3.479305 -1.223844
v 7.778676 -3.524745 -0.913618
v 7.603200 -3.594943 -0.617306
v 7.449395 -3.691537 -0.361054
v 7.323170 -3.797659 -0.154686
v 7.229376 -3.906319 -0.004892
v 7.171618 -4.025673 0.083615
v 7.152117 -4.144544 0.106656
v 7.171618 -4.247743 0.065066
v 7.229377 -4.355174 -0.043340
v 7.323170 -4.447237 -0.212649
v 7.449395 -4.506401 -0.429869
v 7.603200 -4.560153 -0.696878
v 7.778676 -4.591581 -0.994089
v 7.969078 -4.606890 -1.326385
v 8.007901 -3.480819 -1.212450
v 7.854832 -3.528496 -0.891370
v 7.713763 -3.593200 -0.588368
v 7.590114 -3.694072 -0.322288
v 7.488638 -3.807799 -0.108051
v 7.413235 -3.906098 0.046175
v 7.366802 -4.022791 0.138259
v 7.351124 -4.150755 0.161873
v 7.366802 -4.257484 0.118490
v 7.413235 -4.364301 0.006679
v 7.488638 -4.448026 -0.165614
v 7.590114 -4.513369 -0.392405
v 7.713763 -4.562882 -0.666220
v 7.854832 -4.593545 -0.973203
v 8.007901 -4.608181 -1.316168
v 8.052844 -3.480773 -1.214867
v 7.942988 -3.519691 -0.901630
v 7.841746 -3.598581 -0.594387
v 7.753006 -3.692758 -0.331941
v 7.680180 -3.799505 -0.119899
v 7.626063 -3.911527 0.034536
v 7.592740 -4.039487 0.124986
v 7.581488 -4.155469 0.148515
v 7.592740 -4.266563 0.104254
v 7.626063 -4.362226 -0.005030
v 7.680180 -4.442064 -0.174731
v 7.753006 -4.512891 -0.401558
v 7.841746 -4.560714 -0.671922
v 7.942988 -4.594328 -0.978757
v 8.052844 -4.608833 -1.320237
v 8.102176 -3.482346 -1.226874
v 8.039758 -3.517707 -0.932933
v 7.982233 -3.599204 -0.639001
v 7.931811 -3.684364 -0.390565
v 7.890432 -3.793234 -0.187542
v 7.859684 -3.906326 -0.040506
v 7.840750 -4.022355 0.045975
v 7.834356 -4.139735 0.068523
v 7.840750 -4.250233 0.026514
v 7.859684 -4.331814 -0.073673
v 7.890432 -4.435230 -0.241324
v 7.931811 -4.507779 -0.458123
v 7.982233 -4.559439 -0.716917
v 8.039758 -4.594109 -1.010943
v 8.102176 -4.608791 -1.338633
v 8.154002 -3.480517 -1.254087
v 8.141419 -3.526739 -0.980456
v 8.129823 -3.583091 -0.725564
v 8.119658 -3.683183 -0.493137
v 8.111316 -3.784556 -0.309171
v 8.105118 -3.897813 -0.175238
v 8.101300 -3.990442 -0.096198
v 8.100012 -4.117444 -0.075923
v 8.101300 -4.236757 -0.115863
v 8.105118 -4.331257 -0.210488
v 8.111316 -4.428019 -0.362881
v 8.119658 -4.501516 -0.561084
v 8.129823 -4.554478 -0.796931
v 8.141419 -4.593047 -1.069092
v 8.154002 -4.607934 -1.370982
v 8.206332 -3.479691 -1.289306
v 8.244068 -3.529015 -1.052088
v 8.278845 -3.574565 -0.840978
v 8.309327 -3.678929 -0.637322
v 8.334344 -3.776950 -0.479749
v 8.352932 -3.881790 -0.365111
v 8.364380 -3.972683 -0.297475
v 8.368245 -4.112138 -0.281907
v 8.364380 -4.225184 -0.317322
v 8.352932 -4.324363 -0.401265
v 8.334344 -4.417304 -0.533035
v 8.309327 -4.491843 -0.704624
v 8.278845 -4.551695 -0.913207
v 8.244068 -4.590878 -1.151512
v 8.206332 -4.606042 -1.416521
v 8.257154 -3.463578 -1.361126
v 8.343758 -3.501279 -1.168562
v 8.423573 -3.559504 -0.987764
v 8.493530 -3.618326 -0.836054
v 8.550943 -3.689141 -0.708707
v 8.593605 -3.794908 -0.608914
v 8.619877 -3.902847 -0.548560
v 8.628748 -3.995508 -0.526307
v 8.619877 -4.128263 -0.549933
v 8.593606 -4.243609 -0.614059
v 8.550943 -4.345920 -0.716048
v 8.493530 -4.442837 -0.858397
v 8.423573 -4.511229 -1.023954
v 8.343758 -4.562211 -1.216192
v 8.257154 -4.588278 -1.424010
v 8.304514 -3.460205 -1.419545
v 8.436659 -3.495822 -1.282347
v 8.558443 -3.555596 -1.149615
v 8.665189 -3.631317 -1.036187
v 8.752792 -3.707237 -0.948943
v 8.817888 -3.824579 -0.877055
v 8.857974 -3.933383 -0.837908
v 8.871509 -4.031721 -0.826021
v 8.857974 -4.151310 -0.845891
v 8.817888 -4.255682 -0.892765
v 8.752792 -4.357966 -0.970740
v 8.665189 -4.442438 -1.071270
v 8.558443 -4.512730 -1.196181
v 8.436659 -4.559211 -1.332223
v 8.304514 -4.586730 -1.487924
v 8.346594 -3.474979 -1.413929
v 8.519199 -3.522765 -1.338119
v 8.678275 -3.588603 -1.272761
v 8.817705 -3.672509 -1.217988
v 8.932133 -3.769095 -1.178983
v 9.017160 -3.859088 -1.161497
v 9.069520 -3.981256 -1.151682
v 9.087199 -4.097276 -1.163401
v 9.069520 -4.207685 -1.192798
v 9.017160 -4.309474 -1.237748
v 8.932133 -4.398945 -1.295593
v 8.817705 -4.476070 -1.367938
v 8.678275 -4.535210 -1.449938
v 8.519199 -4.573725 -1.537266
v 8.346594 -4.590956 -1.630401
v 8.381774 -3.464525 -1.461883
v 8.588210 -3.505237 -1.427965
v 8.778461 -3.565876 -1.410582
v 8.945219 -3.643511 -1.409043
v 9.082073 -3.735422 -1.419999
v 9.183765 -3.837620 -1.442630
v 9.246387 -3.945962 -1.474465
v 9.267531 -4.056652 -1.512405
v 9.246387 -4.165701 -1.554217
v 9.183765 -4.268647 -1.596911
v 9.082073 -4.361548 -1.636501
v 8.945219 -4.441422 -1.670994
v 8.778461 -4.505482 -1.698127
v 8.588210 -4.551511 -1.713815
v 8.381774 -4.578335 -1.721639
v 8.408705 -3.449130 -1.510322
v 8.641036 -3.465682 -1.523397
v 8.855154 -3.499614 -1.563314
v 9.042830 -3.552171 -1.616976
v 9.196851 -3.622496 -1.677708
v 9.311299 -3.708302 -1.740206
v 9.381777 -3.806671 -1.800413
v 9.405573 -3.913221 -1.854711
v 9.381777 -4.025245 -1.899916
v 9.311299 -4.138019 -1.932653
v 9.196851 -4.247252 -1.949777
v 9.042830 -4.348196 -1.949190
v 8.855154 -4.436887 -1.927658
v 8.641036 -4.508934 -1.882902
v 8.408705 -4.560083 -1.811960
v 8.426351 -3.428599 -1.550179
v 8.675650 -3.411780 -1.623539
v 8.905404 -3.412985 -1.723930
v 9.106786 -3.435861 -1.831195
v 9.272056 -3.480662 -1.936290
v 9.394862 -3.545632 -2.032909
v 9.470487 -3.630688 -2.116969
v 9.496021 -3.733348 -2.183573
v 9.470487 -3.850311 -2.228305
v 9.394862 -3.977660 -2.247056
v 9.272056 -4.105278 -2.239718
v 9.106786 -4.229898 -2.204975
v 8.905404 -4.348887 -2.138223
v 8.675650 -4.454576 -2.036911
v 8.426351 -4.538037 -1.896093
v 8.434032 -3.405229 -1.593281
v 8.690719 -3.352373 -1.722027
v 8.927280 -3.318835 -1.876729
v 9.134630 -3.305792 -2.029671
v 9.304797 -3.320242 -2.175056
v 9.431243 -3.373282 -2.307060
v 9.509108 -3.451207 -2.413020
v 9.535398 -3.550983 -2.488847
v 9.509108 -3.668775 -2.531625
v 9.431243 -3.800056 -2.539711
v 9.304797 -3.945950 -2.510021
v 9.134630 -4.105954 -2.436264
v 8.927280 -4.256229 -2.326281
v 8.690719 -4.395795 -2.175094
v 8.434032 -4.514176 -1.972931
v 8.431457 -3.381650 -1.633429
v 8.685665 -3.296928 -1.815930
v 8.919944 -3.223569 -2.012305
v 9.125293 -3.189354 -2.213995
v 9.293817 -3.197146 -2.400769
v 9.419043 -3.236550 -2.557879
v 9.496156 -3.306054 -2.679288
v 9.522193 -3.402987 -2.760331
v 9.496156 -3.523621 -2.797893
v 9.419043 -3.663324 -2.790530
v 9.293817 -3.816724 -2.738526
v 9.125293 -3.977929 -2.643879
v 8.919944 -4.168468 -2.489452
v 8.685665 -4.339628 -2.293566
v 8.431457 -4.490753 -2.039692
v 8.418720 -3.360228 -1.668302
v 8.660683 -3.245428 -1.893135
v 8.883676 -3.144422 -2.131409
v 9.079132 -3.101465 -2.375219
v 9.239537 -3.093799 -2.590348
v 9.358730 -3.121718 -2.768527
v 9.432128 -3.184148 -2.902911
v 9.456911 -3.278692 -2.988334
v 9.432128 -3.401716 -3.021516
v 9.358730 -3.548491 -3.001178
v 9.239537 -3.713377 -2.928104
v 9.079132 -3.890041 -2.805103
v 8.883676 -4.082512 -2.630223
v 8.660683 -4.291550 -2.389651
v 8.418720 -4.469628 -2.094898
v 8.396315 -3.343303 -1.696681
v 8.616732 -3.204937 -1.954076
v 8.819869 -3.091192 -2.229056
v 8.997921 -3.033714 -2.499501
v 9.144044 -3.014133 -2.736487
v 9.252624 -3.033197 -2.930909
v 9.319487 -3.090175 -3.075295
v 9.342062 -3.182879 -3.164095
v 9.319487 -3.307743 -3.193899
v 9.252624 -3.459970 -3.163560
v 9.144044 -3.633712 -3.074244
v 8.997921 -3.822290 -2.929384
v 8.819869 -4.018457 -2.734545
v 8.616732 -4.253908 -2.462499
v 8.396315 -4.453138 -2.135841
v 8.365100 -3.332811 -1.717714
v 8.555501 -3.178837 -1.995995
v 8.884783 -2.988705 -2.582065
v 9.104801 -2.974390 -3.038784
v 9.104801 -3.401164 -3.271435
v 8.884783 -3.777280 -3.011948
v 8.730976 -3.983095 -2.799416
v 8.555502 -4.229874 -2.509451
v 8.365100 -4.443009 -2.160922
v 15.698452 3.771417 0.123066
v 15.698452 3.771417 -0.890088
v 15.699562 4.496593 0.123066
v 15.699562 4.496593 -0.890088
v 15.698452 3.771417 -0.383511
v 15.699646 4.551120 -0.383511
v 15.699646 4.551120 -0.636799
v 15.698452 3.771417 -0.636799
v 15.698452 3.771417 -0.130223
v 15.699646 4.551120 -0.130223
v 15.422726 4.497017 -0.890088
v 15.422726 4.497017 0.123066
v 15.422810 4.551544 -0.383511
v 15.422810 4.551544 -0.636799
v 15.422810 4.551544 -0.130223
v 16.705370 3.686728 0.280268
v 16.725315 3.686697 -0.955187
v 16.763481 4.570933 0.280268
v 16.482918 4.571362 -0.925078
v 16.760223 3.686644 -0.351727
v 16.716381 4.637496 -0.337460
v 16.648586 4.637599 -0.646324
v 16.760223 3.686644 -0.659637
v 16.760223 3.686644 -0.041334
v 16.732254 4.637472 -0.028596
v 15.699338 4.349865 -0.890088
v 15.699338 4.349865 0.123066
v 15.422501 4.350290 0.123066
v 15.422501 4.350290 -0.890088
v 16.783167 4.391981 -0.955187
v 16.783167 4.391981 0.280268
v 16.783249 4.445018 -0.337460
v 16.783249 4.445018 -0.646324
v 16.783249 4.445018 -0.028596
v 15.698637 3.892214 -0.890088
v 16.782310 3.833912 -0.955187
v 16.782328 3.844989 -0.337460
v 16.782328 3.844989 -0.646324
v 16.782328 3.844989 -0.028596
v 15.698637 3.892214 0.123066
v 16.782310 3.833912 0.280268
v 15.698987 4.121040 0.123066
v 16.782738 4.112946 0.280268
v 15.698987 4.121040 -0.890088
v 15.422150 4.121464 0.123066
v 16.782738 4.112946 -0.955187
v 16.782787 4.145003 -0.337460
v 16.782787 4.145003 -0.646324
v 16.782787 4.145003 -0.028596
v 16.142214 3.736687 0.237265
v 16.142214 3.736687 -0.364652
v 16.142214 3.736687 -0.640700
v 16.135250 4.527036 0.237265
v 16.142214 3.736687 -0.088605
v 16.088247 4.586535 -0.640700
v 16.020355 4.527212 -0.904416
v 16.122511 4.586483 -0.088605
v 16.116011 4.586492 -0.364653
v 16.142214 3.736687 -0.916747
v 16.143179 4.367112 -0.916747
v 16.143179 4.367112 0.286791
v 16.142414 3.868339 -0.916747
v 16.142181 3.715934 0.354976
v 16.142796 4.117725 0.315362
v 16.142796 4.117725 -0.916747
v 16.561718 3.703856 0.265458
v 16.561718 3.703856 -0.644387
v 16.561718 3.703856 -0.049263
v 16.455610 4.620013 -0.644387
v 16.562759 4.383416 -0.941949
v 16.562759 4.383416 0.292354
v 16.561935 3.845769 -0.941949
v 16.561703 3.693364 0.331969
v 16.562347 4.114592 0.292354
v 16.562347 4.114592 -0.941949
v 16.561718 3.703856 -0.346825
v 16.547125 4.555815 0.265458
v 16.323614 4.556157 -0.917962
v 16.522263 4.619911 -0.049263
v 16.509617 4.619931 -0.346825
v 16.561718 3.703856 -0.941949
v 15.699646 4.551120 -0.140669
v 15.698452 3.771417 -0.140669
v 15.422810 4.551544 -0.140669
v 16.521742 4.619912 -0.061535
v 16.783249 4.445018 -0.041334
v 16.782328 3.844989 -0.041334
v 16.782787 4.145003 -0.041334
v 16.142214 3.736687 -0.099990
v 16.122242 4.586483 -0.099990
v 16.561718 3.703856 -0.061535
v 15.698452 3.771417 -0.395211
v 15.699646 4.551120 -0.395211
v 15.422810 4.551544 -0.395211
v 16.507122 4.619934 -0.360570
v 16.783249 4.445018 -0.351727
v 16.782328 3.844989 -0.351727
v 16.782787 4.145003 -0.351727
v 16.114727 4.586494 -0.377404
v 16.142214 3.736687 -0.377403
v 16.561718 3.703856 -0.360570
v 15.699642 4.548769 -0.647717
v 15.698452 3.771417 -0.647717
v 15.422806 4.549194 -0.647717
v 16.449921 4.617261 -0.656179
v 16.783245 4.442732 -0.659637
v 16.782328 3.844511 -0.659637
v 16.782785 4.143621 -0.659637
v 16.142214 3.736687 -0.652598
v 16.085321 4.583978 -0.652067
v 16.561718 3.703856 -0.657213
v 15.699646 4.551120 -0.148449
v 16.731112 4.637474 -0.050822
v 16.122044 4.586483 -0.108470
v 16.521353 4.619913 -0.070675
v 15.698452 3.771417 -0.148449
v 15.422810 4.551544 -0.148449
v 16.783249 4.445018 -0.050822
v 16.782328 3.844989 -0.050822
v 16.782787 4.145003 -0.050822
v 16.142214 3.736687 -0.108470
v 16.561718 3.703856 -0.070675
v 15.699646 4.551120 -0.404453
v 16.710775 4.637504 -0.362996
v 16.113716 4.586496 -0.387476
v 16.505154 4.619937 -0.371427
v 15.698452 3.771417 -0.404452
v 15.422810 4.551544 -0.404453
v 16.783249 4.445018 -0.362996
v 16.782328 3.844989 -0.362996
v 16.782787 4.145003 -0.362996
v 16.142214 3.736687 -0.387476
v 16.561718 3.703856 -0.371427
v 15.699636 4.545512 -0.662851
v 16.631546 4.630787 -0.674995
v 16.081264 4.580433 -0.667824
v 16.442034 4.613445 -0.672525
v 15.698452 3.771417 -0.662851
v 15.422801 4.545936 -0.662851
v 16.783239 4.439563 -0.678092
v 16.782326 3.843849 -0.678092
v 16.782784 4.141706 -0.678092
v 16.142214 3.736687 -0.669092
v 16.561718 3.703856 -0.674992
v 15.698452 3.771417 -0.003578
v 15.699604 4.523857 -0.003578
v 15.422768 4.524281 -0.003578
v 16.732796 3.686686 0.119467
v 16.747868 4.604202 0.125836
v 16.783207 4.418499 0.125836
v 16.782320 3.839450 0.125836
v 16.782763 4.128975 0.125836
v 16.128881 4.556759 0.074330
v 16.142214 3.736687 0.074330
v 16.534693 4.587863 0.108097
v 16.561718 3.703856 0.108097
v 15.699646 4.551120 -0.265980
v 16.723745 4.637485 -0.194141
v 16.119026 4.586487 -0.236561
v 16.515486 4.619922 -0.208750
v 15.698452 3.771417 -0.265980
v 15.422810 4.551544 -0.265980
v 16.783249 4.445018 -0.194141
v 16.782328 3.844989 -0.194141
v 16.782787 4.145003 -0.194141
v 16.142214 3.736687 -0.236561
v 16.561718 3.703856 -0.208750
v 16.760223 3.686644 -0.196530
v 15.699646 4.551120 -0.520626
v 16.679680 4.637552 -0.504660
v 16.100981 4.586515 -0.514088
v 16.480381 4.619976 -0.507907
v 15.698452 3.771417 -0.520626
v 15.422810 4.551544 -0.520626
v 16.783249 4.445018 -0.504660
v 16.782328 3.844989 -0.504660
v 16.782787 4.145003 -0.504660
v 16.142214 3.736687 -0.514088
v 16.561718 3.703856 -0.507907
v 16.760223 3.686644 -0.505682
v 16.557232 4.601075 -0.800036
v 16.142488 3.916829 0.335169
v 15.699600 4.521053 -0.776469
v 16.050810 4.553823 -0.786120
v 16.382824 4.584801 -0.795244
v 16.742767 3.686671 -0.807412
v 15.698452 3.771417 -0.776469
v 15.422764 4.521476 -0.776469
v 16.783203 4.415771 -0.816639
v 16.782320 3.838881 -0.816639
v 16.782761 4.127326 -0.816639
v 16.142214 3.736687 -0.792920
v 16.561718 3.703856 -0.808470
v 2.754442 3.538204 -0.083589
v 15.698812 4.006627 -0.890088
v 15.421975 4.007051 0.123066
v 16.782524 3.973430 -0.955187
v 16.782558 3.994996 -0.337460
v 16.782558 3.994996 -0.646324
v 16.782558 3.994996 -0.028596
v 15.698812 4.006627 0.123066
v 16.782524 3.973429 0.280268
v 16.142605 3.993032 -0.916747
v 2.743441 3.940423 -0.116804
v 16.562141 3.980180 -0.941949
v 16.562025 3.903978 0.312161
v 16.782558 3.994996 -0.041334
v 16.782558 3.994996 -0.351727
v 16.782557 3.994066 -0.659637
v 16.782558 3.994996 -0.050822
v 16.782558 3.994996 -0.362996
v 16.782555 3.992778 -0.678092
v 16.782543 3.984212 0.125836
v 16.782558 3.994996 -0.194141
v 16.782558 3.994996 -0.504660
v 16.782539 3.983103 -0.816639
v 3.212727 3.612173 -0.279130
v 3.291487 3.630741 -1.289001
v 3.187313 4.336812 -0.267811
v 3.266074 4.355379 -1.277683
v 3.252107 3.621457 -0.784066
v 3.224783 4.400581 -0.771896
v 3.244473 4.405223 -1.024364
v 3.271797 3.626099 -1.036534
v 3.232417 3.616815 -0.531598
v 3.205092 4.395939 -0.519428
v 3.544590 4.369631 -1.243896
v 3.456561 4.348916 -0.234787
v 3.498475 4.413752 -0.738406
v 3.520482 4.418931 -0.990683
v 3.478052 4.408945 -0.504283
v 2.200089 3.492269 -0.202616
v 2.276261 3.514239 -1.435631
v 2.112551 4.373991 -0.193259
v 2.485783 4.405537 -1.372724
v 2.194569 3.502003 -0.836860
v 2.205271 4.453345 -0.804251
v 2.296827 4.461289 -1.106804
v 2.218505 3.507646 -1.143772
v 2.170440 3.496314 -0.527472
v 2.165446 4.447149 -0.497631
v 3.271216 4.208760 -1.279973
v 3.192454 4.190193 -0.270101
v 3.462214 4.202318 -0.237303
v 3.550242 4.223034 -1.246412
v 2.194979 4.217172 -1.429068
v 2.098938 4.194530 -0.197615
v 2.145099 4.258849 -0.812514
v 2.169109 4.264510 -1.120377
v 2.121089 4.253189 -0.504651
v 3.287254 3.751448 -1.287116
v 2.214536 3.659518 -1.437779
v 2.166127 3.659265 -0.821880
v 2.190137 3.664925 -1.129743
v 2.142116 3.653604 -0.514016
v 3.287879 3.646332 -0.234773
v 2.118495 3.636876 -0.206326
v 3.200474 3.961537 -0.273673
v 3.559058 3.994411 -1.250336
v 2.108715 3.915703 -0.201970
v 3.279235 3.980104 -1.283544
v 3.471030 3.973695 -0.241227
v 2.204757 3.938345 -1.433424
v 2.155613 3.959057 -0.817197
v 2.179624 3.964717 -1.125060
v 2.131622 3.953404 -0.509322
v 2.762865 3.561099 -0.200596
v 2.809657 3.572130 -0.800563
v 2.831117 3.577189 -1.075716
v 2.743312 4.351124 -0.187619
v 2.788198 3.567071 -0.525410
v 2.856400 4.428183 -1.058124
v 2.946534 4.375919 -1.316603
v 2.779345 4.416911 -0.510502
v 2.807280 4.422189 -0.785146
v 2.852577 3.582248 -1.350869
v 2.830483 4.212205 -1.341029
v 2.736923 4.190148 -0.141390
v 2.847962 3.713801 -1.348814
v 2.839223 3.963003 -1.344922
v 2.343794 3.514278 -0.205860
v 2.414525 3.530953 -1.112757
v 2.368261 3.520046 -0.519561
v 2.489539 4.449888 -1.090039
v 2.413842 4.215461 -1.398748
v 2.317889 4.192841 -0.168444
v 2.432683 3.678213 -1.407140
v 2.338993 3.502574 -0.139728
v 2.327310 3.924216 -0.172640
v 2.423262 3.946837 -1.402944
v 2.391392 3.525500 -0.816159
v 2.329780 4.366116 -0.191317
v 2.644462 4.395336 -1.353396
v 2.376867 4.436735 -0.502063
v 2.412599 4.442615 -0.797671
v 2.437657 3.536406 -1.409355
v 3.205904 4.396131 -0.529840
v 3.233228 3.617007 -0.542010
v 2.378341 4.436978 -0.514254
v 2.122079 4.253422 -0.517347
v 2.143107 3.653838 -0.526713
v 2.132605 3.953635 -0.522022
v 2.789083 3.567280 -0.536758
v 2.780497 4.417128 -0.521828
v 2.369215 3.520271 -0.531793
v 3.253016 3.621672 -0.795727
v 3.225692 4.400796 -0.783558
v 3.499492 4.413991 -0.750059
v 2.416152 4.442951 -0.811176
v 2.146209 4.259110 -0.826735
v 2.167236 3.659527 -0.836100
v 2.156722 3.959318 -0.831417
v 2.809550 4.422466 -0.797755
v 2.810649 3.572364 -0.813273
v 2.392461 3.525751 -0.829859
v 3.245404 4.403075 -1.035283
v 3.272646 3.626299 -1.047416
v 3.521521 4.416806 -1.001598
v 2.496217 4.447537 -1.101390
v 2.170224 4.262469 -1.133683
v 2.191189 3.664692 -1.143020
v 2.180707 3.963581 -1.138352
v 2.832042 3.577407 -1.087576
v 2.860285 4.425931 -1.069265
v 2.415521 3.531188 -1.125542
v 3.206510 4.396273 -0.537596
v 2.168312 4.447595 -0.519695
v 2.781354 4.417290 -0.530265
v 2.379438 4.437158 -0.523335
v 3.233834 3.617149 -0.549766
v 2.122817 4.253596 -0.526805
v 2.143844 3.654011 -0.536170
v 2.133341 3.953809 -0.531480
v 2.789742 3.567435 -0.545210
v 2.369925 3.520439 -0.540904
v 3.226411 4.400965 -0.792769
v 2.212841 4.454001 -0.829265
v 2.811342 4.422684 -0.807715
v 2.418960 4.443216 -0.821844
v 3.253735 3.621840 -0.804939
v 3.500295 4.414180 -0.759264
v 2.147084 4.259317 -0.837968
v 2.168112 3.659732 -0.847333
v 2.157598 3.959525 -0.842650
v 2.811432 3.572549 -0.823312
v 2.393305 3.525950 -0.840681
v 3.246695 4.400097 -1.050418
v 2.316262 4.455555 -1.134155
v 2.865670 4.422808 -1.084709
v 2.505474 4.444278 -1.117126
v 3.273823 3.626577 -1.062501
v 3.522962 4.413860 -1.016727
v 2.171771 4.259640 -1.152128
v 2.192647 3.664369 -1.161426
v 2.182209 3.962005 -1.156777
v 2.833324 3.577710 -1.104017
v 2.416904 3.531514 -1.143264
v 3.222571 3.614494 -0.405364
v 3.196203 4.366375 -0.393619
v 3.466514 4.378744 -0.360458
v 2.185265 3.494292 -0.365044
v 2.138999 4.410570 -0.345445
v 2.110013 4.223859 -0.351133
v 2.130305 3.645240 -0.360171
v 2.120159 3.934549 -0.355652
v 2.761327 4.384017 -0.349061
v 2.775532 3.564085 -0.363003
v 2.353359 4.401430 -0.346697
v 2.356028 3.517163 -0.362710
v 3.215646 4.398427 -0.654746
v 2.186791 4.450470 -0.661973
v 2.794318 4.419740 -0.657705
v 2.396019 4.439887 -0.660503
v 3.242970 3.619303 -0.666916
v 2.133958 4.256222 -0.669659
v 2.154985 3.656638 -0.679025
v 2.144471 3.956430 -0.674342
v 2.799700 3.569783 -0.672887
v 2.380659 3.522969 -0.678532
v 2.182504 3.499158 -0.682166
v 3.235442 4.403094 -0.908567
v 2.254834 4.457646 -0.968034
v 2.833871 4.425434 -0.932919
v 2.454249 4.446552 -0.955941
v 3.262766 3.623970 -0.920737
v 3.510389 4.416555 -0.874974
v 2.158097 4.261913 -0.979173
v 2.179125 3.662329 -0.988538
v 2.168611 3.962121 -0.983855
v 2.821274 3.574869 -0.949514
v 2.403915 3.528452 -0.976719
v 2.206538 3.504825 -0.990316
v 1.301805 4.906806 -1.066024
v 2.401022 4.430546 -1.253439
v 3.256384 4.377738 -1.164051
v 2.906103 4.399364 -1.200656
v 2.574968 4.419807 -1.235261
v 2.247384 3.510942 -1.289702
v 3.282655 3.628659 -1.175751
v 3.533776 4.391746 -1.130311
v 2.183375 4.238406 -1.290598
v 2.203592 3.661943 -1.299602
v 2.193483 3.950174 -1.295100
v 2.842950 3.579979 -1.227443
v 2.427280 3.533960 -1.276309
v 3.283245 3.865777 -1.285330
v 3.451546 3.644288 -0.310286
v 2.209647 3.798931 -1.435601
v 2.160871 3.809161 -0.819538
v 2.184881 3.814821 -1.127402
v 2.136860 3.803501 -0.511675
v 3.204483 3.847208 -0.275459
v 3.563468 3.880100 -1.252299
v 2.113605 3.776289 -0.204148
v 2.843593 3.838403 -1.346868
v 2.748941 3.739313 -0.100197
v 2.427972 3.812525 -1.405042
v 2.333151 3.713395 -0.156184
v 2.137849 3.803734 -0.524371
v 2.161979 3.809422 -0.833759
v 2.185948 3.814136 -1.140686
v 2.138587 3.803908 -0.533829
v 2.162855 3.809629 -0.844992
v 2.187428 3.813187 -1.159101
v 2.125232 3.789895 -0.357911
v 2.149729 3.806534 -0.676684
v 2.173868 3.812225 -0.986197
v 2.198537 3.806059 -1.297351
v 5.708394 3.979430 -0.221271
v 7.274999 4.157848 -0.147298
v 6.034087 4.016523 -0.205893
v 5.390504 3.956278 -0.217767
v 6.904459 4.115648 -0.164795
v 5.763769 3.992462 -0.856061
v 7.318890 4.168178 -0.650443
v 6.087076 4.028993 -0.813314
v 5.451368 3.970601 -0.915473
v 6.951066 4.126617 -0.699077
v 7.437155 4.208172 -0.382849
v 7.389327 4.190835 -0.262013
v 7.411273 4.196000 -0.513585
v 7.332163 4.174342 -0.204655
v 4.685685 4.014255 -0.197854
v 4.621914 4.303329 -0.244102
v 4.664427 4.110613 -0.213270
v 4.625740 4.316391 -0.319043
v 3.657254 3.514453 -0.265327
vn -0.1983 -0.9801 -0.0000
vn -0.1015 0.2045 -0.9736
vn -0.0720 0.9848 0.1581
vn -0.1241 -0.1412 0.9822
vn -0.2006 -0.9719 0.1234
vn -0.8710 -0.2007 0.4485
vn -0.0641 0.3420 0.9375
vn -0.1482 -0.3688 -0.9176
vn -0.0214 0.9323 -0.3611
vn 0.0304 0.9841 -0.1752
vn -0.0667 -0.1885 -0.9798
vn -0.0317 0.1863 0.9820
vn -0.1453 -0.9894 -0.0000
vn -0.1206 -0.1181 0.9857
vn -0.0702 0.9883 0.1354
vn -0.1013 0.1782 -0.9788
vn 0.0297 0.9807 -0.1932
vn -0.0691 -0.2085 -0.9756
vn -0.0307 0.2045 0.9784
vn -0.1151 -0.0829 0.9899
vn -0.1171 -0.0955 0.9885
vn -0.0610 -0.1868 0.9805
vn -0.0234 0.2264 -0.9738
vn -0.1173 -0.1530 -0.9812
vn -0.0922 0.1597 0.9829
vn -0.0593 -0.1687 0.9839
vn -0.0252 0.2063 -0.9782
vn -0.0212 0.2518 -0.9675
vn -0.0633 -0.2099 0.9757
vn -0.6918 0.3162 0.6492
vn -0.0910 0.1831 0.9789
vn -0.1153 -0.1629 -0.9799
vn -0.8522 0.4310 -0.2966
vn 0.0338 0.9806 0.1933
vn -0.0620 0.9888 -0.1357
vn 0.0341 0.9839 0.1753
vn 0.0333 0.9758 0.2162
vn -0.8745 -0.4697 -0.1207
vn -0.0623 0.9854 -0.1585
vn -0.6613 0.7181 -0.2168
vn -0.1014 0.1850 0.9775
vn -0.7160 0.4988 0.4885
vn -0.0554 0.3427 -0.9378
vn -0.0305 0.2073 -0.9778
vn -0.1011 0.1613 0.9817
vn -0.0293 0.2274 -0.9734
vn -0.0254 0.2035 0.9787
vn -0.0710 0.0985 -0.9926
vn -0.0269 0.1854 0.9823
vn -0.0234 0.2266 0.9737
vn -0.0899 0.2025 -0.9751
vn -0.9531 -0.1071 -0.2831
vn 0.9963 -0.0862 -0.0000
vn -0.1270 -0.1604 -0.9788
vn 0.7430 -0.0412 0.6681
vn -0.1403 -0.3365 0.9311
vn -0.0641 -0.1677 0.9838
vn -0.1214 -0.1312 -0.9839
vn -0.0663 -0.1857 0.9804
vn 0.1573 0.2851 -0.9455
vn -0.1245 -0.1140 -0.9857
vn -0.0945 -0.0681 0.9932
vn -0.0396 0.0324 0.9987
vn -0.0632 -0.2097 -0.9757
vn -0.1117 -0.1199 0.9865
vn -0.0613 -0.1896 -0.9799
vn -0.0657 -0.2352 -0.9697
vn -0.7643 -0.0319 0.6440
vn -0.1137 -0.1435 0.9831
vn -0.9515 -0.1054 0.2891
vn 0.9936 0.0028 0.1132
vn -0.6618 0.7171 0.2185
vn -0.0001 0.9268 0.3756
vn 0.0313 0.9840 0.1752
vn 0.0307 0.9807 0.1932
vn -0.8511 0.4288 0.3028
vn -0.0620 0.9888 0.1357
vn -0.8747 -0.4691 0.1218
vn -0.0623 0.9854 0.1585
vn 0.9253 -0.0396 -0.3773
vn -0.7730 -0.0719 -0.6303
vn -0.6804 0.5566 -0.4767
vn -0.0700 0.9849 -0.1582
vn -0.1934 -0.9679 -0.1604
vn -0.8416 -0.3014 -0.4482
vn -0.0686 0.9884 -0.1355
vn -0.6860 0.3512 -0.6372
vn 0.0338 0.9806 -0.1933
vn 0.0341 0.9839 -0.1753
vn 0.0333 0.9758 -0.2162
vn -0.0271 0.5031 -0.8638
vn -0.0274 -0.0063 0.9996
vn -0.1991 -0.9800 0.0012
vn -0.1990 -0.9800 -0.0026
vn 0.0287 0.9808 0.1931
vn 0.0295 0.9841 0.1752
vn -0.0515 0.9270 0.3716
vn -0.7664 -0.0892 0.6362
vn 0.9963 0.0855 -0.0000
vn -0.6302 0.5971 0.4963
vn -0.6751 0.3593 0.6443
vn -0.0669 0.9885 0.1355
vn -0.8343 -0.3415 0.4327
vn -0.1647 -0.9786 0.1233
vn -0.0681 0.9850 0.1583
vn 0.2337 -0.9723 0.0004
vn 0.1781 0.2278 -0.9573
vn 0.0215 0.9833 0.1808
vn 0.0435 -0.1568 0.9867
vn 0.2249 -0.9665 0.1236
vn 0.8355 -0.1789 0.5195
vn -0.0303 0.3248 0.9453
vn 0.2409 -0.3444 -0.9074
vn 0.0182 0.9396 -0.3417
vn -0.0515 0.9857 -0.1602
vn 0.1585 -0.1660 -0.9733
vn -0.0606 0.1672 0.9841
vn 0.1813 -0.9834 -0.0044
vn 0.0388 -0.1339 0.9902
vn 0.1793 0.2016 -0.9629
vn -0.0491 0.9828 -0.1780
vn 0.1613 -0.1859 -0.9692
vn -0.0620 0.1854 0.9807
vn -0.5184 -0.8509 -0.0854
vn -0.3720 0.1924 0.9081
vn -0.0351 0.0157 0.9993
vn 0.0478 -0.1318 0.9901
vn 0.2003 -0.0869 -0.9759
vn 0.2030 -0.0761 -0.9762
vn -0.0175 -0.2045 0.9787
vn 0.0981 0.2466 -0.9641
vn 0.2032 -0.1125 -0.9727
vn 0.0193 0.0618 0.9979
vn -0.0202 -0.1866 0.9822
vn 0.1011 0.2267 -0.9687
vn 0.0942 0.2718 -0.9577
vn -0.0140 -0.2275 0.9737
vn 0.6060 0.3257 0.7257
vn -0.0038 0.1656 0.9862
vn 0.2060 -0.1386 -0.9687
vn 0.8580 0.4667 -0.2145
vn -0.0867 0.9746 0.2065
vn 0.0369 0.9929 -0.1126
vn -0.0856 0.9783 0.1886
vn -0.0881 0.9694 0.2293
vn 0.8985 -0.4359 -0.0518
vn 0.0394 0.9900 -0.1354
vn 0.6506 0.7453 -0.1456
vn 0.0091 0.1684 0.9857
vn 0.6519 0.5137 0.5579
vn 0.1239 0.3636 -0.9233
vn 0.1077 0.2282 -0.9676
vn 0.1053 0.2482 -0.9630
vn 0.0772 0.9966 -0.0285
vn -0.3154 -0.1768 0.9324
vn -0.0660 0.1845 0.9806
vn 0.1696 0.1995 -0.9651
vn -0.0642 0.1664 0.9840
vn -0.0682 0.2076 0.9758
vn 0.1696 0.2261 -0.9592
vn 0.9774 -0.0676 -0.2003
vn -0.9827 -0.1621 -0.0891
vn 0.2174 -0.1358 -0.9666
vn -0.8088 0.1460 0.5696
vn 0.0713 -0.3503 0.9339
vn -0.0155 -0.1854 0.9825
vn 0.2130 -0.1100 -0.9708
vn -0.0123 -0.2033 0.9790
vn 0.2060 -0.0709 -0.9760
vn 0.2085 -0.0849 -0.9743
vn 0.1555 -0.1873 -0.9699
vn 0.0299 -0.1361 0.9902
vn 0.1532 -0.1672 -0.9739
vn 0.1583 -0.2129 -0.9642
vn 0.7061 -0.0180 0.7078
vn 0.0331 -0.1594 0.9867
vn 0.9260 -0.0776 0.3695
vn 0.6133 0.7354 0.2880
vn -0.0668 0.9183 0.3901
vn -0.0828 0.9785 0.1888
vn -0.0837 0.9748 0.2067
vn 0.8044 0.4521 0.3855
vn 0.0526 0.9981 0.0334
vn 0.8776 -0.4402 0.1898
vn 0.0118 0.9835 0.1804
vn -0.8931 0.0608 -0.4457
vn 0.8270 -0.0317 -0.5613
vn 0.6982 0.5899 -0.4056
vn 0.0470 0.9898 -0.1344
vn 0.2423 -0.9570 -0.1595
vn 0.8880 -0.2622 -0.3779
vn 0.0435 0.9928 -0.1118
vn 0.7150 0.3868 -0.5823
vn -0.0531 0.9825 -0.1785
vn -0.0551 0.9855 -0.1606
vn -0.0505 0.9782 -0.2014
vn -0.5715 0.2773 -0.7724
vn -0.1628 -0.9515 -0.2611
vn -0.5938 0.5080 -0.6240
vn -0.0765 0.5420 0.8369
vn 0.2343 -0.9722 0.0017
vn 0.2346 -0.9721 -0.0021
vn -0.0817 0.9750 0.2068
vn -0.0810 0.9786 0.1889
vn -0.0154 0.9204 0.3906
vn 0.7110 -0.0750 0.6992
vn 0.5621 0.6087 0.5599
vn 0.5898 0.3663 0.7197
vn 0.8057 -0.3205 0.4982
vn 0.1895 -0.9745 0.1203
vn 0.0176 0.9834 0.1806
vn 0.5908 0.5890 0.5514
vn 0.0785 0.7608 0.6442
vn 0.0558 0.2810 0.9581
vn 0.4758 0.1935 0.8580
vn 0.2568 -0.4341 0.8635
vn 0.2525 -0.3495 0.9023
vn 0.0291 -0.3519 0.9356
vn 0.0291 -0.4518 0.8917
vn -1.0000 -0.0000 -0.0000
vn 0.0794 -0.9553 -0.2847
vn 0.5455 -0.8367 -0.0496
vn 0.4461 -0.3952 0.8030
vn 0.0387 -0.3655 0.9300
vn 0.9907 -0.0745 0.1135
vn 0.9717 0.0991 0.2143
vn 0.8068 -0.1410 0.5737
vn 0.8202 -0.2610 0.5091
vn 0.0319 0.4239 -0.9051
vn 0.0291 0.5545 -0.8317
vn 0.2804 0.5328 -0.7984
vn 0.2637 0.4072 -0.8744
vn 0.0340 -0.1611 -0.9864
vn 0.0312 -0.0101 -0.9995
vn 0.2773 -0.0143 -0.9607
vn 0.2753 -0.1412 -0.9509
vn 0.9764 -0.1757 0.1254
vn 0.9894 0.0290 0.1425
vn 0.7991 0.0614 0.5980
vn 0.7866 -0.1145 0.6068
vn 0.2184 -0.0846 0.9722
vn 0.2325 0.0846 0.9689
vn 0.0265 0.0855 0.9960
vn 0.0264 -0.1028 0.9944
vn 0.8426 -0.1547 -0.5159
vn 0.8384 -0.0094 -0.5449
vn 0.9916 0.0093 -0.1287
vn 0.9762 -0.1851 -0.1128
vn 0.8298 0.2280 -0.5094
vn 0.8220 0.3806 -0.4236
vn 0.9774 0.2112 -0.0046
vn 0.9912 0.0400 -0.1262
vn 0.0619 -0.7074 -0.7041
vn 0.4774 -0.6201 -0.6225
vn 0.5596 -0.8280 0.0343
vn 0.0832 -0.9804 0.1788
vn 0.6944 0.7179 -0.0491
vn 0.0758 0.9017 0.4256
vn 0.0819 0.8317 0.5492
vn 0.6142 0.6909 0.3814
vn -0.5908 0.5890 0.5514
vn -0.4758 0.1935 0.8580
vn -0.0558 0.2810 0.9581
vn -0.0785 0.7608 0.6442
vn -0.2570 -0.4341 0.8634
vn -0.0291 -0.4518 0.8917
vn -0.0291 -0.3519 0.9356
vn -0.2525 -0.3495 0.9023
vn -0.0794 -0.9553 -0.2847
vn -0.0387 -0.3655 0.9300
vn -0.4461 -0.3952 0.8030
vn -0.5455 -0.8367 -0.0496
vn -0.9908 -0.0745 0.1132
vn -0.8199 -0.2611 0.5095
vn -0.8068 -0.1410 0.5737
vn -0.9717 0.0991 0.2143
vn -0.0302 0.4245 -0.9049
vn -0.2650 0.4078 -0.8738
vn -0.2804 0.5328 -0.7984
vn -0.0291 0.5545 -0.8317
vn -0.0340 -0.1611 -0.9864
vn -0.2753 -0.1412 -0.9509
vn -0.2771 -0.0142 -0.9607
vn -0.0314 -0.0100 -0.9995
vn -0.9764 -0.1757 0.1254
vn -0.7866 -0.1145 0.6068
vn -0.7973 0.0617 0.6004
vn -0.9894 0.0290 0.1420
vn -0.2184 -0.0846 0.9722
vn -0.0264 -0.1028 0.9944
vn -0.0265 0.0854 0.9960
vn -0.2346 0.0854 0.9683
vn -0.8426 -0.1547 -0.5159
vn -0.9762 -0.1851 -0.1128
vn -0.9916 0.0092 -0.1290
vn -0.8384 -0.0094 -0.5450
vn -0.8299 0.2281 -0.5091
vn -0.9912 0.0402 -0.1263
vn -0.9774 0.2112 -0.0046
vn -0.8220 0.3806 -0.4236
vn -0.0619 -0.7074 -0.7041
vn -0.0832 -0.9804 0.1788
vn -0.5596 -0.8280 0.0343
vn -0.4774 -0.6201 -0.6225
vn -0.6944 0.7179 -0.0491
vn -0.6142 0.6909 0.3814
vn -0.0819 0.8317 0.5492
vn -0.0758 0.9017 0.4256
vn 0.0286 0.9808 0.1930
vn 0.0938 0.1922 -0.9769
vn 0.0464 0.9989 -0.0020
vn 0.0865 -0.0020 -0.9962
vn 0.0624 0.9785 -0.1967
vn 0.0759 -0.1965 -0.9776
vn 0.0759 0.9204 -0.3835
vn 0.0624 -0.3838 -0.9213
vn 0.0865 0.8272 -0.5552
vn 0.0464 -0.5567 -0.8294
vn 0.0938 0.7025 -0.7054
vn 0.0286 -0.7083 -0.7054
vn 0.0975 0.5512 -0.8286
vn 0.0097 0.9246 0.3808
vn 0.0096 -0.8326 -0.5538
vn 0.0975 0.3790 -0.9203
vn 0.2889 0.5334 -0.7950
vn 0.0286 0.9228 0.3841
vn 0.0286 -0.8343 -0.5505
vn 0.2889 0.3611 -0.8866
vn 0.0846 0.9755 0.2028
vn 0.2779 0.1750 -0.9445
vn 0.1373 0.9904 0.0139
vn 0.2563 -0.0179 -0.9664
vn 0.1847 0.9670 -0.1752
vn 0.2248 -0.2104 -0.9514
vn 0.2248 0.9065 -0.3573
vn 0.1847 -0.3953 -0.8998
vn 0.2563 0.8114 -0.5254
vn 0.1374 -0.5652 -0.8135
vn 0.2779 0.6854 -0.6731
vn 0.0846 -0.7135 -0.6955
vn 0.3651 -0.2377 -0.9001
vn 0.3651 0.8792 -0.3060
vn 0.2999 -0.4177 -0.8577
vn 0.4162 0.7803 -0.4669
vn 0.2231 -0.5818 -0.7821
vn 0.4513 0.6516 -0.6097
vn 0.1374 -0.7238 -0.6762
vn 0.4691 0.4983 -0.7291
vn 0.0464 0.9194 0.3906
vn 0.0464 -0.8378 -0.5440
vn 0.4691 0.3260 -0.8207
vn 0.1374 0.9653 0.2222
vn 0.4513 0.1413 -0.8811
vn 0.2230 0.9738 0.0453
vn 0.4162 -0.0490 -0.9080
vn 0.2999 0.9446 -0.1331
vn 0.0625 -0.8428 -0.5345
vn 0.6314 0.2751 -0.7250
vn 0.1850 0.9504 0.2502
vn 0.6073 0.0924 -0.7891
vn 0.3002 0.9496 0.0908
vn 0.5601 -0.0941 -0.8231
vn 0.4036 0.9121 -0.0719
vn 0.4913 -0.2773 -0.8256
vn 0.4913 0.8396 -0.2315
vn 0.4036 -0.4502 -0.7965
vn 0.5601 0.7351 -0.3820
vn 0.3002 -0.6060 -0.7366
vn 0.6073 0.6027 -0.5176
vn 0.1850 -0.7387 -0.6482
vn 0.6314 0.4474 -0.6334
vn 0.0625 0.9143 0.4001
vn 0.4918 -0.4916 -0.7186
vn 0.6825 0.6776 -0.2740
vn 0.3658 -0.6368 -0.6787
vn 0.7400 0.5404 -0.4005
vn 0.2254 -0.7577 -0.6125
vn 0.7693 0.3826 -0.5116
vn 0.0761 0.9079 0.4121
vn 0.0761 -0.8492 -0.5225
vn 0.7693 0.2104 -0.6032
vn 0.2254 0.9314 0.2859
vn 0.7400 0.0300 -0.6719
vn 0.3658 0.9188 0.1487
vn 0.6825 -0.1516 -0.7150
vn 0.4918 0.8707 0.0059
vn 0.5987 -0.3277 -0.7308
vn 0.5987 0.7892 -0.1368
vn 0.2571 0.9091 0.3278
vn 0.8443 -0.0432 -0.5341
vn 0.4173 0.8825 0.2168
vn 0.7786 -0.2192 -0.5880
vn 0.5611 0.8220 0.0975
vn 0.6831 -0.3870 -0.6194
vn 0.6831 0.7299 -0.0253
vn 0.5611 -0.5403 -0.6271
vn 0.7786 0.6101 -0.1469
vn 0.4173 -0.6731 -0.6106
vn 0.8443 0.4671 -0.2627
vn 0.2571 -0.7800 -0.5705
vn 0.8777 0.3064 -0.3684
vn 0.0869 0.9004 0.4263
vn 0.0869 -0.8568 -0.5083
vn 0.8777 0.1342 -0.4600
vn 0.8448 0.5350 -0.0057
vn 0.4528 -0.7133 -0.5350
vn 0.9161 0.3857 -0.1096
vn 0.2790 -0.8048 -0.5239
vn 0.9524 0.2218 -0.2093
vn 0.0943 0.8920 0.4421
vn 0.0942 -0.8652 -0.4925
vn 0.9524 0.0495 -0.3009
vn 0.2790 0.8843 0.3745
vn 0.9161 -0.1247 -0.3811
vn 0.4528 0.8423 0.2924
vn 0.8448 -0.2943 -0.4468
vn 0.6088 0.7679 0.1992
vn 0.7412 -0.4529 -0.4955
vn 0.7412 0.6641 0.0985
vn 0.6088 -0.5944 -0.5253
vn 0.9527 -0.2111 -0.2186
vn 0.4709 0.7996 0.3727
vn 0.8786 -0.3740 -0.2969
vn 0.6332 0.7104 0.3072
vn 0.7708 -0.5228 -0.3641
vn 0.7708 0.5941 0.2300
vn 0.6332 -0.6519 -0.4174
vn 0.8786 0.4553 0.1441
vn 0.4709 -0.7560 -0.4546
vn 0.9527 0.2992 0.0529
vn 0.2902 -0.8311 -0.4744
vn 0.9904 0.1319 -0.0403
vn 0.0980 0.8831 0.4588
vn 0.0980 -0.8741 -0.4758
vn 0.9904 -0.0403 -0.1319
vn 0.2902 0.8579 0.4240
vn 0.4709 -0.7996 -0.3728
vn 0.9527 0.2111 0.2186
vn 0.2902 -0.8579 -0.4240
vn 0.9904 0.0403 0.1319
vn 0.0980 0.8741 0.4758
vn 0.0980 -0.8831 -0.4588
vn 0.9904 -0.1319 0.0403
vn 0.2902 0.8311 0.4744
vn 0.9527 -0.2992 -0.0529
vn 0.4709 0.7560 0.4546
vn 0.8786 -0.4553 -0.1441
vn 0.6332 0.6519 0.4173
vn 0.7708 -0.5941 -0.2300
vn 0.7708 0.5228 0.3641
vn 0.6332 -0.7104 -0.3072
vn 0.8786 0.3740 0.2969
vn 0.4528 0.7133 0.5350
vn 0.8196 -0.4432 0.3630
vn 0.6088 0.5944 0.5253
vn 0.7422 -0.6640 -0.0908
vn 0.7412 0.4529 0.4955
vn 0.6088 -0.7679 -0.1992
vn 0.8448 0.2943 0.4468
vn 0.4528 -0.8423 -0.2924
vn 0.9161 0.1247 0.3811
vn 0.2790 -0.8843 -0.3745
vn 0.9524 -0.0495 0.3009
vn 0.0943 0.8652 0.4925
vn 0.0942 -0.8920 -0.4421
vn 0.9524 -0.2218 0.2093
vn 0.2790 0.8048 0.5239
vn 0.8140 -0.3957 0.4252
vn 0.8443 0.0432 0.5341
vn 0.2571 -0.9091 -0.3278
vn 0.8777 -0.1342 0.4600
vn 0.0868 0.8568 0.5083
vn 0.0869 -0.9004 -0.4263
vn 0.8032 -0.4537 0.3861
vn 0.2571 0.7800 0.5705
vn 0.5429 -0.3580 0.7597
vn 0.4173 0.6731 0.6106
vn 0.6840 -0.6380 0.3536
vn 0.5611 0.5403 0.6271
vn 0.6698 -0.6902 0.2739
vn 0.6831 0.3870 0.6194
vn 0.5609 -0.8241 -0.0794
vn 0.7786 0.2192 0.5880
vn 0.4172 -0.8829 -0.2155
vn 0.3720 -0.5606 0.7398
vn 0.4918 0.4916 0.7186
vn 0.5801 -0.7611 0.2901
vn 0.5987 0.3277 0.7308
vn 0.4536 -0.8808 0.1356
vn 0.6825 0.1516 0.7150
vn 0.3652 -0.9195 -0.1455
vn 0.7400 -0.0300 0.6719
vn 0.2254 -0.9313 -0.2860
vn 0.7693 -0.2104 0.6032
vn 0.0761 0.8493 0.5225
vn 0.0761 -0.9079 -0.4121
vn 0.6785 -0.2396 0.6944
vn 0.2254 0.7577 0.6125
vn 0.3764 -0.3925 0.8392
vn 0.3658 0.6368 0.6787
vn 0.1859 -0.9497 -0.2520
vn 0.6314 -0.2751 0.7250
vn 0.0625 0.8428 0.5345
vn 0.0626 -0.9143 -0.4002
vn 0.5099 -0.1874 0.8396
vn 0.1850 0.7387 0.6482
vn 0.1969 -0.4227 0.8846
vn 0.3002 0.6060 0.7366
vn 0.2064 -0.5885 0.7817
vn 0.4036 0.4502 0.7965
vn 0.2080 -0.7320 0.6487
vn 0.4913 0.2773 0.8256
vn 0.5086 -0.8347 0.2111
vn 0.5601 0.0941 0.8231
vn 0.2448 -0.9695 -0.0115
vn 0.6073 -0.0924 0.7891
vn 0.0577 -0.7522 0.6564
vn 0.3651 0.2377 0.9001
vn 0.0782 -0.8643 0.4969
vn 0.4162 0.0490 0.9080
vn 0.5281 -0.8359 0.1496
vn 0.4513 -0.1413 0.8811
vn 0.3154 -0.9472 -0.0579
vn 0.4691 -0.3260 0.8207
vn 0.0465 0.8378 0.5440
vn -0.1512 -0.9529 -0.2631
vn 0.3443 -0.2351 0.9089
vn 0.1374 0.7238 0.6762
vn -0.0648 -0.3959 0.9160
vn 0.2230 0.5818 0.7821
vn 0.0351 -0.6115 0.7905
vn 0.2999 0.4177 0.8577
vn 0.0286 0.8343 0.5505
vn 0.0809 -0.9717 -0.2217
vn 0.1592 -0.2556 0.9536
vn 0.0846 0.7135 0.6955
vn -0.1920 -0.3694 0.9092
vn 0.1374 0.5652 0.8135
vn -0.1354 -0.6286 0.7659
vn 0.1847 0.3952 0.8998
vn -0.0918 -0.7672 0.6348
vn 0.2248 0.2104 0.9514
vn -0.0446 -0.8766 0.4792
vn 0.2563 0.0179 0.9664
vn 0.0071 -0.9537 0.3008
vn 0.2779 -0.1750 0.9445
vn 0.0660 -0.9909 0.1169
vn 0.2889 -0.3611 0.8866
vn 0.0759 0.1965 0.9776
vn -0.1621 -0.8842 0.4381
vn 0.0865 0.0020 0.9962
vn -0.0746 -0.9599 0.2702
vn 0.0938 -0.1922 0.9769
vn -0.0005 -0.9960 0.0889
vn 0.0975 -0.3790 0.9202
vn 0.0096 0.8326 0.5538
vn 0.1061 -0.9707 -0.2157
vn -0.0363 -0.2683 0.9627
vn 0.0286 0.7083 0.7054
vn -0.3735 -0.3812 0.8457
vn 0.0464 0.5567 0.8294
vn -0.2984 -0.6391 0.7088
vn 0.0624 0.3838 0.9213
vn -0.2348 -0.7765 0.5848
vn -0.2404 -0.2763 0.9305
vn -0.0286 0.7083 0.7054
vn -0.5398 -0.3853 0.7485
vn -0.0464 0.5567 0.8294
vn -0.4478 -0.6428 0.6215
vn -0.0624 0.3838 0.9213
vn -0.3659 -0.7797 0.5082
vn -0.0759 0.1965 0.9776
vn -0.2697 -0.8869 0.3751
vn -0.0865 0.0020 0.9962
vn -0.1561 -0.9617 0.2253
vn -0.0938 -0.1922 0.9769
vn -0.0475 -0.9971 0.0596
vn -0.0975 -0.3790 0.9202
vn -0.0096 0.8326 0.5538
vn 0.1420 -0.9682 -0.2059
vn -0.3634 -0.8844 0.2928
vn -0.2563 0.0179 0.9664
vn -0.2298 -0.9599 0.1607
vn -0.2779 -0.1750 0.9445
vn -0.0859 -0.9961 0.0218
vn -0.2889 -0.3611 0.8866
vn -0.0286 0.8343 0.5505
vn 0.1659 -0.9659 -0.1986
vn -0.4133 -0.3456 0.8425
vn -0.0846 0.7135 0.6955
vn -0.6844 -0.3815 0.6213
vn -0.1374 0.5652 0.8135
vn -0.5778 -0.6395 0.5072
vn -0.1847 0.3952 0.8998
vn -0.4799 -0.7767 0.4079
vn -0.2248 0.2104 0.9514
vn -0.1374 0.7238 0.6762
vn -0.7517 -0.4128 0.5144
vn -0.2230 0.5818 0.7821
vn -0.6833 -0.6292 0.3705
vn -0.2999 0.4177 0.8577
vn -0.5725 -0.7677 0.2879
vn -0.3651 0.2377 0.9001
vn -0.4394 -0.8770 0.1942
vn -0.4162 0.0490 0.9080
vn -0.3178 -0.9132 -0.2550
vn -0.4513 -0.1413 0.8811
vn -0.2843 -0.9167 -0.2806
vn -0.4691 -0.3260 0.8207
vn -0.0465 0.8378 0.5440
vn 0.3030 -0.9411 -0.1503
vn -0.5779 -0.3650 0.7299
vn -0.5601 0.0942 0.8231
vn -0.4024 -0.8645 -0.3011
vn -0.6073 -0.0924 0.7891
vn -0.1850 -0.9504 -0.2502
vn -0.6314 -0.2751 0.7250
vn -0.0625 0.8428 0.5345
vn -0.0625 -0.9143 -0.4001
vn -0.7208 -0.3613 0.5915
vn -0.1850 0.7387 0.6482
vn -0.8515 -0.4486 0.2717
vn -0.3002 0.6060 0.7366
vn -0.7604 -0.6124 0.2164
vn -0.4036 0.4502 0.7965
vn -0.6401 -0.7530 0.1528
vn -0.4913 0.2773 0.8256
vn -0.4149 -0.8647 -0.2831
vn -0.9010 -0.4240 0.0923
vn -0.3658 0.6368 0.6787
vn -0.8060 -0.5897 0.0510
vn -0.4918 0.4916 0.7186
vn -0.5182 -0.7882 -0.3320
vn -0.5987 0.3277 0.7308
vn -0.5346 -0.7721 -0.3435
vn -0.6825 0.1516 0.7150
vn -0.3670 -0.9176 -0.1527
vn -0.7400 -0.0300 0.6719
vn -0.2254 -0.9314 -0.2859
vn -0.7693 -0.2104 0.6032
vn -0.0761 0.8493 0.5225
vn -0.0761 -0.9079 -0.4121
vn -0.8383 -0.3380 0.4278
vn -0.2254 0.7577 0.6125
vn -0.4173 -0.8825 -0.2168
vn -0.8443 0.0432 0.5341
vn -0.2571 -0.9091 -0.3278
vn -0.8777 -0.1342 0.4600
vn -0.0868 0.8568 0.5083
vn -0.0869 -0.9004 -0.4263
vn -0.8600 -0.3469 0.3742
vn -0.2571 0.7800 0.5705
vn -0.9145 -0.3939 -0.0925
vn -0.4173 0.6731 0.6106
vn -0.6362 -0.6655 -0.3902
vn -0.5611 0.5403 0.6271
vn -0.6406 -0.6664 -0.3814
vn -0.6831 0.3870 0.6194
vn -0.5613 -0.8213 -0.1021
vn -0.7786 0.2192 0.5880
vn -0.7389 -0.5433 -0.3987
vn -0.6088 0.5944 0.5253
vn -0.7412 -0.6641 -0.0985
vn -0.7412 0.4529 0.4955
vn -0.6088 -0.7679 -0.1992
vn -0.8448 0.2943 0.4468
vn -0.4528 -0.8423 -0.2924
vn -0.9161 0.1247 0.3811
vn -0.2790 -0.8843 -0.3745
vn -0.9524 -0.0495 0.3009
vn -0.0943 0.8652 0.4926
vn -0.0942 -0.8920 -0.4421
vn -0.9524 -0.2218 0.2093
vn -0.2790 0.8048 0.5239
vn -0.9012 -0.2085 -0.3800
vn -0.4528 0.7133 0.5350
vn -0.2902 -0.8579 -0.4240
vn -0.9904 0.0403 0.1319
vn -0.0980 0.8741 0.4758
vn -0.0980 -0.8831 -0.4588
vn -0.9904 -0.1319 0.0403
vn -0.2902 0.8311 0.4744
vn -0.9527 -0.2992 -0.0529
vn -0.4709 0.7560 0.4546
vn -0.8786 -0.4553 -0.1441
vn -0.6332 0.6519 0.4173
vn -0.7708 -0.5941 -0.2300
vn -0.7708 0.5228 0.3641
vn -0.6332 -0.7104 -0.3072
vn -0.8786 0.3740 0.2969
vn -0.4709 -0.7996 -0.3727
vn -0.9527 0.2111 0.2186
vn -0.6332 0.7104 0.3072
vn -0.7708 -0.5228 -0.3641
vn -0.7708 0.5941 0.2300
vn -0.6332 -0.6519 -0.4174
vn -0.8786 0.4553 0.1441
vn -0.4709 -0.7560 -0.4546
vn -0.9527 0.2992 0.0529
vn -0.2902 -0.8311 -0.4744
vn -0.9904 0.1319 -0.0403
vn -0.0980 0.8831 0.4588
vn -0.0980 -0.8741 -0.4758
vn -0.9904 -0.0403 -0.1319
vn -0.2902 0.8579 0.4240
vn -0.9527 -0.2111 -0.2186
vn -0.4709 0.7996 0.3727
vn -0.8786 -0.3740 -0.2969
vn -0.9524 0.2218 -0.2093
vn -0.0943 0.8920 0.4421
vn -0.0942 -0.8652 -0.4926
vn -0.9524 0.0495 -0.3009
vn -0.2790 0.8843 0.3745
vn -0.9161 -0.1247 -0.3811
vn -0.4528 0.8423 0.2924
vn -0.8448 -0.2943 -0.4468
vn -0.6088 0.7679 0.1992
vn -0.7412 -0.4529 -0.4955
vn -0.7412 0.6641 0.0986
vn -0.6088 -0.5944 -0.5253
vn -0.8448 0.5350 -0.0057
vn -0.4528 -0.7133 -0.5350
vn -0.9161 0.3857 -0.1096
vn -0.2790 -0.8048 -0.5239
vn -0.6831 -0.3870 -0.6194
vn -0.6831 0.7299 -0.0253
vn -0.5611 -0.5403 -0.6271
vn -0.7786 0.6101 -0.1469
vn -0.4173 -0.6731 -0.6106
vn -0.8443 0.4671 -0.2627
vn -0.2571 -0.7800 -0.5705
vn -0.8777 0.3064 -0.3684
vn -0.0869 0.9004 0.4263
vn -0.0869 -0.8568 -0.5083
vn -0.8777 0.1342 -0.4600
vn -0.2571 0.9091 0.3278
vn -0.8443 -0.0432 -0.5341
vn -0.4173 0.8825 0.2168
vn -0.7786 -0.2192 -0.5880
vn -0.5611 0.8220 0.0975
vn -0.0761 0.9079 0.4121
vn -0.0761 -0.8493 -0.5225
vn -0.7693 0.2104 -0.6032
vn -0.2254 0.9314 0.2859
vn -0.7400 0.0300 -0.6719
vn -0.3658 0.9188 0.1487
vn -0.6825 -0.1516 -0.7150
vn -0.4918 0.8707 0.0059
vn -0.5987 -0.3277 -0.7308
vn -0.5987 0.7892 -0.1368
vn -0.4918 -0.4916 -0.7186
vn -0.6825 0.6776 -0.2740
vn -0.3658 -0.6368 -0.6787
vn -0.7400 0.5404 -0.4005
vn -0.2254 -0.7577 -0.6125
vn -0.7693 0.3826 -0.5116
vn -0.4913 0.8396 -0.2315
vn -0.4036 -0.4502 -0.7965
vn -0.5601 0.7351 -0.3820
vn -0.3002 -0.6060 -0.7366
vn -0.6073 0.6027 -0.5176
vn -0.1850 -0.7387 -0.6482
vn -0.6314 0.4474 -0.6334
vn -0.0625 0.9143 0.4001
vn -0.0625 -0.8428 -0.5345
vn -0.6314 0.2751 -0.7250
vn -0.1850 0.9504 0.2502
vn -0.6073 0.0924 -0.7891
vn -0.3002 0.9496 0.0908
vn -0.5601 -0.0942 -0.8231
vn -0.4036 0.9121 -0.0719
vn -0.4913 -0.2773 -0.8256
vn -0.4691 0.3260 -0.8207
vn -0.1374 0.9653 0.2222
vn -0.4513 0.1413 -0.8811
vn -0.2230 0.9738 0.0453
vn -0.4162 -0.0490 -0.9080
vn -0.2999 0.9446 -0.1331
vn -0.3651 -0.2377 -0.9001
vn -0.3651 0.8792 -0.3060
vn -0.2999 -0.4177 -0.8577
vn -0.4162 0.7803 -0.4669
vn -0.2231 -0.5818 -0.7821
vn -0.4513 0.6516 -0.6097
vn -0.1374 -0.7238 -0.6762
vn -0.4691 0.4983 -0.7291
vn -0.0464 0.9194 0.3906
vn -0.0464 -0.8378 -0.5440
vn -0.1847 -0.3953 -0.8998
vn -0.2563 0.8114 -0.5254
vn -0.1373 -0.5652 -0.8135
vn -0.2779 0.6854 -0.6731
vn -0.0846 -0.7135 -0.6955
vn -0.2889 0.5333 -0.7950
vn -0.0286 0.9228 0.3841
vn -0.0286 -0.8343 -0.5505
vn -0.2889 0.3611 -0.8866
vn -0.0846 0.9755 0.2028
vn -0.2779 0.1750 -0.9445
vn -0.1374 0.9904 0.0139
vn -0.2563 -0.0179 -0.9664
vn -0.1847 0.9670 -0.1752
vn -0.2248 -0.2104 -0.9514
vn -0.2248 0.9065 -0.3573
vn -0.0938 0.1922 -0.9769
vn -0.0464 0.9989 -0.0020
vn -0.0865 -0.0020 -0.9962
vn -0.0624 0.9785 -0.1967
vn -0.0759 -0.1965 -0.9776
vn -0.0759 0.9204 -0.3835
vn -0.0624 -0.3838 -0.9213
vn -0.0865 0.8272 -0.5552
vn -0.0464 -0.5567 -0.8294
vn -0.0938 0.7025 -0.7054
vn -0.0286 -0.7083 -0.7054
vn -0.0976 0.5512 -0.8286
vn -0.0096 0.9246 0.3808
vn -0.0096 -0.8326 -0.5538
vn -0.0976 0.3790 -0.9202
vn -0.0286 0.9808 0.1930
vn -0.0976 0.3790 -0.9203
vn -0.2889 0.3611 -0.8867
vn -0.8266 0.3610 0.4317
vn 0.7125 0.5160 0.4754
vn -0.3650 0.9031 0.2261
vn -0.1153 0.9582 0.2617
vn -0.0742 0.9773 0.1983
vn -0.0490 0.9886 0.1426
vn 0.0061 0.9700 0.2431
vn -0.1585 0.9872 0.0198
vn -0.0815 0.9959 0.0403
vn -0.0855 0.9932 0.0796
vn -0.2833 0.9557 -0.0793
vn 0.0021 0.9712 0.2381
vn 0.4357 0.7549 0.4902
vn -0.4836 -0.7280 -0.4861
vn 0.4692 0.3260 -0.8207
vn 0.0976 0.3791 -0.9202
vn 0.2889 0.3611 -0.8867
vn 0.6314 0.2751 -0.7251
vn 0.7693 0.2103 -0.6032
vn 0.0486 -0.9634 -0.2637
vn 0.1620 0.9439 0.2878
vn -0.0637 0.9960 0.0621
vn -0.2126 0.9766 -0.0331
vn -0.0652 0.9901 0.1242
vn -0.1157 0.9697 0.2151
vn 0.1615 0.9767 0.1411
vn -0.1310 0.9813 -0.1412
vn -0.1657 0.9670 0.1937
vn -0.1441 0.9753 0.1674
vn -0.1248 0.9752 0.1827
vn -0.1324 0.9850 0.1105
vn -0.2100 0.9602 0.1843
vn 0.6899 0.5910 0.4180
vn -0.8777 0.1342 -0.4601
vn -0.7693 0.2104 -0.6033
vn -0.4691 0.3261 -0.8207
vn -0.2889 0.3612 -0.8866
vn -0.0976 0.3791 -0.9202
vn -0.0975 0.3789 -0.9203
vn -0.2889 0.3610 -0.8867
vn -0.6314 0.2752 -0.7250
vn -0.7693 0.2103 -0.6032
vn -0.1520 0.7929 0.5901
vn -0.2597 0.9656 -0.0158
vn -0.2394 0.9536 0.1828
vn -0.2068 0.9582 0.1978
vn -0.1860 0.9606 0.2063
vn -0.0685 0.9774 -0.2001
vn -0.0416 0.9631 -0.2659
vn 0.2166 0.9695 -0.1149
vn 0.1113 0.9455 -0.3061
vn -0.0016 0.9964 0.0844
vn -0.1044 0.9620 0.2523
vn -0.0843 0.9606 0.2647
vn 0.0088 0.9930 0.1176
vn -0.4305 -0.7738 -0.4646
vn 0.9904 -0.1320 0.0403
vn 0.6314 0.2752 -0.7250
vn 0.4691 0.3260 -0.8208
vn 0.0975 0.3789 -0.9203
vn 0.0976 0.3790 -0.9202
vn 0.6313 0.2751 -0.7251
vn 0.7693 0.2104 -0.6033
vn 0.2691 -0.9614 -0.0569
vn -0.0114 0.9515 0.3076
vn -0.0772 0.9564 0.2816
vn -0.1063 0.9606 0.2568
vn 0.2638 0.9413 0.2108
vn 0.0570 0.9980 -0.0260
vn -0.1050 0.9860 0.1297
vn -0.0977 0.9862 0.1339
vn -0.0006 0.9643 -0.2647
vn -0.0193 0.9771 -0.2121
vn -0.2069 0.9581 0.1980
vn -0.2426 0.9523 0.1849
vn -0.2873 0.9482 0.1357
vn 0.7115 0.4552 0.5353
vn -0.4692 0.3261 -0.8207
vn -0.9888 -0.0006 -0.1492
vn 0.5327 -0.5250 -0.6638
vn 0.9212 0.3518 0.1662
vn -0.4892 0.6538 0.5772
vn -0.1037 -0.7219 0.6841
vn 0.0433 0.8064 -0.5898
vn -0.3935 0.6814 0.6171
vn 0.9381 0.3163 0.1413
vn 0.4050 -0.5865 -0.7014
vn -0.9888 -0.0006 -0.1493
vn 0.0111 -0.6631 -0.7484
vn -0.0015 0.7293 0.6842
vn 0.1033 0.7999 -0.5912
vn 0.0387 0.7332 0.6789
vn -0.0288 -0.6648 -0.7465
vn 0.3043 0.7212 0.6223
vn 0.1272 0.8094 -0.5733
vn 0.1993 0.7287 0.6552
vn 0.2134 -0.6452 -0.7336
vn 0.2520 -0.6380 -0.7276
vn -0.3260 -0.6083 -0.7237
vn -0.1869 -0.6396 -0.7456
vn -0.2040 0.7129 0.6709
vn 0.0765 0.7999 -0.5952
vn -0.2423 0.7087 0.6626
vn 0.1037 0.7219 -0.6841
vn 0.9916 0.0701 -0.1087
vn 0.9909 0.0568 -0.1222
vn 0.9781 -0.0112 -0.2078
vn 0.0702 0.6286 -0.7746
vn 0.9853 0.0143 -0.1702
vn 0.1278 0.6394 -0.7582
vn 0.1573 0.6249 -0.7647
vn 0.1027 0.6394 -0.7620
vn -0.9888 -0.0007 -0.1493
vn 0.9621 0.2588 0.0860
vn 0.9573 0.2715 0.0993
vn 0.8801 -0.0761 0.4687
vn 0.0488 0.2857 -0.9571
vn -0.9481 0.2666 -0.1732
vn -0.0860 -0.1318 0.9875
vn -0.0000 -0.8780 -0.4786
vn -0.0227 0.9558 0.2932
vn -0.1902 -0.4276 0.8837
vn -0.9326 0.3352 -0.1337
vn 0.1841 0.6379 -0.7478
vn 0.8779 -0.2373 0.4159
vn 0.5513 0.4736 -0.6869
vn -0.5574 -0.3416 0.7567
vn -0.0691 0.9643 0.2555
vn -0.5922 -0.0592 0.8036
vn 0.5934 0.1549 -0.7899
vn -0.7791 0.0276 0.6263
vn -0.1002 0.9611 0.2573
vn -0.7104 -0.2511 0.6574
vn 0.3724 0.5595 -0.7405
vn 0.3458 0.2108 -0.9143
vn 0.8075 0.1152 -0.5785
vn 0.7063 0.3896 -0.5910
vn -0.3796 -0.4003 0.8341
vn -0.0452 0.9623 0.2682
vn -0.3463 -0.1157 0.9309
vn -0.0000 0.9874 0.1585
vn 0.8774 -0.2263 0.4230
vn -0.7554 0.5370 -0.3756
vn -0.7724 0.3185 -0.5495
vn 0.8801 -0.0761 0.4686
vn -0.6994 0.3395 -0.6290
vn 0.1007 0.9925 0.0698
vn -0.6921 0.5968 -0.4059
vn 0.0423 0.9977 0.0536
vn 0.0259 0.9994 0.0244
vn 0.0646 0.9958 0.0655
vn 0.8764 -0.2322 0.4218
vn 0.8776 -0.2212 0.4253
vn -0.8986 0.3952 -0.1905
vn -0.9198 0.2752 -0.2798
vn 0.9599 0.2648 0.0922
vn 0.9836 0.0046 -0.1802
vn 0.9913 0.0639 -0.1150
vn -0.2190 0.7107 0.6685
vn -0.2412 -0.6307 -0.7376
vn 0.2280 -0.6462 -0.7283
vn 0.2410 0.7244 0.6459
vn -0.0047 -0.6667 -0.7453
vn 0.0139 0.7296 0.6837
vn -0.4320 0.6709 0.6027
vn 0.9334 0.3255 0.1508
vn 0.4551 -0.5682 -0.6856
vn 0.9640 0.2535 0.0804
vn 0.9866 0.0229 -0.1613
vn 0.9918 0.0757 -0.1031
vn -0.1937 0.7143 0.6725
vn -0.1576 -0.6446 -0.7481
vn 0.2031 -0.6470 -0.7350
vn 0.1698 0.7309 0.6611
vn -0.0121 0.7290 0.6844
vn 0.0217 -0.6631 -0.7482
vn 0.3773 -0.5966 -0.7083
vn 0.9420 0.3081 0.1328
vn -0.3660 0.6881 0.6266
vn 0.4260 -0.5802 -0.6942
vn 0.9359 0.3207 0.1459
vn -0.4110 0.6768 0.6107
vn 0.0054 0.7295 0.6840
vn 0.0037 -0.6668 -0.7452
vn 0.2182 0.7269 0.6512
vn 0.2197 -0.6477 -0.7295
vn -0.2099 -0.6372 -0.7416
vn -0.2108 0.7119 0.6699
vn 0.9915 0.0671 -0.1118
vn 0.9845 0.0096 -0.1750
vn 0.9610 0.2617 0.0890
vn 0.9631 0.2561 0.0831
vn 0.9860 0.0187 -0.1656
vn 0.9917 0.0730 -0.1058
vn -0.1984 0.7136 0.6718
vn -0.1711 -0.6424 -0.7470
vn 0.2078 -0.6462 -0.7344
vn 0.1834 0.7299 0.6585
vn -0.0073 0.7291 0.6843
vn 0.0169 -0.6631 -0.7483
vn 0.3901 -0.5920 -0.7052
vn 0.9401 0.3121 0.1370
vn -0.3787 0.6851 0.6223
vn 0.9586 0.2680 0.0956
vn 0.9826 -0.0007 -0.1856
vn 0.9911 0.0604 -0.1185
vn -0.2293 0.7092 0.6667
vn -0.2793 -0.6219 -0.7316
vn 0.2383 -0.6442 -0.7268
vn 0.2688 0.7208 0.6389
vn -0.0153 -0.6666 -0.7453
vn 0.0245 0.7297 0.6833
vn -0.4576 0.6631 0.5924
vn 0.9308 0.3305 0.1560
vn 0.4900 -0.5527 -0.6741
vn -0.3550 0.6905 0.6302
vn 0.9438 0.3043 0.1289
vn 0.3663 -0.6005 -0.7108
vn 0.0258 -0.6631 -0.7481
vn -0.0163 0.7288 0.6845
vn 0.1580 0.7315 0.6632
vn 0.1990 -0.6477 -0.7355
vn -0.1460 -0.6464 -0.7489
vn -0.1896 0.7148 0.6732
vn 0.9919 0.0782 -0.1005
vn 0.9872 0.0269 -0.1572
vn 0.9648 0.2511 0.0779
vn -0.9163 0.2769 -0.2892
vn -0.7221 0.3292 -0.6085
vn -0.7785 0.3174 -0.5414
vn -0.3689 -0.1145 0.9224
vn 0.7520 0.1284 -0.6466
vn 0.3685 0.2018 -0.9075
vn -0.7394 -0.0006 0.6733
vn 0.5738 0.1574 -0.8038
vn -0.5729 -0.0699 0.8166
vn -0.1504 -0.1297 0.9801
vn -0.9422 0.2645 -0.2055
vn 0.1368 0.2608 -0.9557
vn -0.9180 0.2761 -0.2846
vn -0.7169 0.3298 -0.6142
vn -0.7756 0.3179 -0.5453
vn -0.3591 -0.1161 0.9260
vn 0.7774 0.1219 -0.6170
vn 0.3587 0.2038 -0.9109
vn -0.7577 0.0078 0.6525
vn 0.5824 0.1555 -0.7979
vn -0.5815 -0.0674 0.8108
vn -0.1220 -0.1316 0.9838
vn -0.9442 0.2631 -0.1982
vn 0.0977 0.2682 -0.9584
vn 0.8771 -0.0769 0.4741
vn 0.1674 0.2405 -0.9561
vn -0.9442 0.2645 -0.1962
vn -0.1713 -0.1730 0.9699
vn -0.5604 -0.1084 0.8211
vn 0.5613 0.1403 -0.8156
vn -0.7171 -0.0362 0.6961
vn 0.3724 0.1765 -0.9111
vn 0.7259 0.1270 -0.6759
vn -0.3726 -0.1543 0.9151
vn -0.7812 0.3496 -0.5173
vn 0.8776 -0.0890 0.4711
vn -0.7246 0.3750 -0.5782
vn 0.8774 -0.0835 0.4724
vn 0.8776 -0.0938 0.4701
vn -0.9155 0.2954 -0.2730
vn -0.9104 0.3654 -0.1939
vn 0.8801 -0.2280 0.4165
vn -0.7394 0.5043 -0.4461
vn -0.7884 0.4737 -0.3925
vn -0.3927 -0.4087 0.8238
vn 0.6930 0.3712 -0.6180
vn 0.3923 0.4893 -0.7789
vn -0.6903 -0.2618 0.6745
vn -0.5518 -0.3484 0.7577
vn 0.5523 0.4298 -0.7143
vn 0.2205 0.5464 -0.8080
vn -0.9351 0.3306 -0.1276
vn -0.2213 -0.4401 0.8702
vn -0.9118 0.3636 -0.1908
vn 0.8794 -0.2295 0.4172
vn -0.7355 0.5063 -0.4502
vn -0.7862 0.4751 -0.3953
vn -0.3883 -0.4100 0.8253
vn 0.7028 0.3661 -0.6099
vn 0.3879 0.4908 -0.7802
vn -0.6999 -0.2549 0.6672
vn -0.5558 -0.3465 0.7557
vn 0.5563 0.4281 -0.7122
vn 0.8808 -0.2281 0.4148
vn 0.2071 0.5499 -0.8092
vn -0.9368 0.3278 -0.1226
vn -0.2080 -0.4420 0.8726
vn -0.2328 -0.4384 0.8681
vn -0.9335 0.3334 -0.1324
vn 0.2320 0.5432 -0.8069
vn 0.5489 0.4312 -0.7161
vn -0.5484 -0.3500 0.7595
vn -0.6820 -0.2677 0.6807
vn 0.3961 0.4880 -0.7778
vn 0.6845 0.3755 -0.6249
vn -0.3965 -0.4076 0.8226
vn -0.7905 0.4723 -0.3899
vn -0.7431 0.5023 -0.4422
vn -0.9091 0.3670 -0.1968
vn -0.0732 -0.9804 -0.1829
vn 0.3186 0.3738 -0.8711
vn 0.2496 0.9661 0.0660
vn -0.1175 -0.9929 -0.0197
vn 0.2545 -0.2375 -0.9375
vn 0.1822 0.9804 0.0752
vn 0.1396 -0.6489 -0.7479
vn 0.1513 0.9885 -0.0039
vn 0.0584 -0.8248 -0.5623
vn 0.1734 0.9769 -0.1253
vn 0.0071 -0.9028 -0.4301
vn 0.2017 0.9524 -0.2287
vn -0.0279 -0.9423 -0.3337
vn 0.2388 0.8955 -0.3756
vn -0.0422 -0.9558 -0.2911
vn 0.2863 0.7502 -0.5961
vn 0.4142 0.8484 -0.3295
vn 0.0048 -0.9607 -0.2775
vn 0.5247 0.6784 -0.5143
vn -0.0433 -0.9839 -0.1735
vn 0.6175 0.2986 -0.7277
vn 0.0672 0.9975 0.0196
vn -0.1437 -0.9893 -0.0240
vn 0.5592 -0.2575 -0.7880
vn 0.1460 0.9872 0.0638
vn 0.3857 -0.6465 -0.6582
vn 0.1984 0.9800 0.0172
vn 0.2386 -0.8256 -0.5113
vn 0.2630 0.9589 -0.1065
vn 0.1364 -0.9069 -0.3987
vn 0.3284 0.9231 -0.2000
vn 0.0523 -0.9449 -0.3231
vn 0.5698 -0.6224 -0.5366
vn 0.2705 0.9616 0.0459
vn 0.3892 -0.8102 -0.4382
vn 0.3567 0.9323 -0.0600
vn 0.2508 -0.9014 -0.3529
vn 0.4381 0.8847 -0.1590
vn 0.1484 -0.9396 -0.3084
vn 0.5568 0.7873 -0.2648
vn 0.0485 -0.9668 -0.2510
vn 0.6971 0.5917 -0.4048
vn -0.0122 -0.9875 -0.1573
vn 0.8035 0.2233 -0.5519
vn 0.2415 0.9663 0.0895
vn -0.1575 -0.9871 -0.0275
vn 0.7527 -0.2609 -0.6045
vn 0.2289 0.9701 0.0809
vn 0.1046 -0.9721 -0.2099
vn 0.8085 0.5114 -0.2911
vn 0.0144 -0.9908 -0.1345
vn 0.9060 0.1632 -0.3905
vn 0.1849 0.9811 0.0565
vn -0.1552 -0.9875 -0.0267
vn 0.8617 -0.2589 -0.4363
vn 0.2359 0.9686 0.0785
vn 0.6927 -0.5927 -0.4110
vn 0.3403 0.9379 0.0679
vn 0.5056 -0.7840 -0.3602
vn 0.4347 0.9005 0.0074
vn 0.3325 -0.8867 -0.3214
vn 0.5268 0.8454 -0.0884
vn 0.2073 -0.9371 -0.2810
vn 0.6626 0.7243 -0.1907
vn 0.5657 -0.7675 -0.3016
vn 0.4698 0.8820 0.0359
vn 0.4068 -0.8740 -0.2659
vn 0.6150 0.7885 -0.0036
vn 0.2669 -0.9390 -0.2171
vn 0.7577 0.6483 -0.0745
vn 0.1470 -0.9750 -0.1669
vn 0.8839 0.4388 -0.1617
vn 0.0379 -0.9940 -0.1023
vn 0.9624 0.1158 -0.2459
vn 0.1670 0.9851 0.0415
vn -0.1368 -0.9904 -0.0178
vn 0.9181 -0.2584 -0.3005
vn 0.2625 0.9623 0.0720
vn 0.7592 -0.5692 -0.3158
vn 0.3519 0.9336 0.0675
vn 0.0585 -0.9966 -0.0583
vn 0.9878 0.0833 -0.1312
vn 0.1680 0.9849 0.0429
vn -0.1088 -0.9941 0.0009
vn 0.9487 -0.2616 -0.1774
vn 0.2593 0.9648 0.0429
vn 0.8112 -0.5509 -0.1960
vn 0.3720 0.9260 0.0641
vn 0.6310 -0.7517 -0.1918
vn 0.4990 0.8648 0.0559
vn 0.4594 -0.8707 -0.1756
vn 0.6452 0.7638 0.0177
vn 0.3098 -0.9390 -0.1496
vn 0.7827 0.6220 -0.0207
vn 0.1794 -0.9774 -0.1121
vn 0.9144 0.3983 -0.0720
vn 0.5092 0.8589 0.0544
vn 0.4928 -0.8666 -0.0791
vn 0.6582 0.7514 0.0469
vn 0.3390 -0.9387 -0.0632
vn 0.8020 0.5967 0.0266
vn 0.2014 -0.9788 -0.0376
vn 0.9292 0.3697 0.0008
vn 0.0737 -0.9973 -0.0028
vn 0.9975 0.0637 -0.0315
vn 0.1557 0.9877 0.0147
vn -0.0812 -0.9963 0.0279
vn 0.9618 -0.2667 -0.0615
vn 0.2656 0.9636 0.0316
vn 0.8328 -0.5477 -0.0803
vn 0.3912 0.9192 0.0446
vn 0.6625 -0.7441 -0.0854
vn 0.9964 0.0622 0.0570
vn 0.1553 0.9878 0.0109
vn -0.0401 -0.9942 0.0999
vn 0.9624 -0.2644 0.0616
vn 0.2718 0.9619 0.0283
vn 0.8391 -0.5403 0.0636
vn 0.3916 0.9196 0.0319
vn 0.6718 -0.7379 0.0652
vn 0.5163 0.8557 0.0354
vn 0.5058 -0.8598 0.0696
vn 0.6523 0.7569 0.0400
vn 0.3552 -0.9318 0.0752
vn 0.8003 0.5979 0.0452
vn 0.2152 -0.9731 0.0820
vn 0.9285 0.3679 0.0508
vn 0.0873 -0.9919 0.0925
vn 0.4964 -0.8423 0.2100
vn 0.6492 0.7606 -0.0017
vn 0.3395 -0.9216 0.1881
vn 0.7917 0.6098 0.0371
vn 0.1950 -0.9660 0.1697
vn 0.9190 0.3839 0.0893
vn 0.0727 -0.9853 0.1545
vn 0.9856 0.0850 0.1459
vn 0.1577 0.9835 -0.0884
vn -0.0443 -0.9898 0.1353
vn 0.9510 -0.2416 0.1928
vn 0.2836 0.9573 -0.0555
vn 0.8252 -0.5209 0.2186
vn 0.3908 0.9195 -0.0431
vn 0.6583 -0.7189 0.2231
vn 0.5174 0.8553 -0.0284
vn 0.1399 0.9893 -0.0404
vn 0.0251 -0.9996 0.0141
vn 0.9302 -0.2230 0.2914
vn 0.2595 0.9657 -0.0049
vn 0.8026 -0.5130 0.3045
vn 0.3463 0.9379 0.0191
vn 0.6378 -0.7119 0.2940
vn 0.4663 0.8834 0.0471
vn 0.4936 -0.8274 0.2679
vn 0.5984 0.7972 0.0807
vn 0.3362 -0.9149 0.2236
vn 0.7424 0.6583 0.1244
vn 0.2076 -0.9629 0.1727
vn 0.8847 0.4284 0.1839
vn 0.1168 -0.9877 0.1041
vn 0.9620 0.1192 0.2458
vn 0.5720 0.8188 0.0486
vn 0.2725 -0.8995 0.3417
vn 0.7173 0.6883 0.1084
vn 0.1494 -0.9531 0.2633
vn 0.8487 0.4872 0.2057
vn 0.0421 -0.9795 0.1968
vn 0.9237 0.1791 0.3387
vn 0.1034 0.9946 -0.0017
vn -0.0877 -0.9873 0.1327
vn 0.8753 -0.1769 0.4501
vn 0.2457 0.9692 -0.0159
vn 0.7251 -0.4809 0.4930
vn 0.3624 0.9320 -0.0036
vn 0.5674 -0.6778 0.4676
vn 0.4595 0.8877 0.0280
vn 0.4131 -0.8137 0.4088
vn 0.7933 -0.1006 0.6005
vn 0.2368 0.9710 -0.0331
vn 0.6286 -0.4200 0.6546
vn 0.3343 0.9425 -0.0023
vn 0.4637 -0.6238 0.6292
vn 0.4320 0.9018 -0.0157
vn 0.3104 -0.7722 0.5544
vn 0.5371 0.8435 0.0116
vn 0.2068 -0.8688 0.4499
vn 0.6518 0.7539 0.0818
vn 0.1036 -0.9383 0.3298
vn 0.7839 0.5759 0.2322
vn 0.0183 -0.9746 0.2232
vn 0.8552 0.2768 0.4381
vn 0.1940 0.9794 -0.0565
vn -0.0962 -0.9858 0.1377
vn 0.1572 -0.8277 0.5388
vn 0.5647 0.8241 0.0458
vn 0.0738 -0.9214 0.3815
vn 0.6960 0.6575 0.2885
vn -0.0125 -0.9692 0.2459
vn 0.7560 0.3801 0.5328
vn 0.1705 0.9842 -0.0476
vn -0.1078 -0.9840 0.1418
vn 0.6886 -0.0315 0.7244
vn 0.2133 0.9766 -0.0274
vn 0.5006 -0.3927 0.7715
vn 0.2524 0.9672 0.0283
vn 0.3480 -0.5778 0.7382
vn 0.2665 0.9629 -0.0428
vn 0.2302 -0.7188 0.6560
vn 0.4341 0.9004 -0.0272
vn 0.3813 -0.3734 0.8457
vn 0.2431 0.9698 0.0197
vn 0.2693 -0.5653 0.7797
vn 0.2967 0.9431 -0.1502
vn 0.1532 -0.6941 0.7033
vn 0.3816 0.9230 -0.0487
vn 0.0667 -0.7942 0.6039
vn 0.3962 0.9151 0.0752
vn -0.0115 -0.8977 0.4405
vn 0.5219 0.7816 0.3416
vn -0.0435 -0.9639 0.2629
vn 0.5993 0.4902 0.6329
vn 0.1695 0.9844 -0.0474
vn -0.1077 -0.9840 0.1418
vn 0.5377 0.0242 0.8428
vn 0.1659 0.9860 -0.0160
vn -0.0558 -0.8748 0.4812
vn 0.3524 0.8702 0.3444
vn -0.0714 -0.9593 0.2732
vn 0.3977 0.5897 0.7029
vn 0.1011 0.9940 -0.0413
vn -0.1079 -0.9840 0.1418
vn 0.3299 0.0735 0.9411
vn 0.1299 0.9915 -0.0116
vn 0.2024 -0.3498 0.9147
vn 0.1868 0.9824 -0.0091
vn 0.1007 -0.5729 0.8134
vn 0.1403 0.9737 -0.1794
vn 0.0344 -0.6885 0.7245
vn 0.2077 0.9774 -0.0387
vn -0.0224 -0.7787 0.6270
vn 0.2876 0.9534 0.0909
vn 0.1019 0.9944 -0.0290
vn -0.0413 -0.5707 0.8201
vn 0.1063 0.9796 -0.1703
vn -0.0592 -0.6874 0.7239
vn 0.1405 0.9863 -0.0870
vn -0.0700 -0.7720 0.6318
vn 0.1521 0.9849 0.0832
vn -0.0741 -0.8650 0.4962
vn 0.1305 0.9249 0.3572
vn -0.0958 -0.9562 0.2765
vn 0.1027 0.6767 0.7291
vn 0.1340 0.9902 -0.0406
vn -0.1034 -0.9845 0.1419
vn 0.0451 0.1150 0.9923
vn 0.1106 0.9938 -0.0112
vn -0.0127 -0.3431 0.9392
vn -0.1236 0.9354 0.3313
vn -0.1184 -0.9548 0.2727
vn -0.2211 0.6967 0.6824
vn 0.0490 0.9975 -0.0513
vn -0.0963 -0.9851 0.1428
vn -0.2761 0.1323 0.9520
vn 0.0723 0.9972 -0.0171
vn -0.2512 -0.3381 0.9070
vn 0.0349 0.9991 -0.0258
vn -0.2275 -0.5690 0.7902
vn 0.0262 0.9828 -0.1828
vn -0.2053 -0.6791 0.7047
vn -0.0289 0.9928 -0.1163
vn -0.1642 -0.7646 0.6233
vn -0.0605 0.9977 0.0314
vn -0.1365 -0.8650 0.4829
vn -0.3299 -0.5696 0.7528
vn -0.0405 0.9846 -0.1700
vn -0.2651 -0.6761 0.6874
vn -0.1198 0.9849 -0.1250
vn -0.2242 -0.7701 0.5972
vn -0.2187 0.9757 -0.0134
vn -0.1973 -0.8714 0.4492
vn -0.3400 0.9135 0.2232
vn -0.1445 -0.9543 0.2615
vn -0.5041 0.6433 0.5763
vn 0.0485 0.9975 -0.0514
vn -0.0910 -0.9854 0.1439
vn -0.5589 0.1176 0.8209
vn -0.0093 0.9993 -0.0361
vn -0.4827 -0.2947 0.8247
vn -0.0494 0.9983 -0.0317
vn -0.1710 -0.9546 0.2438
vn -0.7087 0.5414 0.4524
vn 0.0363 0.9978 -0.0557
vn -0.0903 -0.9854 0.1441
vn -0.7454 0.0930 0.6601
vn -0.0131 0.9994 -0.0306
vn -0.6293 -0.2861 0.7226
vn -0.1420 0.9891 -0.0383
vn -0.4845 -0.5602 0.6719
vn -0.1574 0.9729 -0.1693
vn -0.3850 -0.6820 0.6219
vn -0.2295 0.9605 -0.1573
vn -0.2989 -0.7854 0.5420
vn -0.2620 0.9628 -0.0658
vn -0.2178 -0.8880 0.4049
vn -0.4528 0.8777 0.1569
vn -0.1697 0.9810 -0.0940
vn -0.4762 -0.6941 0.5399
vn -0.2870 0.9475 -0.1409
vn -0.3722 -0.8083 0.4562
vn -0.4501 0.8815 -0.1431
vn -0.2750 -0.9037 0.3282
vn -0.6910 0.7227 0.0175
vn -0.2075 -0.9540 0.2166
vn -0.8467 0.4519 0.2810
vn 0.0444 0.9977 -0.0517
vn -0.0950 -0.9853 0.1420
vn -0.8738 0.0579 0.4827
vn -0.0235 0.9992 -0.0318
vn -0.7501 -0.3244 0.5763
vn -0.1370 0.9906 0.0048
vn -0.5933 -0.5617 0.5766
vn -0.9037 0.3980 0.1581
vn 0.0371 0.9977 -0.0567
vn -0.1038 -0.9852 0.1363
vn -0.9459 0.0103 0.3243
vn -0.0438 0.9982 -0.0411
vn -0.8352 -0.3492 0.4249
vn -0.1770 0.9841 -0.0141
vn -0.6824 -0.5791 0.4461
vn -0.2567 0.9653 -0.0477
vn -0.5523 -0.7250 0.4116
vn -0.3790 0.9196 -0.1034
vn -0.4410 -0.8326 0.3351
vn -0.5591 0.8249 -0.0832
vn -0.3221 -0.9119 0.2542
vn -0.7305 0.6829 -0.0002
vn -0.2276 -0.9546 0.1920
vn -0.6136 -0.7491 0.2497
vn -0.4310 0.9015 -0.0398
vn -0.4884 -0.8440 0.2215
vn -0.5955 0.8026 -0.0342
vn -0.3602 -0.9136 0.1889
vn -0.7782 0.6281 -0.0016
vn -0.2573 -0.9568 0.1355
vn -0.9405 0.3306 0.0778
vn 0.0486 0.9978 -0.0455
vn -0.1972 -0.9793 0.0450
vn -0.9843 -0.0353 0.1727
vn -0.0745 0.9956 -0.0577
vn -0.8957 -0.3732 0.2417
vn -0.2059 0.9776 -0.0437
vn -0.7624 -0.5917 0.2620
vn -0.3083 0.9507 -0.0336
vn -0.1532 -0.9821 0.1096
vn -0.9973 -0.0576 0.0462
vn -0.0752 0.9965 -0.0350
vn -0.9227 -0.3768 0.0816
vn -0.2027 0.9784 -0.0393
vn -0.7984 -0.5933 0.1027
vn -0.3257 0.9447 -0.0375
vn -0.6539 -0.7480 0.1137
vn -0.4659 0.8841 -0.0354
vn -0.5267 -0.8425 0.1133
vn -0.6354 0.7715 -0.0321
vn -0.3970 -0.9124 0.0993
vn -0.8149 0.5793 -0.0193
vn -0.2675 -0.9591 0.0924
vn -0.9583 0.2855 0.0077
vn 0.0576 0.9978 -0.0316
vn -0.5232 -0.8481 0.0833
vn -0.6652 0.7354 -0.1291
vn -0.3877 -0.9166 0.0976
vn -0.8336 0.5396 -0.1183
vn -0.2687 -0.9570 0.1094
vn -0.9622 0.2564 -0.0915
vn 0.0416 0.9918 -0.1209
vn -0.1508 -0.9816 0.1170
vn -0.9962 -0.0687 -0.0532
vn -0.0930 0.9889 -0.1154
vn -0.9273 -0.3742 -0.0070
vn -0.2244 0.9680 -0.1120
vn -0.8039 -0.5939 0.0331
vn -0.3563 0.9265 -0.1214
vn -0.6604 -0.7483 0.0633
vn -0.4998 0.8564 -0.1297
vn -0.1055 0.9943 0.0171
vn -0.9156 -0.3718 -0.1530
vn -0.2084 0.9778 0.0213
vn -0.7916 -0.5968 -0.1312
vn -0.3734 0.9277 0.0020
vn -0.6535 -0.7503 -0.0995
vn -0.4963 0.8680 -0.0155
vn -0.5173 -0.8535 -0.0623
vn -0.6735 0.7369 -0.0570
vn -0.3920 -0.9197 -0.0218
vn -0.8316 0.5463 -0.0999
vn -0.2761 -0.9609 0.0231
vn -0.9568 0.2549 -0.1397
vn 0.0053 0.9984 0.0565
vn -0.1452 -0.9875 0.0617
vn -0.9850 -0.0703 -0.1573
vn -0.6518 0.7509 -0.1066
vn -0.3782 -0.9188 -0.1127
vn -0.8112 0.5616 -0.1630
vn -0.2618 -0.9637 -0.0523
vn -0.9370 0.2708 -0.2205
vn 0.0182 0.9996 0.0233
vn -0.1016 -0.9948 0.0105
vn -0.9649 -0.0555 -0.2567
vn -0.0906 0.9958 -0.0118
vn -0.8949 -0.3614 -0.2618
vn -0.1568 0.9875 0.0132
vn -0.7705 -0.5894 -0.2428
vn -0.3577 0.9337 -0.0164
vn -0.6334 -0.7449 -0.2095
vn -0.4713 0.8805 -0.0511
vn -0.5006 -0.8497 -0.1654
vn -0.8565 -0.3659 -0.3640
vn -0.1611 0.9859 0.0449
vn -0.7282 -0.5987 -0.3335
vn -0.3272 0.9448 -0.0182
vn -0.5929 -0.7519 -0.2883
vn -0.4626 0.8841 -0.0658
vn -0.4639 -0.8538 -0.2361
vn -0.6146 0.7771 -0.1355
vn -0.3497 -0.9202 -0.1757
vn -0.7810 0.5848 -0.2192
vn -0.2423 -0.9652 -0.0983
vn -0.9060 0.2957 -0.3030
vn 0.0097 0.9994 0.0342
vn -0.0809 -0.9967 -0.0034
vn -0.9327 -0.0502 -0.3572
vn -0.1210 0.9915 0.0468
vn -0.3151 -0.9238 -0.2175
vn -0.7190 0.6219 -0.3105
vn -0.2187 -0.9665 -0.1344
vn -0.8499 0.3234 -0.4161
vn -0.0136 0.9986 0.0518
vn -0.0556 -0.9984 -0.0142
vn -0.8815 -0.0521 -0.4693
vn -0.0893 0.9943 0.0581
vn -0.7975 -0.3890 -0.4612
vn -0.1642 0.9859 0.0336
vn -0.6552 -0.6282 -0.4196
vn -0.2770 0.9607 -0.0162
vn -0.5290 -0.7664 -0.3643
vn -0.4278 0.8994 -0.0898
vn -0.4170 -0.8609 -0.2916
vn -0.5702 0.7986 -0.1926
vn -0.1394 0.9897 0.0324
vn -0.5910 -0.6595 -0.4645
vn -0.2160 0.9750 -0.0517
vn -0.4630 -0.7923 -0.3974
vn -0.2948 0.9401 -0.1713
vn -0.3515 -0.8725 -0.3394
vn -0.4326 0.8509 -0.2982
vn -0.2627 -0.9312 -0.2526
vn -0.6008 0.6743 -0.4294
vn -0.1925 -0.9682 -0.1599
vn -0.7535 0.3550 -0.5534
vn 0.0980 0.9952 -0.0004
vn -0.0419 -0.9990 -0.0180
vn -0.7978 -0.0671 -0.5992
vn 0.0050 0.9986 0.0518
vn -0.7166 -0.4298 -0.5493
vn -0.4545 0.7248 -0.5178
vn -0.1651 -0.9705 -0.1760
vn -0.6110 0.3867 -0.6907
vn -0.0329 0.9989 0.0341
vn -0.0430 -0.9989 -0.0178
vn -0.6618 -0.0975 -0.7433
vn -0.0019 0.9974 0.0717
vn -0.5818 -0.4894 -0.6496
vn -0.0413 0.9990 0.0176
vn -0.4707 -0.7109 -0.5226
vn -0.1155 0.9872 -0.1096
vn -0.3754 -0.8291 -0.4144
vn -0.1881 0.9571 -0.2205
vn -0.2916 -0.8898 -0.3511
vn -0.3031 0.8867 -0.3492
vn -0.2086 -0.9369 -0.2805
vn -0.3163 -0.7615 -0.5657
vn -0.0142 0.9909 -0.1337
vn -0.2587 -0.8612 -0.4374
vn -0.0667 0.9688 -0.2388
vn -0.2032 -0.9156 -0.3470
vn -0.1407 0.9126 -0.3840
vn -0.1684 -0.9403 -0.2956
vn -0.2492 0.7678 -0.5903
vn -0.1352 -0.9735 -0.1845
vn -0.3827 0.4142 -0.8258
vn -0.1113 0.9929 0.0431
vn -0.0593 -0.9981 -0.0167
vn -0.4411 -0.1419 -0.8862
vn -0.0259 0.9976 0.0644
vn -0.3881 -0.5571 -0.7341
vn 0.0252 0.9997 0.0004
vn -0.1039 -0.9769 -0.1866
vn -0.0527 0.4167 -0.9075
vn 0.0877 0.9951 0.0454
vn -0.0865 -0.9961 -0.0169
vn -0.1168 -0.1946 -0.9739
vn 0.0791 0.9952 0.0569
vn -0.1364 -0.6170 -0.7750
vn 0.0826 0.9965 -0.0114
vn -0.1342 -0.8026 -0.5812
vn 0.0791 0.9877 -0.1345
vn -0.1282 -0.8871 -0.4433
vn 0.0664 0.9680 -0.2419
vn -0.1222 -0.9314 -0.3429
vn 0.0463 0.9178 -0.3945
vn -0.1165 -0.9473 -0.2985
vn 0.0104 0.7820 -0.6231
vn 0.0381 -0.8612 -0.5068
vn 0.2774 0.7068 -0.6508
vn -0.1868 0.8915 0.4126
vn -0.0083 -0.9631 -0.2689
vn 0.2774 0.1640 -0.9467
vn -0.0999 0.8927 0.4394
vn 0.2061 -0.2976 -0.9322
vn 0.0043 0.9201 0.3917
vn 0.1438 -0.5380 -0.8306
vn 0.0704 0.9626 0.2618
vn 0.1010 -0.6651 -0.7399
vn 0.1010 0.9822 0.1581
vn 0.0704 -0.7416 -0.6672
vn 0.1438 0.9896 0.0022
vn 0.0620 -0.7769 -0.6266
vn 0.2061 0.9447 -0.2549
vn -0.0322 0.9976 -0.0614
vn 0.0153 -0.7683 -0.6399
vn -0.0449 0.9429 -0.3300
vn 0.0113 -0.8575 -0.5144
vn -0.0580 0.7054 -0.7065
vn -0.0197 0.8397 0.5427
vn 0.0487 -0.9663 -0.2529
vn -0.0580 0.2116 -0.9756
vn -0.0859 0.8894 0.4489
vn -0.0449 -0.2335 -0.9713
vn -0.0522 0.9179 0.3933
vn -0.0322 -0.4889 -0.8717
vn -0.0161 0.9734 0.2283
vn -0.0229 -0.6314 -0.7751
vn -0.0229 0.9936 0.1107
vn -0.0028 -0.7182 -0.6958
vn -0.2596 -0.1823 -0.9484
vn -0.1365 0.9126 0.3854
vn -0.1938 -0.4428 -0.8754
vn -0.1359 0.9670 0.2153
vn -0.1412 -0.5990 -0.7882
vn -0.1412 0.9870 0.0764
vn -0.0846 -0.6851 -0.7235
vn -0.1938 0.9757 -0.1021
vn -0.0219 -0.7705 -0.6370
vn -0.2596 0.8959 -0.3606
vn -0.0182 -0.8573 -0.5145
vn -0.3188 0.6532 -0.6867
vn -0.1472 0.8694 0.4716
vn 0.0955 -0.9654 -0.2425
vn -0.3189 0.2233 -0.9211
vn -0.1421 0.8948 0.4233
vn -0.0788 -0.7758 -0.6261
vn -0.4256 0.8311 -0.3580
vn -0.0383 -0.8630 -0.5037
vn -0.5012 0.5888 -0.6341
vn -0.1563 0.8698 0.4680
vn 0.1299 -0.9627 -0.2373
vn -0.5012 0.2140 -0.8385
vn -0.1826 0.8916 0.4143
vn -0.4256 -0.1493 -0.8925
vn -0.2746 0.9011 0.3354
vn -0.3300 -0.4045 -0.8529
vn -0.2866 0.9267 0.2431
vn -0.2299 -0.5639 -0.7932
vn -0.2683 0.9593 0.0882
vn -0.1375 -0.6735 -0.7263
vn -0.3307 0.9361 -0.1200
vn -0.4053 -0.3931 -0.8253
vn -0.3712 0.8927 0.2556
vn -0.2932 -0.5556 -0.7780
vn -0.4806 0.8708 0.1039
vn -0.2086 -0.6826 -0.7003
vn -0.5494 0.8319 -0.0789
vn -0.1350 -0.7836 -0.6064
vn -0.6092 0.7340 -0.3003
vn -0.0610 -0.8742 -0.4817
vn -0.6615 0.5074 -0.5523
vn -0.1315 0.8720 0.4715
vn 0.1328 -0.9624 -0.2371
vn -0.6418 0.1790 -0.7457
vn -0.2084 0.8911 0.4032
vn -0.5421 -0.1437 -0.8279
vn -0.3037 0.9021 0.3067
vn -0.0871 -0.8909 -0.4457
vn -0.7610 0.4315 -0.4844
vn -0.1198 0.8750 0.4691
vn 0.1121 -0.9653 -0.2358
vn -0.7315 0.1296 -0.6694
vn -0.2309 0.8936 0.3848
vn -0.6274 -0.1672 -0.7605
vn -0.3098 0.9009 0.3038
vn -0.4963 -0.4050 -0.7679
vn -0.4072 0.8883 0.2125
vn -0.3704 -0.5782 -0.7269
vn -0.4860 0.8663 0.1153
vn -0.2607 -0.7040 -0.6606
vn -0.5908 0.8053 -0.0491
vn -0.1710 -0.8022 -0.5720
vn -0.7018 0.6649 -0.2556
vn -0.4434 0.8736 0.2005
vn -0.4208 -0.6165 -0.6655
vn -0.5274 0.8414 0.1175
vn -0.3058 -0.7398 -0.5993
vn -0.6575 0.7521 -0.0450
vn -0.2067 -0.8352 -0.5096
vn -0.7623 0.6014 -0.2392
vn -0.1142 -0.9128 -0.3921
vn -0.8179 0.3683 -0.4420
vn -0.0667 0.9019 0.4268
vn 0.0713 -0.9715 -0.2262
vn -0.7903 0.0666 -0.6091
vn -0.2270 0.9109 0.3446
vn -0.6856 -0.2209 -0.6937
vn -0.3438 0.8901 0.2993
vn -0.5514 -0.4495 -0.7028
vn -0.8579 0.2997 -0.4173
vn -0.2615 0.5297 0.8068
vn 0.0157 -0.9801 -0.1977
vn -0.8327 -0.0166 -0.5535
vn -0.2392 0.8926 0.3821
vn -0.7285 -0.3083 -0.6117
vn -0.3322 0.9140 0.2328
vn -0.5953 -0.5277 -0.6059
vn -0.4448 0.8795 0.1691
vn -0.4640 -0.6856 -0.5610
vn -0.5519 0.8301 0.0798
vn -0.3460 -0.7983 -0.4929
vn -0.6732 0.7370 -0.0605
vn -0.2401 -0.8807 -0.4082
vn -0.7923 0.5610 -0.2400
vn -0.1435 -0.9402 -0.3090
vn -0.5070 -0.7742 -0.3788
vn -0.5015 0.8576 -0.1140
vn -0.3808 -0.8688 -0.3166
vn -0.6471 0.7346 -0.2042
vn -0.2651 -0.9318 -0.2479
vn -0.7918 0.5237 -0.3143
vn -0.1637 -0.9697 -0.1816
vn -0.8811 0.2250 -0.4160
vn -0.0545 0.9935 0.1002
vn -0.0458 -0.9909 -0.1269
vn -0.8741 -0.1179 -0.4712
vn -0.1381 0.9833 0.1181
vn -0.7783 -0.4154 -0.4708
vn -0.2670 0.9625 0.0490
vn -0.6419 -0.6331 -0.4327
vn -0.3808 0.9238 -0.0394
vn -0.0483 0.9984 0.0296
vn -0.0512 -0.9964 -0.0680
vn -0.9158 -0.1723 -0.3628
vn -0.1451 0.9893 -0.0137
vn -0.8177 -0.4755 -0.3244
vn -0.2498 0.9661 -0.0660
vn -0.6689 -0.6919 -0.2717
vn -0.3664 0.9222 -0.1239
vn -0.5203 -0.8250 -0.2207
vn -0.5018 0.8439 -0.1897
vn -0.3854 -0.9054 -0.1780
vn -0.6550 0.7108 -0.2565
vn -0.2665 -0.9526 -0.1469
vn -0.8109 0.4902 -0.3196
vn -0.1511 -0.9824 -0.1101
vn -0.9123 0.1911 -0.3623
vn -0.4890 0.8716 -0.0354
vn -0.4028 -0.8852 -0.2326
vn -0.6574 0.7479 -0.0920
vn -0.2891 -0.9328 -0.2151
vn -0.8347 0.5251 -0.1660
vn -0.1988 -0.9470 -0.2525
vn -0.9497 0.2085 -0.2335
vn -0.0298 0.9927 0.1170
vn -0.1265 -0.8858 -0.4464
vn -0.9424 -0.1750 -0.2849
vn -0.1212 0.9890 0.0852
vn -0.8278 -0.4763 -0.2964
vn -0.2197 0.9751 0.0304
vn -0.6738 -0.6829 -0.2824
vn -0.3617 0.9323 -0.0096
vn -0.5241 -0.8124 -0.2556
vn -0.9726 -0.1907 -0.1329
vn -0.1313 0.9910 0.0251
vn -0.8275 -0.5436 -0.1403
vn -0.2225 0.9746 0.0265
vn -0.6509 -0.7489 -0.1247
vn -0.3385 0.9406 -0.0251
vn -0.4925 -0.8625 -0.1166
vn -0.5363 0.8426 -0.0491
vn -0.3604 -0.9265 -0.1080
vn -0.6490 0.7602 -0.0291
vn -0.2446 -0.9650 -0.0945
vn -0.8184 0.5702 -0.0711
vn -0.1507 -0.9841 -0.0942
vn -0.9705 0.2137 -0.1118
vn -0.0561 0.9960 0.0697
vn -0.0256 -0.9956 -0.0907
vn -0.3159 -0.9476 -0.0473
vn -0.6102 0.7872 0.0890
vn -0.2083 -0.9773 -0.0400
vn -0.7829 0.6150 0.0940
vn -0.1238 -0.9912 -0.0458
vn -0.9717 0.2258 0.0692
vn -0.0564 0.9960 0.0693
vn -0.0146 -0.9975 -0.0697
vn -0.9741 -0.2247 0.0252
vn -0.1118 0.9932 0.0330
vn -0.7980 -0.6025 -0.0135
vn -0.2352 0.9708 0.0462
vn -0.5829 -0.8122 -0.0244
vn -0.2536 0.9601 0.1175
vn -0.4677 -0.8836 -0.0246
vn -0.4619 0.8788 0.1197
vn -0.7468 -0.6473 0.1526
vn -0.1911 0.9764 0.1009
vn -0.5331 -0.8451 0.0397
vn -0.2899 0.9476 0.1346
vn -0.4271 -0.9041 0.0135
vn -0.3874 0.9037 0.1826
vn -0.2733 -0.9619 0.0006
vn -0.5362 0.8115 0.2324
vn -0.1935 -0.9807 -0.0267
vn -0.7148 0.6465 0.2665
vn -0.1243 -0.9913 -0.0433
vn -0.9293 0.2403 0.2805
vn -0.0603 0.9960 0.0652
vn -0.0108 -0.9978 -0.0647
vn -0.9282 -0.2912 0.2315
vn -0.0669 0.9942 0.0839
vn -0.1430 -0.9896 0.0181
vn -0.6334 0.6469 0.4246
vn -0.0894 -0.9959 -0.0124
vn -0.8087 0.2515 0.5318
vn -0.0274 0.9953 0.0933
vn -0.0157 -0.9974 -0.0697
vn -0.8057 -0.3558 0.4736
vn -0.0449 0.9931 0.1086
vn -0.6382 -0.6945 0.3322
vn -0.1191 0.9799 0.1601
vn -0.4342 -0.8826 0.1804
vn -0.2165 0.9519 0.2168
vn -0.3073 -0.9468 0.0953
vn -0.3061 0.9095 0.2813
vn -0.2171 -0.9748 0.0520
vn -0.4353 0.8454 0.3096
vn -0.0732 0.9788 0.1915
vn -0.2923 -0.9035 0.3135
vn -0.1421 0.9517 0.2721
vn -0.1872 -0.9679 0.1678
vn -0.2195 0.9121 0.3464
vn -0.1343 -0.9841 0.1159
vn -0.2639 0.8640 0.4287
vn -0.0958 -0.9942 0.0497
vn -0.4300 0.6470 0.6297
vn -0.0646 -0.9979 0.0079
vn -0.5775 0.2488 0.7775
vn -0.0218 0.9950 0.0973
vn -0.0170 -0.9973 -0.0708
vn -0.5695 -0.3963 0.7201
vn -0.0215 0.9913 0.1296
vn -0.4269 -0.7433 0.5151
vn -0.2089 0.6507 0.7300
vn -0.0354 -0.9990 0.0263
vn -0.2605 0.2150 0.9412
vn 0.0057 0.9936 0.1127
vn -0.0149 -0.9975 -0.0694
vn -0.2586 -0.3994 0.8796
vn 0.0022 0.9891 0.1471
vn -0.2090 -0.7485 0.6293
vn -0.0436 0.9793 0.1974
vn -0.1366 -0.9067 0.3990
vn -0.0817 0.9458 0.3142
vn -0.0873 -0.9699 0.2272
vn -0.0817 0.9007 0.4266
vn -0.0782 -0.9859 0.1481
vn -0.1192 0.8504 0.5125
vn -0.0465 -0.9959 0.0780
vn 0.0406 -0.8953 0.4436
vn 0.0323 0.9334 0.3574
vn 0.0327 -0.9537 0.2989
vn 0.0039 0.8876 0.4606
vn 0.0183 -0.9830 0.1830
vn 0.0273 0.8207 0.5707
vn 0.0120 -0.9940 0.1088
vn 0.0753 0.5804 0.8108
vn -0.0079 -0.9992 0.0395
vn 0.0658 0.1823 0.9810
vn 0.0050 0.9937 0.1124
vn -0.0210 -0.9972 -0.0724
vn 0.0450 -0.3681 0.9287
vn -0.0553 0.9921 0.1125
vn 0.0286 -0.7320 0.6807
vn 0.0019 0.9732 0.2298
vn 0.0185 -0.9987 0.0483
vn 0.2886 0.1644 0.9432
vn 0.0633 0.9894 0.1304
vn -0.0270 -0.9969 -0.0746
vn 0.3029 -0.3247 0.8960
vn 0.0362 0.9907 0.1315
vn 0.2688 -0.7012 0.6604
vn 0.0833 0.9572 0.2773
vn 0.2246 -0.8315 0.5082
vn 0.0911 0.9316 0.3518
vn 0.1350 -0.9321 0.3360
vn 0.1245 0.8661 0.4842
vn 0.0849 -0.9749 0.2056
vn 0.1798 0.7633 0.6206
vn 0.0469 -0.9910 0.1250
vn 0.2342 0.5373 0.8102
vn 0.1629 0.9136 0.3725
vn 0.2208 -0.9114 0.3472
vn 0.2469 0.8378 0.4869
vn 0.1536 -0.9628 0.2224
vn 0.3145 0.7186 0.6203
vn 0.1013 -0.9850 0.1398
vn 0.3653 0.5538 0.7483
vn 0.0431 -0.9977 0.0520
vn 0.4626 0.1389 0.8756
vn 0.0304 0.9917 0.1245
vn -0.0306 -0.9967 -0.0754
vn 0.4739 -0.2817 0.8343
vn 0.1225 0.9800 0.1570
vn 0.3746 -0.6657 0.6454
vn 0.1100 0.9606 0.2551
vn 0.3068 -0.7906 0.5299
vn 0.6014 0.1122 0.7910
vn 0.0691 0.9896 0.1259
vn -0.0295 -0.9967 -0.0753
vn 0.5936 -0.2542 0.7635
vn 0.1305 0.9757 0.1761
vn 0.5021 -0.5968 0.6259
vn 0.1288 0.9701 0.2057
vn 0.4078 -0.7675 0.4946
vn 0.2721 0.8761 0.3981
vn 0.3040 -0.8891 0.3422
vn 0.3301 0.8221 0.4638
vn 0.2123 -0.9494 0.2313
vn 0.4154 0.6939 0.5881
vn 0.1325 -0.9808 0.1434
vn 0.4801 0.5598 0.6754
vn 0.0673 -0.9965 0.0498
vn 0.5023 -0.8075 0.3091
vn 0.1739 0.8684 0.4643
vn 0.4025 -0.8937 0.1983
vn 0.3503 0.7163 0.6035
vn 0.3399 -0.9346 0.1053
vn 0.5076 0.5324 0.6775
vn 0.2970 -0.9549 0.0052
vn 0.6541 0.1565 0.7401
vn -0.1019 0.9836 0.1486
vn 0.3097 -0.9416 -0.1321
vn 0.7084 -0.1993 0.6771
vn -0.0273 0.9782 0.2060
vn 0.6714 -0.4973 0.5495
vn 0.0812 0.9691 0.2329
vn 0.5921 -0.6880 0.4196
vn 0.1775 0.9124 0.3688
vn 0.0214 -0.9997 -0.0084
vn 0.7574 -0.1756 0.6289
vn 0.1138 0.9831 0.1431
vn 0.6658 -0.4868 0.5655
vn 0.2216 0.9510 0.2154
vn 0.5445 -0.6971 0.4665
vn 0.3215 0.9135 0.2493
vn 0.4281 -0.8278 0.3626
vn 0.4234 0.8553 0.2987
vn 0.3100 -0.9174 0.2494
vn 0.6139 0.6458 0.4539
vn 0.2076 -0.9652 0.1590
vn 0.7064 0.4623 0.5360
vn 0.1237 -0.9897 0.0714
vn 0.7701 0.1987 0.6062
vn 0.0400 0.9952 0.0899
vn 0.2883 -0.9277 0.2372
vn 0.6686 0.6442 0.3714
vn 0.1718 -0.9730 0.1542
vn 0.7766 0.4119 0.4766
vn 0.0790 -0.9935 0.0819
vn 0.8394 0.1227 0.5294
vn 0.3479 0.9173 -0.1935
vn -0.0144 -0.9996 0.0254
vn 0.8076 -0.2263 0.5446
vn 0.2978 0.9532 -0.0529
vn 0.6899 -0.5293 0.4939
vn 0.3540 0.9310 0.0885
vn 0.5510 -0.7246 0.4140
vn 0.4438 0.8772 0.1829
vn 0.4088 -0.8544 0.3208
vn 0.5421 0.8068 0.2349
vn 0.1356 0.9460 0.2946
vn 0.7700 -0.5619 0.3024
vn 0.2467 0.9061 0.3436
vn 0.6290 -0.7511 0.2005
vn 0.3724 0.8420 0.3903
vn 0.4908 -0.8637 0.1148
vn 0.5089 0.7431 0.4346
vn 0.3606 -0.9318 0.0401
vn 0.6445 0.6140 0.4556
vn 0.2414 -0.9702 -0.0225
vn 0.7990 0.3520 0.4875
vn 0.1351 -0.9879 -0.0760
vn 0.8798 0.0470 0.4731
vn -0.0022 0.9774 0.2114
vn -0.0110 -0.9899 -0.1412
vn 0.8693 -0.2849 0.4040
vn 0.6673 0.5306 0.5227
vn 0.2639 -0.9479 -0.1786
vn 0.8191 0.3135 0.4804
vn 0.1464 -0.9722 -0.1829
vn 0.9213 0.0259 0.3879
vn -0.0411 0.9586 0.2818
vn -0.0394 -0.9771 -0.2092
vn 0.9251 -0.2863 0.2495
vn 0.0996 0.9099 0.4027
vn 0.8302 -0.5480 0.1023
vn 0.2251 0.8483 0.4792
vn 0.6855 -0.7278 -0.0187
vn 0.3613 0.7777 0.5144
vn 0.5338 -0.8394 -0.1028
vn 0.5090 0.6784 0.5298
vn 0.3931 -0.9065 -0.1540
vn 0.8573 -0.5134 -0.0381
vn 0.2291 0.8238 0.5185
vn 0.7004 -0.6948 -0.1636
vn 0.3666 0.7668 0.5269
vn 0.5410 -0.8043 -0.2456
vn 0.5161 0.6787 0.5225
vn 0.3995 -0.8706 -0.2873
vn 0.6776 0.5435 0.4954
vn 0.2699 -0.9166 -0.2951
vn 0.8408 0.3359 0.4245
vn 0.1457 -0.9509 -0.2731
vn 0.9540 0.0545 0.2949
vn -0.0817 0.9003 0.4276
vn -0.0858 -0.9592 -0.2694
vn 0.9590 -0.2552 0.1237
vn 0.0880 0.8655 0.4930
vn 0.2594 -0.8869 -0.3823
vn 0.8506 0.3900 0.3526
vn 0.1385 -0.9293 -0.3425
vn 0.9744 0.1128 0.1943
vn -0.0842 0.8822 0.4633
vn -0.1255 -0.9438 -0.3056
vn 0.9767 -0.2145 -0.0031
vn 0.0874 0.8538 0.5132
vn 0.8533 -0.4871 -0.1861
vn 0.2345 0.8138 0.5318
vn 0.6805 -0.6625 -0.3130
vn 0.3606 0.7622 0.5376
vn 0.5297 -0.7644 -0.3677
vn 0.5113 0.6815 0.5236
vn 0.3846 -0.8379 -0.3872
vn 0.6872 0.5636 0.4583
vn 0.2077 0.8227 0.5291
vn 0.6480 -0.6522 -0.3932
vn 0.3439 0.7912 0.5057
vn 0.4780 -0.7466 -0.4627
vn 0.4702 0.7720 0.4277
vn 0.3530 -0.8017 -0.4824
vn 0.6441 0.6844 0.3418
vn 0.2362 -0.8610 -0.4504
vn 0.8289 0.5071 0.2361
vn 0.1263 -0.9095 -0.3960
vn 0.9761 0.2074 0.0656
vn -0.0777 0.8575 0.5086
vn -0.1491 -0.9348 -0.3222
vn 0.9761 -0.1675 -0.1388
vn 0.0748 0.8609 0.5033
vn 0.8289 -0.4733 -0.2983
vn 0.7655 0.6312 0.1249
vn 0.1104 -0.8931 -0.4361
vn 0.9403 0.3281 -0.0904
vn -0.0666 0.8392 0.5398
vn -0.1503 -0.9344 -0.3229
vn 0.9403 -0.1018 -0.3247
vn 0.0877 0.8482 0.5223
vn 0.7655 -0.4469 -0.4628
vn 0.1636 0.8441 0.5107
vn 0.5716 -0.6405 -0.5128
vn 0.3028 0.8552 0.4206
vn 0.4163 -0.7429 -0.5242
vn 0.4163 0.8431 0.3404
vn 0.3095 -0.7851 -0.5364
vn 0.5716 0.7781 0.2605
vn 0.1942 -0.8314 -0.5207
vn 0.4618 -0.6164 -0.6378
vn 0.2307 0.9097 0.3452
vn 0.3288 -0.7222 -0.6085
vn 0.3288 0.9028 0.2773
vn 0.2240 -0.7761 -0.5895
vn 0.4618 0.8701 0.1726
vn 0.1647 -0.8089 -0.5645
vn 0.6439 0.7651 -0.0037
vn 0.0871 -0.8790 -0.4689
vn 0.8324 0.4755 -0.2847
vn -0.0624 0.8347 0.5471
vn -0.1250 -0.9421 -0.3111
vn 0.8324 -0.0183 -0.5539
vn 0.0595 0.8592 0.5081
vn 0.6439 -0.4114 -0.6450
vn 0.1012 0.8851 0.4543
vn 0.0626 -0.8682 -0.4922
vn 0.6079 0.6215 -0.4942
vn -0.0746 0.8437 0.5316
vn -0.0752 -0.9536 -0.2915
vn 0.6079 0.0787 -0.7901
vn 0.0139 0.8732 0.4872
vn 0.4517 -0.3610 -0.8158
vn 0.0710 0.9044 0.4207
vn 0.3152 -0.5823 -0.7494
vn 0.1543 0.9409 0.3015
vn 0.2214 -0.6961 -0.6829
vn 0.2214 0.9512 0.2151
vn 0.1543 -0.7632 -0.6275
vn 0.3152 0.9453 0.0834
vn 0.1287 -0.7938 -0.5944
vn 0.4517 0.8813 -0.1386
vn -0.1308 0.0002 -0.9914
vn -0.1378 0.9683 0.2084
vn -0.0274 0.2122 0.9768
vn -0.0910 0.9786 -0.1845
vn -0.0922 -0.9957 -0.0078
vn -0.1267 0.9919 -0.0000
vn -0.1434 0.9675 -0.2082
vn 0.2633 -0.5379 0.8008
vn -0.0864 -0.9963 -0.0000
vn -0.1548 0.9879 -0.0000
vn 0.0015 1.0000 -0.0000
vn -0.0849 -0.9964 -0.0000
vn 0.1991 -0.9800 -0.0000
vn 0.0015 0.9776 -0.2105
vn -0.0300 -0.0000 0.9996
vn 0.0015 0.9776 0.2105
vn -0.0000 -0.0000 -1.0000
vn 0.1638 0.1294 -0.9780
vn 0.0995 0.1361 -0.9857
vn 0.2012 0.1177 -0.9725
vn -0.0873 0.9734 0.2118
vn -0.0837 0.9965 0.0036
vn -0.0575 0.0650 -0.9962
vn -0.0853 0.9962 0.0157
vn -0.0989 -0.9951 0.0060
vn -0.0600 0.0001 -0.9982
vn 1.0000 -0.0015 -0.0000
vn 1.0000 -0.0015 -0.0001
vn 0.0236 0.0285 -0.9993
vn -0.0000 -0.0000 1.0000
vn -0.0103 0.0753 0.9971
vn -0.1039 0.0002 0.9946
vn -0.1181 0.1107 -0.9868
vn -0.7422 0.0011 -0.6702
vn 0.9184 -0.3888 0.0732
vn 0.9904 -0.1383 -0.0000
vn 0.9903 -0.1387 0.0050
vn -0.0678 0.0134 -0.9976
vn -0.0137 -0.0329 0.9994
vn 0.1603 0.0555 0.9855
vn -0.0760 -0.0115 0.9970
vn -0.0888 0.0750 0.9932
vn 0.0548 -0.0001 0.9985
vn 0.0510 -0.3387 -0.9395
vn -0.2147 -0.5150 -0.8299
vn -0.3724 0.0559 0.9264
vn -0.4330 0.0572 0.8996
vn -0.3053 0.1444 0.9413
vn -0.0780 -0.9970 -0.0000
vn -0.0850 0.9964 0.0045
vn -0.0547 0.0183 -0.9983
vn -0.0835 0.9965 0.0010
vn -0.1145 0.9743 0.1942
vn -0.3980 -0.6988 0.5944
vn -0.0911 0.9750 -0.2027
vn 0.0199 0.0550 0.9983
vn -0.0515 0.2203 0.9741
vn -0.0853 0.9963 0.0124
vn -0.0564 0.0474 -0.9973
vn -0.0836 0.9965 0.0028
vn -0.0862 0.9773 0.1935
vn -0.0639 -0.9839 -0.1669
vn -0.0912 0.9775 -0.1902
vn -0.0837 0.9965 0.0029
vn -0.0838 0.9965 0.0037
vn -0.0098 0.0466 0.9989
vn -0.0855 0.9963 0.0124
vn -0.0852 0.9964 0.0046
vn -0.0858 0.9962 0.0158
vn 0.0599 0.0808 0.9949
vn -0.0850 -0.9964 -0.0000
vn -0.0916 0.9775 -0.1900
vn -0.0916 0.9750 -0.2026
vn 1.0000 -0.0015 0.0001
vn 0.1834 0.2261 0.9567
vn -0.0920 0.9786 -0.1841
vn -0.1468 0.9877 0.0532
vn -0.0841 0.9965 0.0040
vn -0.0838 0.9965 0.0010
vn -0.0840 0.9965 0.0029
vn -0.1359 0.9879 -0.0744
vn -0.0870 0.9961 0.0178
vn -0.0866 0.9962 0.0046
vn -0.0868 0.9961 0.0126
vn -0.0940 0.9792 -0.1800
vn 0.9782 -0.2000 -0.0562
vn -0.0941 0.9748 -0.2023
vn -0.0941 0.9774 -0.1891
vn -0.0958 0.9763 0.1939
vn -0.1054 0.9753 0.1942
vn 0.9703 -0.2283 0.0805
vn -0.0972 0.9723 0.2124
vn -0.1076 -0.9942 -0.0091
vn -0.1429 0.9747 0.1718
vn -0.0845 0.9964 0.0029
vn -0.0844 0.9964 0.0011
vn -0.0846 0.9964 0.0040
vn -0.1327 0.9884 0.0742
vn -0.0893 0.9959 0.0130
vn -0.0893 0.9960 0.0048
vn -0.0893 0.9958 0.0182
vn -0.1504 0.9859 -0.0740
vn 0.1298 -0.9820 0.1370
vn 0.9498 0.3118 -0.0244
vn 0.9050 0.4138 -0.0992
vn 0.9601 0.2785 -0.0247
vn 0.8468 0.5238 -0.0928
vn 0.5231 0.7944 -0.3088
vn 0.6595 0.6784 -0.3237
vn -0.0989 0.9773 -0.1873
vn -0.0991 0.9745 -0.2016
vn 0.9500 -0.3079 -0.0526
vn -0.0987 0.9792 -0.1774
vn -0.0905 -0.9959 0.0055
vn -0.4089 0.0578 0.9107
vn -0.0750 0.0001 0.9972
vn 0.0906 0.0561 0.9943
vn 0.2166 0.0251 -0.9759
vn 0.0723 0.9843 -0.1613
vn 0.1259 -0.9919 -0.0163
vn 0.0828 0.9962 0.0277
vn 0.1325 0.9752 -0.1772
vn -0.3067 -0.5606 0.7692
vn 0.1195 -0.9928 -0.0089
vn -0.0484 0.9987 0.0146
vn 0.0877 -0.9961 -0.0115
vn -0.0250 0.9806 -0.1942
vn -0.0500 0.9986 0.0153
vn 0.3159 -0.9312 0.1818
vn -0.0716 0.9719 0.2242
vn 0.1189 0.0206 -0.9927
vn -0.0915 0.1419 -0.9856
vn -0.0270 0.1508 -0.9882
vn -0.1288 0.1289 -0.9833
vn 0.0379 0.9717 0.2333
vn 0.0497 0.9984 0.0259
vn 0.1325 0.0850 -0.9875
vn 0.0504 0.9980 0.0381
vn 0.1315 -0.9913 -0.0019
vn 0.1374 0.0203 -0.9903
vn -0.9964 -0.0338 -0.0781
vn -0.9964 -0.0337 -0.0783
vn 0.1176 0.0206 -0.9929
vn -0.1203 -0.0207 0.9925
vn -0.0698 0.0573 0.9959
vn 0.1955 0.1095 -0.9746
vn -0.0430 -0.0463 0.9980
vn 0.1463 -0.9661 -0.2126
vn -0.9078 -0.4194 -0.0051
vn -0.9822 -0.1700 -0.0798
vn -0.9825 -0.1705 -0.0749
vn 0.1446 0.0338 -0.9889
vn 0.2870 -0.7116 0.6413
vn -0.2382 0.0323 0.9707
vn -0.1322 -0.0201 0.9910
vn -0.1189 -0.0207 0.9927
vn 0.1842 0.0240 -0.9826
vn 0.1164 0.0206 -0.9930
vn -0.9964 -0.0337 -0.0784
vn -0.9964 -0.0336 -0.0779
vn 0.2972 0.0509 0.9535
vn 0.2690 0.1940 0.9434
vn 0.2261 0.1368 0.9644
vn 0.1111 -0.9938 -0.0096
vn 0.0509 0.9983 0.0269
vn 0.1315 0.0383 -0.9906
vn 0.0497 0.9985 0.0233
vn 0.0663 0.9737 0.2179
vn 0.1604 -0.9870 0.0026
vn 0.0739 0.9810 -0.1796
vn -0.0993 0.0361 0.9944
vn -0.0318 0.2040 0.9784
vn 0.0507 0.9981 0.0347
vn 0.1322 0.0675 -0.9889
vn 0.0497 0.9984 0.0251
vn 0.0381 0.9758 0.2151
vn 0.1096 -0.9781 -0.1769
vn 0.0729 0.9833 -0.1670
vn 0.0498 0.9984 0.0251
vn -0.9964 -0.0336 -0.0783
vn -0.9822 -0.1700 -0.0797
vn -0.9964 -0.0338 -0.0783
vn 0.0498 0.9984 0.0258
vn -0.0695 0.0286 0.9972
vn 0.0509 0.9981 0.0347
vn 0.1112 -0.9938 -0.0096
vn 0.0512 0.9983 0.0269
vn -0.9822 -0.1700 -0.0796
vn 0.0508 0.9980 0.0382
vn -0.1398 0.0606 0.9883
vn 0.0733 0.9833 -0.1668
vn 0.0743 0.9810 -0.1795
vn -0.9825 -0.1705 -0.0748
vn -0.2647 0.2025 0.9428
vn -0.0251 0.9806 -0.1942
vn 0.0731 0.9843 -0.1608
vn -0.0489 0.9987 0.0154
vn 0.0501 0.9984 0.0263
vn 0.0501 0.9985 0.0233
vn 0.0501 0.9984 0.0251
vn 0.1195 -0.9928 -0.0090
vn 0.0876 -0.9961 -0.0115
vn 0.0987 0.9941 -0.0459
vn -0.0504 0.9986 0.0153
vn 0.0519 0.9978 0.0402
vn 0.0526 0.9983 0.0271
vn 0.0522 0.9980 0.0351
vn 0.0876 -0.9961 -0.0114
vn 0.0749 0.9848 -0.1566
vn 0.1185 0.9851 -0.1246
vn -0.0255 0.9806 -0.1942
vn -0.9636 -0.2303 -0.1358
vn 0.0768 0.9809 -0.1789
vn 0.0757 0.9833 -0.1657
vn 0.0477 0.9752 0.2162
vn 0.0572 0.9744 0.2172
vn -0.9654 -0.2609 0.0006
vn -0.9964 -0.0338 -0.0784
vn 0.0477 0.9709 0.2347
vn -0.0643 0.9753 0.2113
vn 0.1412 -0.9898 -0.0164
vn 0.0506 0.9984 0.0252
vn 0.0506 0.9984 0.0234
vn 0.0506 0.9984 0.0264
vn -0.0496 0.9987 0.0153
vn 0.0546 0.9979 0.0356
vn 0.0552 0.9981 0.0274
vn 0.0542 0.9977 0.0409
vn -0.0511 0.9986 0.0152
vn 0.1017 0.9944 0.0293
vn -0.6547 0.6627 -0.3637
vn -0.5239 0.7826 -0.3363
vn 0.0803 0.9833 -0.1635
vn 0.0818 0.9807 -0.1778
vn -0.9321 -0.3373 -0.1317
vn -0.0262 0.9806 -0.1943
vn 0.1187 0.9767 -0.1789
vn 0.0793 0.9849 -0.1537
vn 0.1231 -0.9924 -0.0031
vn 0.3347 0.0543 0.9408
vn 0.1168 0.0180 -0.9930
vn 0.1606 0.1959 -0.9674
vn -0.1694 0.0350 0.9849
vn -0.0528 -0.1556 0.9864
vn 0.6170 0.3734 0.6928
vn 0.7365 0.3897 -0.5529
vn 0.8060 0.4526 0.3816
vn 0.1639 0.2249 -0.9605
vn -0.0712 0.2070 0.9758
vn -0.0666 0.1658 0.9839
vn -0.0686 0.1839 0.9805
vn 0.8585 0.4669 -0.2122
vn 0.0014 0.1668 0.9860
vn 0.6367 0.3285 0.6977
vn 0.0975 0.2725 -0.9572
vn 0.1037 0.2273 -0.9683
vn 0.1010 0.2472 -0.9637
vn 0.0856 0.9808 0.1753
vn 0.0416 0.1668 0.9851
vn 0.0424 0.9764 0.2117
vn -0.0272 0.0328 0.9991
vn -0.0014 0.0830 0.9966
vn 0.0472 0.9793 0.1970
vn -0.8541 0.4979 -0.1506
vn -0.9079 0.3862 -0.1633
vn -0.9550 0.2815 -0.0938
vn -0.9641 0.2478 -0.0954
vn -0.9784 0.1911 -0.0789
vn -0.9884 0.1176 -0.0960
vn 0.9886 0.1492 -0.0210
vn 0.9749 0.2226 -0.0061
vn 0.0563 0.0956 0.9938
vn 0.0585 0.0956 0.9937
vn -0.1388 0.0754 0.9874
vn -0.1366 0.0755 0.9877
vt 0.153437 0.750789
vt 0.162581 0.750789
vt 0.162581 0.767499
vt 0.153437 0.767499
vt 0.153437 0.817631
vt 0.162581 0.817631
vt 0.162581 0.834342
vt 0.153437 0.834342
vt 0.153437 0.892829
vt 0.162581 0.892829
vt 0.162581 0.901185
vt 0.153437 0.901185
vt 0.153437 0.951317
vt 0.162581 0.951317
vt 0.162581 0.968027
vt 0.153437 0.968027
vt 0.162581 0.709012
vt 0.162581 0.700657
vt 0.212713 0.892829
vt 0.229424 0.892829
vt 0.229424 0.901185
vt 0.212713 0.901185
vt 0.162581 0.917895
vt 0.162581 0.784210
vt 0.162581 0.767499
vt 0.162581 0.851052
vt 0.134108 0.951317
vt 0.134108 0.968027
vt 0.134108 0.892829
vt 0.134108 0.901185
vt 0.134108 0.817631
vt 0.134108 0.834342
vt 0.134108 0.750789
vt 0.134108 0.767499
vt 0.105259 0.750789
vt 0.114779 0.750789
vt 0.114779 0.767499
vt 0.105259 0.767499
vt 0.105259 0.951317
vt 0.114779 0.951317
vt 0.114779 0.968027
vt 0.105259 0.968027
vt 0.162581 0.934606
vt 0.162581 0.800921
vt 0.134108 0.784210
vt 0.153437 0.784210
vt 0.156773 0.787573
vt 0.134108 0.917895
vt 0.153437 0.917895
vt 0.153437 0.934606
vt 0.134108 0.934606
vt 0.179292 0.892829
vt 0.196003 0.892829
vt 0.196003 0.901185
vt 0.179292 0.901185
vt 0.179292 0.851052
vt 0.196003 0.851052
vt 0.196003 0.867763
vt 0.179292 0.867763
vt 0.114779 0.717367
vt 0.134108 0.717367
vt 0.134108 0.734078
vt 0.114779 0.734078
vt 0.105259 0.717367
vt 0.105259 0.734078
vt 0.162581 0.734078
vt 0.162581 0.884474
vt 0.162581 0.867763
vt 0.153437 0.717367
vt 0.153437 0.734078
vt 0.134108 0.851052
vt 0.153437 0.851052
vt 0.153437 0.867763
vt 0.134108 0.867763
vt 0.212713 0.851052
vt 0.229424 0.851052
vt 0.229424 0.867763
vt 0.212713 0.867763
vt 0.162581 0.717367
vt 0.134108 0.800921
vt 0.006123 0.697592
vt 0.016421 0.707890
vt 0.006123 0.707890
vt 0.078437 0.697592
vt 0.073288 0.707890
vt 0.073288 0.697592
vt 0.114779 0.784210
vt 0.105259 0.784210
vt 0.114779 0.934606
vt 0.105259 0.934606
vt 0.212713 0.884474
vt 0.196003 0.884474
vt 0.016421 0.718189
vt 0.006123 0.718189
vt 0.179292 0.884474
vt 0.153437 0.709012
vt 0.134108 0.709012
vt 0.105259 0.709012
vt 0.114779 0.709012
vt 0.153437 0.884474
vt 0.134108 0.884474
vt 0.229424 0.884474
vt 0.054822 0.697592
vt 0.044524 0.707890
vt 0.044524 0.697592
vt 0.196003 0.834342
vt 0.212713 0.834342
vt 0.179292 0.834342
vt 0.229424 0.834342
vt 0.095739 0.734078
vt 0.095739 0.750789
vt 0.095739 0.709012
vt 0.095739 0.717367
vt 0.095739 0.767499
vt 0.095739 0.784210
vt 0.095739 0.951317
vt 0.095739 0.968027
vt 0.095739 0.700657
vt 0.105259 0.700657
vt 0.114779 0.700657
vt 0.134108 0.700657
vt 0.153437 0.700657
vt 0.043756 0.697592
vt 0.043756 0.709106
vt 0.039151 0.699895
vt 0.890896 0.090813
vt 0.889976 0.108566
vt 0.899691 0.109069
vt 0.900611 0.091316
vt 0.887218 0.161824
vt 0.886298 0.179577
vt 0.896013 0.180080
vt 0.896933 0.162327
vt 0.883080 0.241711
vt 0.882621 0.250587
vt 0.892336 0.251090
vt 0.892795 0.242214
vt 0.879862 0.303845
vt 0.878943 0.321597
vt 0.888658 0.322101
vt 0.889577 0.304348
vt 0.902909 0.046935
vt 0.903369 0.038059
vt 0.946053 0.244972
vt 0.945594 0.253849
vt 0.963346 0.254768
vt 0.963806 0.245892
vt 0.891416 0.268843
vt 0.898772 0.126822
vt 0.895094 0.197832
vt 0.859329 0.302781
vt 0.858409 0.320534
vt 0.866684 0.160760
vt 0.865765 0.178513
vt 0.870362 0.089750
vt 0.869442 0.107503
vt 0.839714 0.088163
vt 0.838795 0.105915
vt 0.848908 0.106439
vt 0.849828 0.088687
vt 0.828681 0.301194
vt 0.838795 0.301718
vt 0.827761 0.318947
vt 0.837875 0.319470
vt 0.860248 0.285029
vt 0.847989 0.124192
vt 0.847069 0.141944
vt 0.867603 0.143008
vt 0.868523 0.125255
vt 0.837875 0.123668
vt 0.890497 0.286596
vt 0.897393 0.153451
vt 0.897852 0.144574
vt 0.888137 0.144071
vt 0.889057 0.126319
vt 0.860708 0.276152
vt 0.880782 0.286092
vt 0.881241 0.277216
vt 0.919424 0.243593
vt 0.918965 0.252469
vt 0.927841 0.252929
vt 0.928301 0.244053
vt 0.890957 0.277719
vt 0.921723 0.199212
vt 0.920803 0.216964
vt 0.929680 0.217424
vt 0.930599 0.199671
vt 0.851667 0.053181
vt 0.850747 0.070934
vt 0.871281 0.071997
vt 0.872201 0.054245
vt 0.841553 0.052657
vt 0.840634 0.070410
vt 0.901530 0.073564
vt 0.893255 0.233338
vt 0.894175 0.215585
vt 0.891815 0.073061
vt 0.892734 0.055308
vt 0.864845 0.196266
vt 0.863926 0.214018
vt 0.884460 0.215082
vt 0.885379 0.197329
vt 0.948352 0.200591
vt 0.947432 0.218343
vt 0.965185 0.219263
vt 0.966105 0.201510
vt 0.902450 0.055811
vt 0.911927 0.216504
vt 0.912847 0.198752
vt 0.881701 0.268340
vt 0.910088 0.252010
vt 0.910548 0.243133
vt 0.883540 0.232834
vt 0.887678 0.152948
vt 0.806518 0.607948
vt 0.824434 0.625863
vt 0.824434 0.590032
vt 0.889522 0.590670
vt 0.872774 0.590670
vt 0.889522 0.624166
vt 0.928760 0.235176
vt 0.946513 0.236096
vt 0.826321 0.607947
vt 0.844236 0.625863
vt 0.844236 0.590032
vt 0.911008 0.234257
vt 0.893194 0.046432
vt 0.872660 0.045368
vt 0.842013 0.043781
vt 0.852126 0.044305
vt 0.919884 0.234717
vt 0.902449 0.055811
vt 0.964266 0.237015
vt 0.900995 0.615368
vt 0.926331 0.615368
vt 0.900995 0.590032
vt 0.931519 0.181919
vt 0.949271 0.182838
vt 0.913766 0.180999
vt 0.967024 0.183757
vt 0.922642 0.181459
vt 0.830520 0.069886
vt 0.829600 0.087639
vt 0.831899 0.043257
vt 0.831439 0.052134
vt 0.828681 0.105391
vt 0.827761 0.123144
vt 0.928219 0.615368
vt 0.942653 0.615368
vt 0.942653 0.590032
vt 0.858666 0.590032
vt 0.846124 0.612046
vt 0.858666 0.619191
vt 0.832358 0.034381
vt 0.842472 0.034905
vt 0.852586 0.035429
vt 0.873120 0.036492
vt 0.893654 0.037556
vt 0.986320 0.590032
vt 0.973652 0.590032
vt 0.986320 0.615368
vt 0.146025 0.348640
vt 0.148878 0.369946
vt 0.126315 0.369748
vt 0.127051 0.349288
vt 0.151708 0.405070
vt 0.117727 0.401790
vt 0.092081 0.388230
vt 0.107711 0.363536
vt 0.113504 0.347470
vt 0.092565 0.285037
vt 0.104144 0.326468
vt 0.085327 0.335508
vt 0.070324 0.288731
vt 0.058584 0.351953
vt 0.037891 0.294426
vt 0.069869 0.513429
vt 0.068075 0.559071
vt 0.044838 0.559679
vt 0.046164 0.513346
vt 0.067175 0.603446
vt 0.044787 0.604479
vt 0.028269 0.603504
vt 0.022218 0.558939
vt 0.022024 0.513132
vt 0.095876 0.156570
vt 0.106710 0.190530
vt 0.088631 0.195432
vt 0.069443 0.171429
vt 0.117757 0.208689
vt 0.100829 0.211460
vt 0.090013 0.216303
vt 0.078969 0.205195
vt 0.056100 0.187568
vt 0.133291 0.279076
vt 0.141350 0.320211
vt 0.121117 0.322874
vt 0.111735 0.282251
vt 0.230536 0.262468
vt 0.230536 0.328053
vt 0.199655 0.321354
vt 0.198130 0.268391
vt 0.204485 0.382516
vt 0.185931 0.361669
vt 0.176768 0.342815
vt 0.179210 0.318186
vt 0.175373 0.272376
vt 0.173419 0.167440
vt 0.207089 0.201624
vt 0.181111 0.218643
vt 0.158715 0.192165
vt 0.163022 0.228580
vt 0.152070 0.206627
vt 0.124211 0.237620
vt 0.104822 0.239815
vt 0.088572 0.240470
vt 0.083996 0.425717
vt 0.073128 0.467167
vt 0.048854 0.466781
vt 0.052917 0.421470
vt 0.023994 0.467319
vt 0.032896 0.434031
vt 0.068435 0.237544
vt 0.037980 0.231222
vt 0.110684 0.435354
vt 0.115399 0.468663
vt 0.095205 0.467464
vt 0.103097 0.422324
vt 0.115399 0.513037
vt 0.092851 0.513298
vt 0.145053 0.233613
vt 0.137416 0.206432
vt 0.155371 0.275631
vt 0.161736 0.318594
vt 0.164503 0.346957
vt 0.137063 0.185818
vt 0.142644 0.154274
vt 0.113702 0.555655
vt 0.091231 0.557909
vt 0.106314 0.589747
vt 0.089594 0.600612
vt 0.171263 0.366274
vt 0.183916 0.395917
vt 0.315225 0.348640
vt 0.334199 0.349288
vt 0.334935 0.369748
vt 0.312372 0.369946
vt 0.347745 0.347470
vt 0.353539 0.363536
vt 0.369169 0.388230
vt 0.343271 0.400935
vt 0.309541 0.405070
vt 0.368685 0.285037
vt 0.390926 0.288731
vt 0.375923 0.335508
vt 0.357106 0.326468
vt 0.423359 0.294426
vt 0.402666 0.351953
vt 0.365374 0.156570
vt 0.391807 0.171429
vt 0.372618 0.195432
vt 0.354540 0.190530
vt 0.405150 0.187568
vt 0.382280 0.205195
vt 0.371237 0.216303
vt 0.360421 0.211460
vt 0.343493 0.208689
vt 0.327958 0.279076
vt 0.349514 0.282251
vt 0.340133 0.322874
vt 0.319900 0.320211
vt 0.230714 0.262468
vt 0.263120 0.268391
vt 0.261595 0.321354
vt 0.230714 0.328053
vt 0.285877 0.272376
vt 0.282040 0.318186
vt 0.284482 0.342815
vt 0.275318 0.361669
vt 0.256765 0.382515
vt 0.287831 0.167440
vt 0.302535 0.192165
vt 0.280139 0.218643
vt 0.254161 0.201624
vt 0.309179 0.206627
vt 0.298228 0.228580
vt 0.356428 0.239815
vt 0.337039 0.237620
vt 0.372678 0.240470
vt 0.392814 0.237544
vt 0.423270 0.231222
vt 0.323834 0.206432
vt 0.316196 0.233613
vt 0.305878 0.275631
vt 0.299514 0.318594
vt 0.296747 0.346957
vt 0.318606 0.154274
vt 0.324187 0.185818
vt 0.289987 0.366274
vt 0.277334 0.395917
vt 0.794113 0.736897
vt 0.812752 0.736897
vt 0.812752 0.746216
vt 0.794113 0.746216
vt 0.645000 0.736897
vt 0.663639 0.736897
vt 0.663639 0.746216
vt 0.645000 0.746216
vt 0.775473 0.736897
vt 0.775473 0.746216
vt 0.626361 0.736897
vt 0.626361 0.746216
vt 0.756834 0.736897
vt 0.756834 0.746216
vt 0.607722 0.736897
vt 0.607722 0.746216
vt 0.738195 0.736897
vt 0.738195 0.746216
vt 0.589083 0.736897
vt 0.589083 0.746216
vt 0.719556 0.736897
vt 0.719556 0.746216
vt 0.570444 0.736897
vt 0.570444 0.746216
vt 0.700917 0.736897
vt 0.700917 0.746216
vt 0.551805 0.736897
vt 0.551805 0.746216
vt 0.682278 0.736897
vt 0.682278 0.746216
vt 0.831391 0.741557
vt 0.533165 0.741557
vt 0.665838 0.736897
vt 0.665838 0.746216
vt 0.700917 0.755536
vt 0.682278 0.755536
vt 0.831391 0.750876
vt 0.812752 0.755536
vt 0.533165 0.750876
vt 0.551805 0.755536
vt 0.665838 0.755536
vt 0.794113 0.755536
vt 0.663639 0.755536
vt 0.645000 0.755536
vt 0.775473 0.755536
vt 0.626361 0.755536
vt 0.756834 0.755536
vt 0.607722 0.755536
vt 0.738195 0.755536
vt 0.589083 0.755536
vt 0.719556 0.755536
vt 0.570444 0.755536
vt 0.626361 0.764855
vt 0.607722 0.764855
vt 0.756834 0.764855
vt 0.738195 0.764855
vt 0.589083 0.764855
vt 0.719556 0.764855
vt 0.570444 0.764855
vt 0.700917 0.764855
vt 0.551805 0.764855
vt 0.682278 0.764855
vt 0.831391 0.760196
vt 0.812752 0.764855
vt 0.533165 0.760196
vt 0.665838 0.764855
vt 0.794113 0.764855
vt 0.663639 0.764855
vt 0.645000 0.764855
vt 0.775473 0.764855
vt 0.533165 0.769515
vt 0.551805 0.774175
vt 0.682278 0.774175
vt 0.665838 0.774175
vt 0.812752 0.774175
vt 0.794113 0.774175
vt 0.663639 0.774175
vt 0.645000 0.774175
vt 0.775473 0.774175
vt 0.626361 0.774175
vt 0.756834 0.774175
vt 0.607722 0.774175
vt 0.738195 0.774175
vt 0.589083 0.774175
vt 0.719556 0.774175
vt 0.570444 0.774175
vt 0.700917 0.774175
vt 0.831391 0.769515
vt 0.607722 0.783495
vt 0.589083 0.783495
vt 0.738195 0.783495
vt 0.719556 0.783495
vt 0.570444 0.783495
vt 0.700917 0.783495
vt 0.551805 0.783495
vt 0.682278 0.783495
vt 0.831391 0.778835
vt 0.812752 0.783495
vt 0.533165 0.778835
vt 0.665838 0.783495
vt 0.794113 0.783495
vt 0.663639 0.783495
vt 0.645000 0.783495
vt 0.775473 0.783495
vt 0.626361 0.783495
vt 0.756834 0.783495
vt 0.812752 0.792814
vt 0.794113 0.792814
vt 0.663639 0.792814
vt 0.645000 0.792814
vt 0.775473 0.792814
vt 0.626361 0.792814
vt 0.756834 0.792814
vt 0.607722 0.792814
vt 0.738195 0.792814
vt 0.589083 0.792814
vt 0.719556 0.792814
vt 0.570444 0.792814
vt 0.700917 0.792814
vt 0.551805 0.792814
vt 0.682278 0.792814
vt 0.831391 0.788154
vt 0.533165 0.788154
vt 0.665838 0.792814
vt 0.738195 0.802134
vt 0.719556 0.802134
vt 0.589083 0.802134
vt 0.570444 0.802134
vt 0.700917 0.802134
vt 0.551805 0.802134
vt 0.682278 0.802134
vt 0.831391 0.797474
vt 0.812752 0.802134
vt 0.533165 0.797474
vt 0.665838 0.802134
vt 0.794113 0.802134
vt 0.663639 0.802134
vt 0.645000 0.802134
vt 0.775473 0.802134
vt 0.626361 0.802134
vt 0.756834 0.802134
vt 0.607722 0.802134
vt 0.663639 0.811453
vt 0.645000 0.811453
vt 0.794113 0.811453
vt 0.775473 0.811453
vt 0.626361 0.811453
vt 0.756834 0.811453
vt 0.607722 0.811453
vt 0.738195 0.811453
vt 0.589083 0.811453
vt 0.719556 0.811453
vt 0.570444 0.811453
vt 0.700917 0.811453
vt 0.551805 0.811453
vt 0.682278 0.811453
vt 0.831391 0.806794
vt 0.812752 0.811453
vt 0.533165 0.806794
vt 0.665838 0.811453
vt 0.589083 0.820773
vt 0.570444 0.820773
vt 0.719556 0.820773
vt 0.700917 0.820773
vt 0.551805 0.820773
vt 0.682278 0.820773
vt 0.831391 0.816113
vt 0.812752 0.820773
vt 0.533165 0.816113
vt 0.665838 0.820773
vt 0.794113 0.820773
vt 0.663639 0.820773
vt 0.645000 0.820773
vt 0.775473 0.820773
vt 0.626361 0.820773
vt 0.756834 0.820773
vt 0.607722 0.820773
vt 0.738195 0.820773
vt 0.794113 0.830092
vt 0.775473 0.830092
vt 0.645000 0.830092
vt 0.626361 0.830092
vt 0.756834 0.830092
vt 0.607722 0.830092
vt 0.738195 0.830092
vt 0.589083 0.830092
vt 0.719556 0.830092
vt 0.570444 0.830092
vt 0.700917 0.830092
vt 0.551805 0.830092
vt 0.682278 0.830092
vt 0.831391 0.825433
vt 0.812752 0.830092
vt 0.533165 0.825433
vt 0.665838 0.830092
vt 0.663639 0.830092
vt 0.719556 0.839412
vt 0.700917 0.839412
vt 0.570444 0.839412
vt 0.551805 0.839412
vt 0.682278 0.839412
vt 0.831391 0.834752
vt 0.812752 0.839412
vt 0.533165 0.834752
vt 0.665838 0.839412
vt 0.794113 0.839412
vt 0.663639 0.839412
vt 0.645000 0.839412
vt 0.775473 0.839412
vt 0.626361 0.839412
vt 0.756834 0.839412
vt 0.607722 0.839412
vt 0.738195 0.839412
vt 0.589083 0.839412
vt 0.645000 0.848731
vt 0.626361 0.848731
vt 0.775473 0.848731
vt 0.756834 0.848731
vt 0.607722 0.848731
vt 0.738195 0.848731
vt 0.589083 0.848731
vt 0.719556 0.848731
vt 0.570444 0.848731
vt 0.700917 0.848731
vt 0.551805 0.848731
vt 0.682278 0.848731
vt 0.831391 0.844072
vt 0.812752 0.848731
vt 0.533166 0.844072
vt 0.665838 0.848731
vt 0.794113 0.848731
vt 0.663639 0.848731
vt 0.570444 0.858051
vt 0.551805 0.858051
vt 0.700917 0.858051
vt 0.682278 0.858051
vt 0.831391 0.853391
vt 0.812752 0.858051
vt 0.533166 0.853391
vt 0.665838 0.858051
vt 0.794113 0.858051
vt 0.663639 0.858051
vt 0.645000 0.858051
vt 0.775473 0.858051
vt 0.626361 0.858051
vt 0.756834 0.858051
vt 0.607722 0.858051
vt 0.738195 0.858051
vt 0.589083 0.858051
vt 0.719556 0.858051
vt 0.626361 0.867370
vt 0.607722 0.867370
vt 0.756834 0.867370
vt 0.738195 0.867370
vt 0.589083 0.867370
vt 0.719556 0.867370
vt 0.570444 0.867370
vt 0.700917 0.867370
vt 0.551805 0.867370
vt 0.682278 0.867370
vt 0.831391 0.862711
vt 0.812752 0.867370
vt 0.533166 0.862711
vt 0.665838 0.867370
vt 0.794113 0.867370
vt 0.663639 0.867370
vt 0.645000 0.867370
vt 0.775473 0.867370
vt 0.831391 0.872030
vt 0.812752 0.876690
vt 0.533166 0.872030
vt 0.551805 0.876690
vt 0.682278 0.876690
vt 0.665838 0.876690
vt 0.794113 0.876690
vt 0.663639 0.876690
vt 0.645000 0.876690
vt 0.775473 0.876690
vt 0.626361 0.876690
vt 0.756834 0.876690
vt 0.607722 0.876690
vt 0.738195 0.876690
vt 0.589083 0.876690
vt 0.719556 0.876690
vt 0.570444 0.876690
vt 0.700917 0.876690
vt 0.756834 0.886009
vt 0.738195 0.886009
vt 0.607722 0.886009
vt 0.589083 0.886009
vt 0.719556 0.886009
vt 0.570444 0.886009
vt 0.700917 0.886009
vt 0.551805 0.886009
vt 0.682278 0.886009
vt 0.831391 0.881350
vt 0.812752 0.886009
vt 0.533166 0.881350
vt 0.665838 0.886009
vt 0.794113 0.886009
vt 0.663639 0.886009
vt 0.645000 0.886009
vt 0.775473 0.886009
vt 0.626361 0.886009
vt 0.682278 0.895329
vt 0.665838 0.895329
vt 0.812752 0.895329
vt 0.794113 0.895329
vt 0.663639 0.895329
vt 0.645000 0.895329
vt 0.775473 0.895329
vt 0.626361 0.895329
vt 0.756834 0.895329
vt 0.607722 0.895329
vt 0.738195 0.895329
vt 0.589083 0.895329
vt 0.719556 0.895329
vt 0.570444 0.895329
vt 0.700917 0.895329
vt 0.551805 0.895329
vt 0.831391 0.890669
vt 0.533166 0.890669
vt 0.607722 0.904649
vt 0.589083 0.904649
vt 0.738195 0.904649
vt 0.719556 0.904649
vt 0.570444 0.904649
vt 0.700917 0.904649
vt 0.551805 0.904649
vt 0.682278 0.904649
vt 0.831391 0.899989
vt 0.812752 0.904649
vt 0.533166 0.899989
vt 0.665838 0.904649
vt 0.794113 0.904649
vt 0.663639 0.904649
vt 0.645000 0.904649
vt 0.775473 0.904649
vt 0.626361 0.904649
vt 0.756834 0.904649
vt 0.812752 0.913968
vt 0.794113 0.913968
vt 0.663639 0.913968
vt 0.645000 0.913968
vt 0.775473 0.913968
vt 0.626361 0.913968
vt 0.756834 0.913968
vt 0.607722 0.913968
vt 0.738195 0.913968
vt 0.589083 0.913968
vt 0.719556 0.913968
vt 0.570444 0.913968
vt 0.700917 0.913968
vt 0.551805 0.913968
vt 0.682278 0.913968
vt 0.831391 0.909308
vt 0.533166 0.909308
vt 0.665838 0.913968
vt 0.738195 0.923288
vt 0.719556 0.923288
vt 0.589083 0.923288
vt 0.570444 0.923288
vt 0.700917 0.923288
vt 0.551805 0.923288
vt 0.682278 0.923288
vt 0.831391 0.918628
vt 0.812752 0.923288
vt 0.533166 0.918628
vt 0.665838 0.923288
vt 0.794113 0.923288
vt 0.663639 0.923288
vt 0.645000 0.923288
vt 0.775473 0.923288
vt 0.626361 0.923288
vt 0.756834 0.923288
vt 0.607722 0.923288
vt 0.663639 0.932607
vt 0.645000 0.932607
vt 0.794113 0.932607
vt 0.775473 0.932607
vt 0.626361 0.932607
vt 0.756834 0.932607
vt 0.607722 0.932607
vt 0.738195 0.932607
vt 0.589083 0.932607
vt 0.719556 0.932607
vt 0.570444 0.932607
vt 0.700917 0.932607
vt 0.551805 0.932607
vt 0.682278 0.932607
vt 0.831391 0.927947
vt 0.812752 0.932607
vt 0.533166 0.927948
vt 0.665838 0.932607
vt 0.589083 0.941927
vt 0.570444 0.941927
vt 0.719556 0.941927
vt 0.700917 0.941927
vt 0.551805 0.941927
vt 0.682278 0.941927
vt 0.831391 0.937267
vt 0.812752 0.941927
vt 0.533166 0.937267
vt 0.665838 0.941927
vt 0.794113 0.941927
vt 0.663639 0.941927
vt 0.645000 0.941927
vt 0.775473 0.941927
vt 0.626361 0.941927
vt 0.756834 0.941927
vt 0.607722 0.941927
vt 0.738195 0.941927
vt 0.645000 0.951246
vt 0.626361 0.951246
vt 0.775473 0.951246
vt 0.756834 0.951246
vt 0.607722 0.951246
vt 0.738195 0.951246
vt 0.589083 0.951246
vt 0.719556 0.951246
vt 0.570444 0.951246
vt 0.700917 0.951246
vt 0.551805 0.951246
vt 0.682278 0.951246
vt 0.831391 0.946587
vt 0.812752 0.951246
vt 0.533166 0.946587
vt 0.665838 0.951246
vt 0.794113 0.951246
vt 0.663639 0.951246
vt 0.570444 0.960566
vt 0.551805 0.960566
vt 0.700917 0.960566
vt 0.682278 0.960566
vt 0.831391 0.955906
vt 0.812752 0.960566
vt 0.533166 0.955906
vt 0.665838 0.960566
vt 0.794113 0.960566
vt 0.663639 0.960566
vt 0.645000 0.960566
vt 0.775473 0.960566
vt 0.626361 0.960566
vt 0.756834 0.960566
vt 0.607722 0.960566
vt 0.738195 0.960566
vt 0.589083 0.960566
vt 0.719556 0.960566
vt 0.756834 0.662341
vt 0.775473 0.662341
vt 0.775473 0.671660
vt 0.756834 0.671660
vt 0.607722 0.662341
vt 0.626361 0.662341
vt 0.626361 0.671660
vt 0.607722 0.671660
vt 0.738195 0.662341
vt 0.738195 0.671660
vt 0.589083 0.662341
vt 0.589083 0.671660
vt 0.719556 0.662341
vt 0.719556 0.671660
vt 0.570444 0.662341
vt 0.570444 0.671660
vt 0.700917 0.662341
vt 0.700917 0.671660
vt 0.551805 0.662341
vt 0.551805 0.671660
vt 0.682278 0.662341
vt 0.682278 0.671660
vt 0.812752 0.662341
vt 0.831391 0.667000
vt 0.812752 0.671660
vt 0.533165 0.667000
vt 0.665838 0.662341
vt 0.665838 0.671660
vt 0.794113 0.662341
vt 0.794113 0.671660
vt 0.645000 0.662341
vt 0.663639 0.662341
vt 0.663639 0.671660
vt 0.645000 0.671660
vt 0.700917 0.680980
vt 0.682278 0.680980
vt 0.831391 0.676320
vt 0.812752 0.680980
vt 0.533165 0.676320
vt 0.551805 0.680980
vt 0.665838 0.680980
vt 0.794113 0.680980
vt 0.663639 0.680980
vt 0.645000 0.680980
vt 0.775473 0.680980
vt 0.626361 0.680980
vt 0.756834 0.680980
vt 0.607722 0.680980
vt 0.738195 0.680980
vt 0.589083 0.680980
vt 0.719556 0.680980
vt 0.570444 0.680980
vt 0.626361 0.690299
vt 0.607722 0.690299
vt 0.756834 0.690299
vt 0.738195 0.690299
vt 0.589083 0.690299
vt 0.719556 0.690299
vt 0.570444 0.690299
vt 0.700917 0.690299
vt 0.551805 0.690299
vt 0.682278 0.690299
vt 0.831391 0.685639
vt 0.812752 0.690299
vt 0.533165 0.685639
vt 0.665838 0.690299
vt 0.794113 0.690299
vt 0.663639 0.690299
vt 0.645000 0.690299
vt 0.775473 0.690299
vt 0.831391 0.694959
vt 0.812752 0.699619
vt 0.533165 0.694959
vt 0.551805 0.699619
vt 0.682278 0.699619
vt 0.665838 0.699619
vt 0.794113 0.699619
vt 0.663639 0.699619
vt 0.645000 0.699619
vt 0.775473 0.699619
vt 0.626361 0.699619
vt 0.756834 0.699619
vt 0.607722 0.699619
vt 0.738195 0.699619
vt 0.589083 0.699619
vt 0.719556 0.699619
vt 0.570444 0.699619
vt 0.700917 0.699619
vt 0.756834 0.708938
vt 0.738195 0.708938
vt 0.607722 0.708938
vt 0.589083 0.708938
vt 0.719556 0.708938
vt 0.570444 0.708938
vt 0.700917 0.708938
vt 0.551805 0.708938
vt 0.682278 0.708938
vt 0.831391 0.704279
vt 0.812752 0.708938
vt 0.533165 0.704279
vt 0.665838 0.708938
vt 0.794113 0.708938
vt 0.663639 0.708938
vt 0.645000 0.708938
vt 0.775473 0.708938
vt 0.626361 0.708938
vt 0.682278 0.718258
vt 0.665838 0.718258
vt 0.812752 0.718258
vt 0.794113 0.718258
vt 0.663639 0.718258
vt 0.645000 0.718258
vt 0.775473 0.718258
vt 0.626361 0.718258
vt 0.756834 0.718258
vt 0.607722 0.718258
vt 0.738195 0.718258
vt 0.589083 0.718258
vt 0.719556 0.718258
vt 0.570444 0.718258
vt 0.700917 0.718258
vt 0.551805 0.718258
vt 0.831391 0.713598
vt 0.533165 0.713598
vt 0.607722 0.727577
vt 0.589083 0.727578
vt 0.738195 0.727578
vt 0.719556 0.727577
vt 0.570444 0.727577
vt 0.700917 0.727578
vt 0.551805 0.727577
vt 0.682278 0.727578
vt 0.831391 0.722917
vt 0.812752 0.727577
vt 0.533165 0.722918
vt 0.665838 0.727578
vt 0.794113 0.727577
vt 0.663639 0.727578
vt 0.645000 0.727577
vt 0.775473 0.727578
vt 0.626361 0.727578
vt 0.756834 0.727577
vt 0.831391 0.732237
vt 0.533165 0.732237
vt 0.664700 0.727578
vt 0.664700 0.736897
vt 0.664700 0.718258
vt 0.664700 0.708938
vt 0.664700 0.699619
vt 0.664700 0.690299
vt 0.664700 0.680980
vt 0.664700 0.671660
vt 0.664700 0.662341
vt 0.664700 0.951246
vt 0.664700 0.960566
vt 0.664700 0.941927
vt 0.664700 0.932607
vt 0.664700 0.923288
vt 0.664700 0.913968
vt 0.664700 0.904649
vt 0.664700 0.895329
vt 0.664700 0.886009
vt 0.664700 0.876690
vt 0.664700 0.867370
vt 0.664700 0.858051
vt 0.664700 0.848731
vt 0.664700 0.839412
vt 0.664700 0.830092
vt 0.664700 0.820773
vt 0.664700 0.811453
vt 0.664700 0.802134
vt 0.664700 0.792814
vt 0.664700 0.783495
vt 0.664700 0.774175
vt 0.664700 0.764855
vt 0.664700 0.755536
vt 0.664700 0.746216
vt 0.664317 0.736897
vt 0.664317 0.746216
vt 0.664317 0.755536
vt 0.664317 0.764855
vt 0.664317 0.774175
vt 0.664317 0.783495
vt 0.664317 0.792814
vt 0.664317 0.802134
vt 0.664317 0.811453
vt 0.664317 0.820773
vt 0.664317 0.830092
vt 0.664317 0.839412
vt 0.664317 0.848731
vt 0.664317 0.858051
vt 0.664317 0.867370
vt 0.664317 0.876690
vt 0.664317 0.886009
vt 0.664317 0.895329
vt 0.664317 0.904649
vt 0.664317 0.913968
vt 0.664317 0.923288
vt 0.664317 0.932607
vt 0.664317 0.941927
vt 0.664317 0.951246
vt 0.664317 0.960566
vt 0.664317 0.662341
vt 0.664317 0.671660
vt 0.664317 0.680980
vt 0.664317 0.690299
vt 0.664317 0.699619
vt 0.664317 0.708938
vt 0.664317 0.718258
vt 0.664317 0.727578
vt 0.663978 0.727578
vt 0.663978 0.736897
vt 0.663978 0.718258
vt 0.663978 0.708938
vt 0.663978 0.699619
vt 0.663978 0.690299
vt 0.663978 0.680980
vt 0.663978 0.671660
vt 0.663978 0.662341
vt 0.663978 0.951246
vt 0.663978 0.960566
vt 0.663978 0.941927
vt 0.663978 0.932607
vt 0.663978 0.923288
vt 0.663978 0.913968
vt 0.663978 0.904649
vt 0.663978 0.895329
vt 0.663978 0.886009
vt 0.663978 0.876690
vt 0.663978 0.867370
vt 0.663978 0.858051
vt 0.663978 0.848731
vt 0.663978 0.839412
vt 0.663978 0.830092
vt 0.663978 0.820773
vt 0.663978 0.811453
vt 0.663978 0.802134
vt 0.663978 0.792814
vt 0.663978 0.783495
vt 0.663978 0.774175
vt 0.663978 0.764855
vt 0.663978 0.755536
vt 0.663978 0.746216
vt 0.463219 0.398201
vt 0.468757 0.398201
vt 0.468757 0.409277
vt 0.463219 0.409277
vt 0.463219 0.442504
vt 0.468757 0.442504
vt 0.468757 0.453580
vt 0.463219 0.453580
vt 0.463219 0.486808
vt 0.468757 0.486808
vt 0.468757 0.497883
vt 0.463219 0.497883
vt 0.463219 0.531111
vt 0.468757 0.531111
vt 0.468757 0.542187
vt 0.463219 0.542187
vt 0.413378 0.486808
vt 0.424454 0.486808
vt 0.424454 0.497883
vt 0.413378 0.497883
vt 0.501984 0.486808
vt 0.513060 0.486808
vt 0.513060 0.497883
vt 0.501984 0.497883
vt 0.441067 0.531111
vt 0.446605 0.531111
vt 0.446605 0.542187
vt 0.441067 0.542187
vt 0.441067 0.486808
vt 0.446605 0.486808
vt 0.446605 0.497883
vt 0.441067 0.497883
vt 0.441067 0.442504
vt 0.446605 0.442504
vt 0.446605 0.453580
vt 0.441067 0.453580
vt 0.441067 0.398201
vt 0.446605 0.398201
vt 0.446605 0.409277
vt 0.441067 0.409277
vt 0.441067 0.420352
vt 0.446605 0.420352
vt 0.446605 0.431428
vt 0.441067 0.431428
vt 0.441067 0.508959
vt 0.446605 0.508959
vt 0.446605 0.520035
vt 0.441067 0.520035
vt 0.479833 0.486808
vt 0.490909 0.486808
vt 0.490909 0.497883
vt 0.479833 0.497883
vt 0.391226 0.486808
vt 0.402302 0.486808
vt 0.402302 0.497883
vt 0.391226 0.497883
vt 0.463219 0.508959
vt 0.468757 0.508959
vt 0.468757 0.520035
vt 0.463219 0.520035
vt 0.463219 0.420352
vt 0.468757 0.420352
vt 0.468757 0.431428
vt 0.463219 0.431428
vt 0.380150 0.486808
vt 0.380150 0.497883
vt 0.490909 0.464656
vt 0.501984 0.464656
vt 0.501984 0.475732
vt 0.490909 0.475732
vt 0.380150 0.464656
vt 0.391226 0.464656
vt 0.391226 0.475732
vt 0.380150 0.475732
vt 0.402302 0.464656
vt 0.413378 0.464656
vt 0.413378 0.475732
vt 0.402302 0.475732
vt 0.468757 0.464656
vt 0.479833 0.464656
vt 0.479833 0.475732
vt 0.468757 0.475732
vt 0.441067 0.376049
vt 0.446605 0.376049
vt 0.446605 0.387125
vt 0.441067 0.387125
vt 0.441067 0.464656
vt 0.446605 0.464656
vt 0.446605 0.475732
vt 0.441067 0.475732
vt 0.513060 0.464656
vt 0.513060 0.475732
vt 0.424454 0.464656
vt 0.424454 0.475732
vt 0.463219 0.464656
vt 0.463219 0.475732
vt 0.463219 0.376049
vt 0.468757 0.376049
vt 0.468757 0.387125
vt 0.463219 0.387125
vt 0.413378 0.453580
vt 0.424454 0.453580
vt 0.501984 0.453580
vt 0.513060 0.453580
vt 0.479833 0.453580
vt 0.490909 0.453580
vt 0.391226 0.453580
vt 0.402302 0.453580
vt 0.380150 0.453580
vt 0.463219 0.364973
vt 0.468757 0.364973
vt 0.441067 0.364973
vt 0.446605 0.364973
vt 0.727917 0.401916
vt 0.727917 0.412992
vt 0.733455 0.412992
vt 0.733455 0.401916
vt 0.727917 0.446219
vt 0.727917 0.457295
vt 0.733455 0.457295
vt 0.733455 0.446219
vt 0.727917 0.490523
vt 0.727917 0.501599
vt 0.733455 0.501599
vt 0.733455 0.490523
vt 0.727917 0.534826
vt 0.727917 0.545902
vt 0.733455 0.545902
vt 0.733455 0.534826
vt 0.678075 0.490523
vt 0.678075 0.501599
vt 0.689151 0.501599
vt 0.689151 0.490523
vt 0.766682 0.490523
vt 0.766682 0.501599
vt 0.777758 0.501599
vt 0.777758 0.490523
vt 0.705768 0.534826
vt 0.705768 0.545902
vt 0.711303 0.545902
vt 0.711303 0.534826
vt 0.705768 0.490523
vt 0.705768 0.501599
vt 0.711303 0.501599
vt 0.711303 0.490523
vt 0.705768 0.446219
vt 0.705768 0.457295
vt 0.711303 0.457295
vt 0.711303 0.446219
vt 0.705768 0.401916
vt 0.705768 0.412992
vt 0.711303 0.412992
vt 0.711303 0.401916
vt 0.705768 0.424068
vt 0.705768 0.435144
vt 0.711303 0.435144
vt 0.711303 0.424068
vt 0.705768 0.512675
vt 0.705768 0.523750
vt 0.711303 0.523750
vt 0.711303 0.512675
vt 0.744530 0.490523
vt 0.744530 0.501599
vt 0.755606 0.501599
vt 0.755606 0.490523
vt 0.655924 0.490523
vt 0.655924 0.501599
vt 0.667000 0.501599
vt 0.667000 0.490523
vt 0.727917 0.512675
vt 0.727917 0.523750
vt 0.733455 0.523750
vt 0.733455 0.512675
vt 0.727917 0.424068
vt 0.727917 0.435144
vt 0.733455 0.435144
vt 0.733455 0.424068
vt 0.644848 0.490523
vt 0.644848 0.501599
vt 0.755606 0.468371
vt 0.755606 0.479447
vt 0.766682 0.479447
vt 0.766682 0.468371
vt 0.644848 0.468371
vt 0.644848 0.479447
vt 0.655924 0.479447
vt 0.655924 0.468371
vt 0.667000 0.468371
vt 0.667000 0.479447
vt 0.678075 0.479447
vt 0.678075 0.468371
vt 0.733455 0.468371
vt 0.733455 0.479447
vt 0.744530 0.479447
vt 0.744530 0.468371
vt 0.705768 0.379764
vt 0.705768 0.390840
vt 0.711303 0.390840
vt 0.711303 0.379764
vt 0.705768 0.468371
vt 0.705768 0.479447
vt 0.711303 0.479447
vt 0.711303 0.468371
vt 0.777758 0.479447
vt 0.777758 0.468371
vt 0.689151 0.479447
vt 0.689151 0.468371
vt 0.727917 0.468371
vt 0.727917 0.479447
vt 0.727917 0.379764
vt 0.727917 0.390840
vt 0.733455 0.390840
vt 0.733455 0.379764
vt 0.678075 0.457295
vt 0.689151 0.457295
vt 0.766682 0.457295
vt 0.777758 0.457295
vt 0.744530 0.457295
vt 0.755606 0.457295
vt 0.655924 0.457295
vt 0.667000 0.457295
vt 0.644848 0.457295
vt 0.727917 0.368689
vt 0.733455 0.368689
vt 0.705768 0.368689
vt 0.711303 0.368689
vt 0.452143 0.475732
vt 0.457681 0.475732
vt 0.457681 0.486808
vt 0.452143 0.486808
vt 0.452143 0.364973
vt 0.457681 0.364973
vt 0.457681 0.376049
vt 0.452143 0.376049
vt 0.452143 0.387125
vt 0.457681 0.387125
vt 0.457681 0.398201
vt 0.452143 0.398201
vt 0.452143 0.453580
vt 0.457681 0.453580
vt 0.457681 0.464656
vt 0.452143 0.464656
vt 0.452143 0.520035
vt 0.457681 0.520035
vt 0.457681 0.531111
vt 0.452143 0.531111
vt 0.452143 0.409277
vt 0.457681 0.409277
vt 0.457681 0.420352
vt 0.452143 0.420352
vt 0.452143 0.431428
vt 0.457681 0.431428
vt 0.457681 0.442504
vt 0.452143 0.442504
vt 0.452143 0.497883
vt 0.457681 0.497883
vt 0.457681 0.508959
vt 0.452143 0.508959
vt 0.457681 0.542187
vt 0.452143 0.542187
vt 0.429991 0.475732
vt 0.435529 0.475732
vt 0.435529 0.486808
vt 0.429991 0.486808
vt 0.429991 0.364973
vt 0.435529 0.364973
vt 0.435529 0.376049
vt 0.429991 0.376049
vt 0.429991 0.387125
vt 0.435529 0.387125
vt 0.435529 0.398201
vt 0.429991 0.398201
vt 0.429991 0.453580
vt 0.435529 0.453580
vt 0.435529 0.464656
vt 0.429991 0.464656
vt 0.429991 0.520035
vt 0.435529 0.520035
vt 0.435529 0.531111
vt 0.429991 0.531111
vt 0.429991 0.409277
vt 0.435529 0.409277
vt 0.435529 0.420352
vt 0.429991 0.420352
vt 0.429991 0.431428
vt 0.435529 0.431428
vt 0.435529 0.442504
vt 0.429991 0.442504
vt 0.429991 0.497883
vt 0.435529 0.497883
vt 0.435529 0.508959
vt 0.429991 0.508959
vt 0.435529 0.542187
vt 0.429991 0.542187
vt 0.424454 0.531111
vt 0.424454 0.542187
vt 0.424454 0.442504
vt 0.424454 0.398201
vt 0.424454 0.409277
vt 0.424454 0.420352
vt 0.424454 0.431428
vt 0.424454 0.508959
vt 0.424454 0.520035
vt 0.424454 0.376049
vt 0.424454 0.387125
vt 0.424454 0.364973
vt 0.716841 0.479447
vt 0.716841 0.490523
vt 0.722379 0.490523
vt 0.722379 0.479447
vt 0.716841 0.368689
vt 0.716841 0.379764
vt 0.722379 0.379764
vt 0.722379 0.368689
vt 0.716841 0.390840
vt 0.716841 0.401916
vt 0.722379 0.401916
vt 0.722379 0.390840
vt 0.716841 0.457295
vt 0.716841 0.468371
vt 0.722379 0.468371
vt 0.722379 0.457295
vt 0.716841 0.523750
vt 0.716841 0.534826
vt 0.722379 0.534826
vt 0.722379 0.523750
vt 0.716841 0.412992
vt 0.716841 0.424068
vt 0.722379 0.424068
vt 0.722379 0.412992
vt 0.716841 0.435144
vt 0.716841 0.446219
vt 0.722379 0.446219
vt 0.722379 0.435144
vt 0.716841 0.501599
vt 0.716841 0.512675
vt 0.722379 0.512675
vt 0.722379 0.501599
vt 0.716841 0.545902
vt 0.722379 0.545902
vt 0.694689 0.479447
vt 0.694689 0.490523
vt 0.700227 0.490523
vt 0.700227 0.479447
vt 0.694689 0.368689
vt 0.694689 0.379764
vt 0.700227 0.379764
vt 0.700227 0.368689
vt 0.694689 0.390840
vt 0.694689 0.401916
vt 0.700227 0.401916
vt 0.700227 0.390840
vt 0.694689 0.457295
vt 0.694689 0.468371
vt 0.700227 0.468371
vt 0.700227 0.457295
vt 0.694689 0.523750
vt 0.694689 0.534826
vt 0.700227 0.534826
vt 0.700227 0.523750
vt 0.694689 0.412992
vt 0.694689 0.424068
vt 0.700227 0.424068
vt 0.700227 0.412992
vt 0.694689 0.435144
vt 0.694689 0.446219
vt 0.700227 0.446219
vt 0.700227 0.435144
vt 0.694689 0.501599
vt 0.694689 0.512675
vt 0.700227 0.512675
vt 0.700227 0.501599
vt 0.694689 0.545902
vt 0.700227 0.545902
vt 0.689151 0.534826
vt 0.689151 0.545902
vt 0.689151 0.446219
vt 0.689151 0.401916
vt 0.689151 0.412992
vt 0.689151 0.424068
vt 0.689151 0.435144
vt 0.689151 0.512675
vt 0.689151 0.523750
vt 0.689151 0.379764
vt 0.689151 0.390840
vt 0.689151 0.368689
vt 0.281720 0.862616
vt 0.293039 0.862616
vt 0.293039 0.868275
vt 0.281720 0.868275
vt 0.360952 0.862616
vt 0.372271 0.862616
vt 0.372271 0.868275
vt 0.360952 0.868275
vt 0.440184 0.862616
vt 0.451503 0.865445
vt 0.440184 0.868275
vt 0.270401 0.865445
vt 0.349633 0.862616
vt 0.349633 0.868275
vt 0.428865 0.862616
vt 0.428865 0.868275
vt 0.338315 0.862616
vt 0.338315 0.868275
vt 0.417547 0.862616
vt 0.417547 0.868275
vt 0.326996 0.862616
vt 0.326996 0.868275
vt 0.406228 0.862616
vt 0.406228 0.868275
vt 0.315677 0.862616
vt 0.315677 0.868275
vt 0.394909 0.862616
vt 0.394909 0.868275
vt 0.304358 0.862616
vt 0.304358 0.868275
vt 0.383590 0.862616
vt 0.383590 0.868275
vt 0.394909 0.873935
vt 0.383590 0.873935
vt 0.304358 0.873935
vt 0.293039 0.873935
vt 0.372271 0.873935
vt 0.281720 0.873935
vt 0.360952 0.873935
vt 0.451503 0.871105
vt 0.440184 0.873935
vt 0.270401 0.871105
vt 0.349633 0.873935
vt 0.428865 0.873935
vt 0.338315 0.873935
vt 0.417547 0.873935
vt 0.326996 0.873935
vt 0.406228 0.873935
vt 0.315677 0.873935
vt 0.349633 0.879594
vt 0.338315 0.879594
vt 0.428865 0.879594
vt 0.417547 0.879594
vt 0.326996 0.879594
vt 0.406228 0.879594
vt 0.315677 0.879594
vt 0.394909 0.879594
vt 0.304358 0.879594
vt 0.383590 0.879594
vt 0.293039 0.879594
vt 0.372271 0.879594
vt 0.281720 0.879594
vt 0.360952 0.879594
vt 0.451503 0.876764
vt 0.440184 0.879594
vt 0.270401 0.876764
vt 0.304358 0.885253
vt 0.293039 0.885253
vt 0.383590 0.885253
vt 0.372271 0.885253
vt 0.281720 0.885253
vt 0.360952 0.885253
vt 0.451503 0.882424
vt 0.440184 0.885253
vt 0.270401 0.882424
vt 0.349633 0.885253
vt 0.428865 0.885253
vt 0.338315 0.885253
vt 0.417547 0.885253
vt 0.326996 0.885253
vt 0.406228 0.885253
vt 0.315677 0.885253
vt 0.394909 0.885253
vt 0.338315 0.890913
vt 0.326996 0.890913
vt 0.417547 0.890913
vt 0.406228 0.890913
vt 0.315677 0.890913
vt 0.394909 0.890913
vt 0.304358 0.890913
vt 0.383590 0.890913
vt 0.293039 0.890913
vt 0.372271 0.890913
vt 0.281720 0.890913
vt 0.360952 0.890913
vt 0.451503 0.888083
vt 0.440184 0.890913
vt 0.270401 0.888083
vt 0.349633 0.890913
vt 0.428865 0.890913
vt 0.293039 0.896572
vt 0.281720 0.896572
vt 0.372271 0.896572
vt 0.360952 0.896572
vt 0.451503 0.893743
vt 0.440184 0.896572
vt 0.270401 0.893743
vt 0.349633 0.896572
vt 0.428865 0.896572
vt 0.338315 0.896572
vt 0.417547 0.896572
vt 0.326996 0.896572
vt 0.406228 0.896572
vt 0.315677 0.896572
vt 0.394909 0.896572
vt 0.304358 0.896572
vt 0.383590 0.896572
vt 0.417547 0.902232
vt 0.406228 0.902232
vt 0.326996 0.902232
vt 0.315677 0.902232
vt 0.394909 0.902232
vt 0.304358 0.902232
vt 0.383590 0.902232
vt 0.293039 0.902232
vt 0.372271 0.902232
vt 0.281720 0.902232
vt 0.360952 0.902232
vt 0.451503 0.899402
vt 0.440184 0.902232
vt 0.270401 0.899402
vt 0.349633 0.902232
vt 0.428865 0.902232
vt 0.338315 0.902232
vt 0.372271 0.907891
vt 0.360952 0.907891
vt 0.451503 0.905062
vt 0.440184 0.907891
vt 0.270401 0.905062
vt 0.281720 0.907891
vt 0.349633 0.907891
vt 0.428865 0.907891
vt 0.338315 0.907891
vt 0.417547 0.907891
vt 0.326996 0.907891
vt 0.406228 0.907891
vt 0.315677 0.907891
vt 0.394909 0.907891
vt 0.304358 0.907891
vt 0.383590 0.907891
vt 0.293039 0.907891
vt 0.326996 0.913551
vt 0.315677 0.913551
vt 0.406228 0.913551
vt 0.394909 0.913551
vt 0.304358 0.913551
vt 0.383590 0.913551
vt 0.293039 0.913551
vt 0.372271 0.913551
vt 0.281720 0.913551
vt 0.360952 0.913551
vt 0.451503 0.910721
vt 0.440184 0.913551
vt 0.270401 0.910721
vt 0.349633 0.913551
vt 0.428865 0.913551
vt 0.338315 0.913551
vt 0.417547 0.913551
vt 0.451503 0.916380
vt 0.440184 0.919210
vt 0.270401 0.916380
vt 0.281720 0.919210
vt 0.360952 0.919210
vt 0.349633 0.919210
vt 0.428865 0.919210
vt 0.338315 0.919210
vt 0.417547 0.919210
vt 0.326996 0.919210
vt 0.406228 0.919210
vt 0.315677 0.919210
vt 0.394909 0.919210
vt 0.304358 0.919210
vt 0.383590 0.919210
vt 0.293039 0.919210
vt 0.372271 0.919210
vt 0.406228 0.924869
vt 0.394909 0.924869
vt 0.315677 0.924869
vt 0.304358 0.924869
vt 0.383590 0.924869
vt 0.293039 0.924869
vt 0.372271 0.924869
vt 0.281720 0.924869
vt 0.360952 0.924869
vt 0.451503 0.922040
vt 0.440184 0.924869
vt 0.270401 0.922040
vt 0.349633 0.924869
vt 0.428865 0.924869
vt 0.338315 0.924869
vt 0.417547 0.924869
vt 0.326996 0.924869
vt 0.360952 0.930529
vt 0.349633 0.930529
vt 0.440184 0.930529
vt 0.428865 0.930529
vt 0.338315 0.930529
vt 0.417547 0.930529
vt 0.326996 0.930529
vt 0.406228 0.930529
vt 0.315677 0.930529
vt 0.394909 0.930529
vt 0.304358 0.930529
vt 0.383590 0.930529
vt 0.293039 0.930529
vt 0.372271 0.930529
vt 0.281720 0.930529
vt 0.451503 0.927699
vt 0.270401 0.927699
vt 0.315677 0.936188
vt 0.304358 0.936188
vt 0.394909 0.936188
vt 0.383590 0.936188
vt 0.293039 0.936188
vt 0.372271 0.936188
vt 0.281720 0.936188
vt 0.360952 0.936188
vt 0.451503 0.933359
vt 0.440184 0.936188
vt 0.270401 0.933359
vt 0.349633 0.936188
vt 0.428865 0.936188
vt 0.338315 0.936188
vt 0.417547 0.936188
vt 0.326996 0.936188
vt 0.406228 0.936188
vt 0.349633 0.941848
vt 0.338315 0.941848
vt 0.428865 0.941848
vt 0.417547 0.941848
vt 0.326996 0.941848
vt 0.406228 0.941848
vt 0.315677 0.941848
vt 0.394909 0.941848
vt 0.304358 0.941848
vt 0.383590 0.941848
vt 0.293039 0.941848
vt 0.372271 0.941848
vt 0.281720 0.941848
vt 0.360952 0.941848
vt 0.451503 0.939018
vt 0.440184 0.941848
vt 0.270401 0.939018
vt 0.304358 0.947507
vt 0.293039 0.947507
vt 0.383590 0.947507
vt 0.372271 0.947507
vt 0.281720 0.947507
vt 0.360952 0.947507
vt 0.451503 0.944678
vt 0.440184 0.947507
vt 0.270401 0.944678
vt 0.349633 0.947507
vt 0.428865 0.947507
vt 0.338315 0.947507
vt 0.417547 0.947507
vt 0.326996 0.947507
vt 0.406228 0.947507
vt 0.315677 0.947507
vt 0.394909 0.947507
vt 0.428865 0.953167
vt 0.417547 0.953167
vt 0.338315 0.953167
vt 0.326996 0.953167
vt 0.406228 0.953167
vt 0.315677 0.953167
vt 0.394909 0.953167
vt 0.304358 0.953167
vt 0.383590 0.953167
vt 0.293039 0.953167
vt 0.372271 0.953167
vt 0.281720 0.953167
vt 0.360952 0.953167
vt 0.451503 0.950337
vt 0.440184 0.953167
vt 0.270401 0.950337
vt 0.349633 0.953167
vt 0.383590 0.958826
vt 0.372271 0.958826
vt 0.293039 0.958826
vt 0.281720 0.958826
vt 0.360952 0.958826
vt 0.451503 0.955996
vt 0.440184 0.958826
vt 0.270401 0.955996
vt 0.349633 0.958826
vt 0.428865 0.958826
vt 0.338315 0.958826
vt 0.417547 0.958826
vt 0.326996 0.958826
vt 0.406228 0.958826
vt 0.315677 0.958826
vt 0.394909 0.958826
vt 0.304358 0.958826
vt 0.338315 0.964486
vt 0.326996 0.964486
vt 0.417547 0.964486
vt 0.406228 0.964486
vt 0.315677 0.964486
vt 0.394909 0.964486
vt 0.304358 0.964486
vt 0.383590 0.964486
vt 0.293039 0.964486
vt 0.372271 0.964486
vt 0.281720 0.964486
vt 0.360952 0.964486
vt 0.451503 0.961656
vt 0.440184 0.964486
vt 0.270401 0.961656
vt 0.349633 0.964486
vt 0.428865 0.964486
vt 0.293039 0.970145
vt 0.281720 0.970145
vt 0.372271 0.970145
vt 0.360952 0.970145
vt 0.451503 0.967315
vt 0.440184 0.970145
vt 0.270401 0.967315
vt 0.349633 0.970145
vt 0.428865 0.970145
vt 0.338315 0.970145
vt 0.417547 0.970145
vt 0.326996 0.970145
vt 0.406228 0.970145
vt 0.315677 0.970145
vt 0.394909 0.970145
vt 0.304358 0.970145
vt 0.383590 0.970145
vt 0.417547 0.975804
vt 0.406228 0.975804
vt 0.326996 0.975804
vt 0.315677 0.975804
vt 0.394909 0.975804
vt 0.304358 0.975804
vt 0.383590 0.975804
vt 0.293039 0.975804
vt 0.372271 0.975804
vt 0.281720 0.975804
vt 0.360952 0.975804
vt 0.451503 0.972975
vt 0.440184 0.975804
vt 0.270401 0.972975
vt 0.349633 0.975804
vt 0.428865 0.975804
vt 0.338315 0.975804
vt 0.372271 0.981464
vt 0.360952 0.981464
vt 0.451503 0.978634
vt 0.440184 0.981464
vt 0.270401 0.978634
vt 0.281720 0.981464
vt 0.349633 0.981464
vt 0.428865 0.981464
vt 0.338315 0.981464
vt 0.417547 0.981464
vt 0.326996 0.981464
vt 0.406228 0.981464
vt 0.315677 0.981464
vt 0.394909 0.981464
vt 0.304358 0.981464
vt 0.383590 0.981464
vt 0.293039 0.981464
vt 0.326996 0.987123
vt 0.315677 0.987123
vt 0.406228 0.987123
vt 0.394909 0.987123
vt 0.304358 0.987123
vt 0.383590 0.987123
vt 0.293039 0.987123
vt 0.372271 0.987123
vt 0.281720 0.987123
vt 0.360952 0.987123
vt 0.451503 0.984294
vt 0.440184 0.987123
vt 0.270401 0.984294
vt 0.349633 0.987123
vt 0.428865 0.987123
vt 0.338315 0.987123
vt 0.417547 0.987123
vt 0.270401 0.989953
vt 0.281720 0.992783
vt 0.360952 0.992783
vt 0.349633 0.992783
vt 0.440184 0.992783
vt 0.428865 0.992783
vt 0.338315 0.992783
vt 0.417547 0.992783
vt 0.326996 0.992783
vt 0.406228 0.992783
vt 0.315677 0.992783
vt 0.394909 0.992783
vt 0.304358 0.992783
vt 0.383590 0.992783
vt 0.293039 0.992783
vt 0.372271 0.992783
vt 0.451503 0.989953
vt 0.315677 0.998442
vt 0.304358 0.998442
vt 0.394909 0.998442
vt 0.383590 0.998442
vt 0.293039 0.998442
vt 0.372271 0.998442
vt 0.281720 0.998442
vt 0.360952 0.998442
vt 0.451503 0.995612
vt 0.440184 0.998442
vt 0.270401 0.995612
vt 0.349633 0.998442
vt 0.428865 0.998442
vt 0.338315 0.998442
vt 0.417547 0.998442
vt 0.326996 0.998442
vt 0.406228 0.998442
vt 0.428865 0.817340
vt 0.440184 0.817340
vt 0.440184 0.823000
vt 0.428865 0.823000
vt 0.338315 0.817340
vt 0.349633 0.817340
vt 0.349633 0.823000
vt 0.338315 0.823000
vt 0.417547 0.817340
vt 0.417547 0.823000
vt 0.326996 0.817340
vt 0.326996 0.823000
vt 0.406228 0.817340
vt 0.406228 0.823000
vt 0.315677 0.817340
vt 0.315677 0.823000
vt 0.394909 0.817340
vt 0.394909 0.823000
vt 0.304358 0.817340
vt 0.304358 0.823000
vt 0.383590 0.817340
vt 0.383590 0.823000
vt 0.293039 0.817340
vt 0.293039 0.823000
vt 0.372271 0.817340
vt 0.372271 0.823000
vt 0.281720 0.817340
vt 0.281720 0.823000
vt 0.360952 0.817340
vt 0.360952 0.823000
vt 0.451503 0.820170
vt 0.270401 0.820170
vt 0.394909 0.828659
vt 0.383590 0.828659
vt 0.304358 0.828659
vt 0.293039 0.828659
vt 0.372271 0.828659
vt 0.281720 0.828659
vt 0.360952 0.828659
vt 0.451503 0.825829
vt 0.440184 0.828659
vt 0.270401 0.825829
vt 0.349633 0.828659
vt 0.428865 0.828659
vt 0.338315 0.828659
vt 0.417547 0.828659
vt 0.326996 0.828659
vt 0.406228 0.828659
vt 0.315677 0.828659
vt 0.349633 0.834319
vt 0.338315 0.834319
vt 0.428865 0.834319
vt 0.417547 0.834319
vt 0.326996 0.834319
vt 0.406228 0.834319
vt 0.315677 0.834319
vt 0.394909 0.834319
vt 0.304358 0.834319
vt 0.383590 0.834319
vt 0.293039 0.834319
vt 0.372271 0.834319
vt 0.281720 0.834319
vt 0.360952 0.834319
vt 0.451503 0.831489
vt 0.440184 0.834319
vt 0.270401 0.831489
vt 0.304358 0.839978
vt 0.293039 0.839978
vt 0.383590 0.839978
vt 0.372271 0.839978
vt 0.281720 0.839978
vt 0.360952 0.839978
vt 0.451503 0.837148
vt 0.440184 0.839978
vt 0.270401 0.837148
vt 0.349633 0.839978
vt 0.428865 0.839978
vt 0.338315 0.839978
vt 0.417547 0.839978
vt 0.326996 0.839978
vt 0.406228 0.839978
vt 0.315677 0.839978
vt 0.394909 0.839978
vt 0.428865 0.845637
vt 0.417547 0.845637
vt 0.338315 0.845638
vt 0.326996 0.845638
vt 0.406228 0.845637
vt 0.315677 0.845638
vt 0.394909 0.845637
vt 0.304358 0.845638
vt 0.383590 0.845637
vt 0.293039 0.845638
vt 0.372271 0.845638
vt 0.281720 0.845638
vt 0.360952 0.845638
vt 0.451503 0.842808
vt 0.440184 0.845637
vt 0.270401 0.842808
vt 0.349633 0.845638
vt 0.383590 0.851297
vt 0.372271 0.851297
vt 0.293039 0.851297
vt 0.281720 0.851297
vt 0.360952 0.851297
vt 0.451503 0.848467
vt 0.440184 0.851297
vt 0.270401 0.848467
vt 0.349633 0.851297
vt 0.428865 0.851297
vt 0.338315 0.851297
vt 0.417547 0.851297
vt 0.326996 0.851297
vt 0.406228 0.851297
vt 0.315677 0.851297
vt 0.394909 0.851297
vt 0.304358 0.851297
vt 0.338315 0.856956
vt 0.326996 0.856956
vt 0.417547 0.856956
vt 0.406228 0.856956
vt 0.315677 0.856956
vt 0.394909 0.856956
vt 0.304358 0.856956
vt 0.383590 0.856956
vt 0.293039 0.856956
vt 0.372271 0.856956
vt 0.281720 0.856956
vt 0.360952 0.856956
vt 0.451503 0.854127
vt 0.440184 0.856956
vt 0.270401 0.854127
vt 0.349633 0.856956
vt 0.428865 0.856956
vt 0.451503 0.859786
vt 0.270401 0.859786
vt 0.279166 0.629708
vt 0.279166 0.635881
vt 0.291513 0.635881
vt 0.291513 0.629708
vt 0.365599 0.629708
vt 0.365599 0.635881
vt 0.377947 0.635881
vt 0.377947 0.629708
vt 0.452032 0.629708
vt 0.452032 0.635881
vt 0.464380 0.632794
vt 0.266818 0.632794
vt 0.353251 0.629708
vt 0.353251 0.635881
vt 0.439685 0.629708
vt 0.439685 0.635881
vt 0.340904 0.629708
vt 0.340904 0.635881
vt 0.427337 0.629708
vt 0.427337 0.635881
vt 0.328556 0.629708
vt 0.328556 0.635881
vt 0.414990 0.629708
vt 0.414990 0.635881
vt 0.316209 0.629708
vt 0.316209 0.635881
vt 0.402642 0.629708
vt 0.402642 0.635881
vt 0.303861 0.629708
vt 0.303861 0.635881
vt 0.390294 0.629708
vt 0.390294 0.635881
vt 0.390294 0.642055
vt 0.402642 0.642055
vt 0.291513 0.642055
vt 0.303861 0.642055
vt 0.377947 0.642055
vt 0.279166 0.642055
vt 0.365599 0.642055
vt 0.452032 0.642055
vt 0.464380 0.638968
vt 0.266818 0.638968
vt 0.353251 0.642055
vt 0.439685 0.642055
vt 0.340904 0.642055
vt 0.427337 0.642055
vt 0.328556 0.642055
vt 0.414990 0.642055
vt 0.316209 0.642055
vt 0.340904 0.648229
vt 0.353251 0.648229
vt 0.427337 0.648229
vt 0.439685 0.648229
vt 0.328556 0.648229
vt 0.414990 0.648229
vt 0.316209 0.648229
vt 0.402642 0.648229
vt 0.303861 0.648229
vt 0.390294 0.648229
vt 0.291513 0.648229
vt 0.377947 0.648229
vt 0.279166 0.648229
vt 0.365599 0.648229
vt 0.452032 0.648229
vt 0.464380 0.645142
vt 0.266818 0.645142
vt 0.291513 0.654403
vt 0.303861 0.654403
vt 0.377947 0.654403
vt 0.390294 0.654403
vt 0.279166 0.654403
vt 0.365599 0.654403
vt 0.452032 0.654403
vt 0.464380 0.651316
vt 0.266818 0.651316
vt 0.353251 0.654403
vt 0.439685 0.654403
vt 0.340904 0.654403
vt 0.427337 0.654403
vt 0.328556 0.654403
vt 0.414990 0.654403
vt 0.316209 0.654403
vt 0.402642 0.654403
vt 0.328556 0.660577
vt 0.340904 0.660577
vt 0.414990 0.660577
vt 0.427337 0.660577
vt 0.316209 0.660577
vt 0.402642 0.660577
vt 0.303861 0.660577
vt 0.390294 0.660577
vt 0.291513 0.660577
vt 0.377947 0.660577
vt 0.279166 0.660577
vt 0.365599 0.660577
vt 0.452032 0.660577
vt 0.464380 0.657490
vt 0.266818 0.657490
vt 0.353251 0.660577
vt 0.439685 0.660577
vt 0.279166 0.666750
vt 0.291513 0.666750
vt 0.365599 0.666750
vt 0.377947 0.666750
vt 0.452032 0.666750
vt 0.464380 0.663664
vt 0.266818 0.663664
vt 0.353251 0.666750
vt 0.439685 0.666750
vt 0.340904 0.666750
vt 0.427337 0.666750
vt 0.328556 0.666750
vt 0.414990 0.666750
vt 0.316209 0.666750
vt 0.402642 0.666750
vt 0.303861 0.666750
vt 0.390294 0.666750
vt 0.414990 0.672924
vt 0.427337 0.672924
vt 0.316209 0.672924
vt 0.328556 0.672924
vt 0.402642 0.672924
vt 0.303861 0.672924
vt 0.390294 0.672924
vt 0.291513 0.672924
vt 0.377947 0.672924
vt 0.279166 0.672924
vt 0.365599 0.672924
vt 0.452032 0.672924
vt 0.464380 0.669837
vt 0.266818 0.669837
vt 0.353251 0.672924
vt 0.439685 0.672924
vt 0.340904 0.672924
vt 0.365599 0.679098
vt 0.377947 0.679098
vt 0.452032 0.679098
vt 0.464380 0.676011
vt 0.266818 0.676011
vt 0.279166 0.679098
vt 0.353251 0.679098
vt 0.439685 0.679098
vt 0.340904 0.679098
vt 0.427337 0.679098
vt 0.328556 0.679098
vt 0.414990 0.679098
vt 0.316209 0.679098
vt 0.402642 0.679098
vt 0.303861 0.679098
vt 0.390294 0.679098
vt 0.291513 0.679098
vt 0.316209 0.685272
vt 0.328556 0.685272
vt 0.402642 0.685272
vt 0.414990 0.685272
vt 0.303861 0.685272
vt 0.390294 0.685272
vt 0.291513 0.685272
vt 0.377947 0.685272
vt 0.279166 0.685272
vt 0.365599 0.685272
vt 0.452032 0.685272
vt 0.464380 0.682185
vt 0.266818 0.682185
vt 0.353251 0.685272
vt 0.439685 0.685272
vt 0.340904 0.685272
vt 0.427337 0.685272
vt 0.452032 0.691446
vt 0.464380 0.688359
vt 0.266818 0.688359
vt 0.279166 0.691446
vt 0.353251 0.691446
vt 0.365599 0.691446
vt 0.439685 0.691446
vt 0.340904 0.691446
vt 0.427337 0.691446
vt 0.328556 0.691446
vt 0.414990 0.691446
vt 0.316209 0.691446
vt 0.402642 0.691446
vt 0.303861 0.691446
vt 0.390294 0.691446
vt 0.291513 0.691446
vt 0.377947 0.691446
vt 0.402642 0.697619
vt 0.414990 0.697619
vt 0.303861 0.697619
vt 0.316209 0.697619
vt 0.390294 0.697619
vt 0.291513 0.697619
vt 0.377947 0.697619
vt 0.279166 0.697619
vt 0.365599 0.697619
vt 0.452032 0.697619
vt 0.464380 0.694532
vt 0.266818 0.694532
vt 0.353251 0.697619
vt 0.439685 0.697619
vt 0.340904 0.697619
vt 0.427337 0.697619
vt 0.328556 0.697619
vt 0.353251 0.703793
vt 0.365599 0.703793
vt 0.439685 0.703793
vt 0.452032 0.703793
vt 0.340904 0.703793
vt 0.427337 0.703793
vt 0.328556 0.703793
vt 0.414990 0.703793
vt 0.316209 0.703793
vt 0.402642 0.703793
vt 0.303861 0.703793
vt 0.390294 0.703793
vt 0.291513 0.703793
vt 0.377947 0.703793
vt 0.279166 0.703793
vt 0.464380 0.700706
vt 0.266818 0.700706
vt 0.303861 0.709967
vt 0.316209 0.709967
vt 0.390294 0.709967
vt 0.402642 0.709967
vt 0.291513 0.709967
vt 0.377947 0.709967
vt 0.279166 0.709967
vt 0.365599 0.709967
vt 0.452032 0.709967
vt 0.464380 0.706880
vt 0.266818 0.706880
vt 0.353251 0.709967
vt 0.439685 0.709967
vt 0.340904 0.709967
vt 0.427337 0.709967
vt 0.328556 0.709967
vt 0.414990 0.709967
vt 0.340904 0.716141
vt 0.353251 0.716141
vt 0.427337 0.716141
vt 0.439685 0.716141
vt 0.328556 0.716141
vt 0.414990 0.716141
vt 0.316209 0.716141
vt 0.402642 0.716141
vt 0.303861 0.716141
vt 0.390294 0.716141
vt 0.291513 0.716141
vt 0.377947 0.716141
vt 0.279166 0.716141
vt 0.365599 0.716141
vt 0.452032 0.716141
vt 0.464380 0.713054
vt 0.266818 0.713054
vt 0.291513 0.722315
vt 0.303861 0.722315
vt 0.377947 0.722315
vt 0.390294 0.722314
vt 0.279166 0.722315
vt 0.365599 0.722315
vt 0.452032 0.722314
vt 0.464380 0.719228
vt 0.266818 0.719228
vt 0.353251 0.722315
vt 0.439685 0.722314
vt 0.340904 0.722315
vt 0.427337 0.722315
vt 0.328556 0.722315
vt 0.414990 0.722314
vt 0.316209 0.722315
vt 0.402642 0.722314
vt 0.427337 0.728488
vt 0.439685 0.728488
vt 0.328556 0.728488
vt 0.340904 0.728488
vt 0.414990 0.728488
vt 0.316209 0.728488
vt 0.402642 0.728488
vt 0.303861 0.728488
vt 0.390294 0.728488
vt 0.291513 0.728488
vt 0.377947 0.728488
vt 0.279166 0.728488
vt 0.365599 0.728488
vt 0.452032 0.728488
vt 0.464380 0.725402
vt 0.266818 0.725402
vt 0.353251 0.728488
vt 0.377947 0.734662
vt 0.390294 0.734662
vt 0.279166 0.734662
vt 0.291513 0.734662
vt 0.365599 0.734662
vt 0.452032 0.734662
vt 0.464380 0.731575
vt 0.266818 0.731575
vt 0.353251 0.734662
vt 0.439685 0.734662
vt 0.340904 0.734662
vt 0.427337 0.734662
vt 0.328556 0.734662
vt 0.414990 0.734662
vt 0.316209 0.734662
vt 0.402642 0.734662
vt 0.303861 0.734662
vt 0.328556 0.740836
vt 0.340904 0.740836
vt 0.414990 0.740836
vt 0.427337 0.740836
vt 0.316209 0.740836
vt 0.402642 0.740836
vt 0.303861 0.740836
vt 0.390294 0.740836
vt 0.291513 0.740836
vt 0.377947 0.740836
vt 0.279166 0.740836
vt 0.365599 0.740836
vt 0.452032 0.740836
vt 0.464380 0.737749
vt 0.266818 0.737749
vt 0.353251 0.740836
vt 0.439685 0.740836
vt 0.279166 0.747010
vt 0.291513 0.747010
vt 0.365599 0.747010
vt 0.377947 0.747010
vt 0.452032 0.747010
vt 0.464380 0.743923
vt 0.266818 0.743923
vt 0.353251 0.747010
vt 0.439685 0.747010
vt 0.340904 0.747010
vt 0.427337 0.747010
vt 0.328556 0.747010
vt 0.414990 0.747010
vt 0.316209 0.747010
vt 0.402642 0.747010
vt 0.303861 0.747010
vt 0.390294 0.747010
vt 0.414990 0.753184
vt 0.427337 0.753184
vt 0.316209 0.753184
vt 0.328556 0.753184
vt 0.402642 0.753184
vt 0.303861 0.753184
vt 0.390294 0.753184
vt 0.291513 0.753184
vt 0.377947 0.753184
vt 0.279166 0.753184
vt 0.365599 0.753184
vt 0.452032 0.753184
vt 0.464380 0.750097
vt 0.266818 0.750097
vt 0.353251 0.753184
vt 0.439685 0.753184
vt 0.340904 0.753184
vt 0.365599 0.759357
vt 0.377947 0.759357
vt 0.452032 0.759357
vt 0.464380 0.756271
vt 0.266818 0.756271
vt 0.279166 0.759358
vt 0.353251 0.759357
vt 0.439685 0.759357
vt 0.340904 0.759358
vt 0.427337 0.759357
vt 0.328556 0.759358
vt 0.414990 0.759357
vt 0.316209 0.759358
vt 0.402642 0.759357
vt 0.303861 0.759358
vt 0.390294 0.759357
vt 0.291513 0.759358
vt 0.316209 0.765531
vt 0.328556 0.765531
vt 0.402642 0.765531
vt 0.414990 0.765531
vt 0.303861 0.765531
vt 0.390294 0.765531
vt 0.291513 0.765531
vt 0.377947 0.765531
vt 0.279166 0.765531
vt 0.365599 0.765531
vt 0.452032 0.765531
vt 0.464380 0.762444
vt 0.266818 0.762444
vt 0.353251 0.765531
vt 0.439685 0.765531
vt 0.340904 0.765531
vt 0.427337 0.765531
vt 0.266818 0.768618
vt 0.279166 0.771705
vt 0.353251 0.771705
vt 0.365599 0.771705
vt 0.439037 0.771172
vt 0.452032 0.771705
vt 0.340904 0.771705
vt 0.427337 0.771705
vt 0.328556 0.771705
vt 0.414990 0.771705
vt 0.316209 0.771705
vt 0.402642 0.771705
vt 0.303861 0.771705
vt 0.390294 0.771705
vt 0.291513 0.771705
vt 0.377947 0.771705
vt 0.464380 0.768618
vt 0.303861 0.777879
vt 0.316209 0.777879
vt 0.390294 0.777879
vt 0.402642 0.777879
vt 0.291513 0.777879
vt 0.377947 0.777879
vt 0.279166 0.777879
vt 0.365599 0.777879
vt 0.452032 0.777879
vt 0.464380 0.774792
vt 0.266818 0.774792
vt 0.353251 0.777879
vt 0.439685 0.777879
vt 0.340904 0.777879
vt 0.427337 0.777879
vt 0.328556 0.777879
vt 0.414990 0.777879
vt 0.439685 0.580317
vt 0.439685 0.586491
vt 0.452032 0.586491
vt 0.452032 0.580317
vt 0.340904 0.580317
vt 0.340904 0.586491
vt 0.353251 0.586491
vt 0.353251 0.580317
vt 0.427337 0.580317
vt 0.427337 0.586491
vt 0.328556 0.580317
vt 0.328556 0.586491
vt 0.414990 0.580317
vt 0.414990 0.586491
vt 0.316209 0.580317
vt 0.316209 0.586491
vt 0.402642 0.580317
vt 0.402642 0.586491
vt 0.303861 0.580317
vt 0.303861 0.586491
vt 0.390294 0.580317
vt 0.390294 0.586491
vt 0.291513 0.580317
vt 0.291513 0.586491
vt 0.377947 0.580317
vt 0.377947 0.586491
vt 0.279166 0.580317
vt 0.279166 0.586491
vt 0.365599 0.580317
vt 0.365599 0.586491
vt 0.464380 0.583404
vt 0.266818 0.583404
vt 0.390294 0.592665
vt 0.402642 0.592665
vt 0.291513 0.592665
vt 0.303861 0.592665
vt 0.377947 0.592665
vt 0.279166 0.592665
vt 0.365599 0.592665
vt 0.452032 0.592665
vt 0.464380 0.589578
vt 0.266818 0.589578
vt 0.353251 0.592665
vt 0.439685 0.592665
vt 0.340904 0.592665
vt 0.427337 0.592665
vt 0.328556 0.592665
vt 0.414990 0.592665
vt 0.316209 0.592665
vt 0.340904 0.598838
vt 0.353251 0.598838
vt 0.427337 0.598838
vt 0.439685 0.598838
vt 0.328556 0.598838
vt 0.414990 0.598838
vt 0.316209 0.598838
vt 0.402642 0.598838
vt 0.303861 0.598838
vt 0.390294 0.598838
vt 0.291513 0.598838
vt 0.377947 0.598838
vt 0.279166 0.598838
vt 0.365599 0.598838
vt 0.452032 0.598838
vt 0.464380 0.595752
vt 0.266818 0.595752
vt 0.291513 0.605012
vt 0.303861 0.605012
vt 0.377947 0.605012
vt 0.390294 0.605012
vt 0.279166 0.605012
vt 0.365599 0.605012
vt 0.452032 0.605012
vt 0.464380 0.601925
vt 0.266818 0.601925
vt 0.353251 0.605012
vt 0.439685 0.605012
vt 0.340904 0.605012
vt 0.427337 0.605012
vt 0.328556 0.605012
vt 0.414990 0.605012
vt 0.316209 0.605012
vt 0.402642 0.605012
vt 0.427337 0.611186
vt 0.439685 0.611186
vt 0.328556 0.611186
vt 0.340904 0.611186
vt 0.414990 0.611186
vt 0.316209 0.611186
vt 0.402642 0.611186
vt 0.303861 0.611186
vt 0.390294 0.611186
vt 0.291513 0.611186
vt 0.377947 0.611186
vt 0.279166 0.611186
vt 0.365599 0.611186
vt 0.452032 0.611186
vt 0.464380 0.608099
vt 0.266818 0.608099
vt 0.353251 0.611186
vt 0.377947 0.617360
vt 0.390294 0.617360
vt 0.279166 0.617360
vt 0.291513 0.617360
vt 0.365599 0.617360
vt 0.452032 0.617360
vt 0.464380 0.614273
vt 0.266818 0.614273
vt 0.353251 0.617360
vt 0.439685 0.617360
vt 0.340904 0.617360
vt 0.427337 0.617360
vt 0.328556 0.617360
vt 0.414990 0.617360
vt 0.316209 0.617360
vt 0.402642 0.617360
vt 0.303861 0.617360
vt 0.328556 0.623534
vt 0.340904 0.623534
vt 0.414990 0.623534
vt 0.427337 0.623534
vt 0.316209 0.623534
vt 0.402642 0.623534
vt 0.303861 0.623534
vt 0.390294 0.623534
vt 0.291513 0.623534
vt 0.377947 0.623534
vt 0.279166 0.623534
vt 0.365599 0.623534
vt 0.452032 0.623534
vt 0.464380 0.620447
vt 0.266818 0.620447
vt 0.353251 0.623534
vt 0.439685 0.623534
vt 0.464380 0.626621
vt 0.266818 0.626621
vt 0.073452 0.827850
vt 0.107284 0.836827
vt 0.073452 0.836827
vt 0.073452 0.875649
vt 0.107284 0.881195
vt 0.073452 0.881195
vt 0.073452 0.918172
vt 0.107284 0.918172
vt 0.107284 0.925562
vt 0.090368 0.921867
vt 0.062917 0.847441
vt 0.062917 0.847919
vt 0.062917 0.753638
vt 0.062917 0.759184
vt 0.073452 0.858499
vt 0.107284 0.859011
vt 0.073452 0.859011
vt 0.073452 0.847441
vt 0.107284 0.847919
vt 0.073452 0.847919
vt 0.062917 0.918172
vt 0.062917 0.925562
vt 0.062917 0.776280
vt 0.062917 0.781368
vt 0.073452 0.869645
vt 0.107284 0.870103
vt 0.073452 0.870103
vt 0.062917 0.869645
vt 0.062917 0.870103
vt 0.073452 0.759184
vt 0.073452 0.781368
vt 0.062917 0.765129
vt 0.073452 0.770276
vt 0.062917 0.770276
vt 0.062917 0.858499
vt 0.062917 0.859011
vt 0.073452 0.925562
vt 0.062917 0.875649
vt 0.062917 0.881195
vt 0.062917 0.827850
vt 0.062917 0.836827
vt 0.062917 0.787484
vt 0.073452 0.792460
vt 0.062917 0.792460
vt 0.053940 0.858499
vt 0.053940 0.859011
vt 0.053940 0.847441
vt 0.053940 0.847919
vt 0.053940 0.869645
vt 0.053940 0.870103
vt 0.062917 0.875649
vt 0.062917 0.813850
vt 0.039940 0.869645
vt 0.039940 0.870103
vt 0.039940 0.847441
vt 0.039940 0.847919
vt 0.039940 0.858499
vt 0.039940 0.859011
vt 0.039940 0.875649
vt 0.053940 0.875649
vt 0.053940 0.881195
vt 0.039940 0.881195
vt 0.073452 0.813850
vt 0.073452 0.890172
vt 0.062917 0.890172
vt 0.107284 0.890172
vt 0.107284 0.813850
vt 0.107284 0.827850
vt 0.073452 0.799850
vt 0.062917 0.799850
vt 0.018549 0.875649
vt 0.025940 0.875649
vt 0.025940 0.881195
vt 0.018549 0.881195
vt 0.018549 0.858499
vt 0.025940 0.858499
vt 0.025940 0.859011
vt 0.018549 0.847441
vt 0.025940 0.847441
vt 0.025940 0.847919
vt 0.018549 0.869645
vt 0.025940 0.869645
vt 0.025940 0.870103
vt 0.062917 0.911172
vt 0.073452 0.911172
vt 0.062917 0.911172
vt 0.107284 0.904172
vt 0.073452 0.904172
vt 0.062917 0.904172
vt 0.073452 0.806850
vt 0.107284 0.806850
vt 0.062917 0.806850
vt 0.032940 0.875649
vt 0.032939 0.881195
vt 0.032940 0.858499
vt 0.032940 0.859011
vt 0.032939 0.847441
vt 0.032940 0.847919
vt 0.032940 0.869645
vt 0.032940 0.870103
vt 0.062917 0.869305
vt 0.062917 0.759641
vt 0.032940 0.869305
vt 0.039940 0.869305
vt 0.018549 0.869305
vt 0.025940 0.869305
vt 0.053940 0.869305
vt 0.073452 0.759641
vt 0.073452 0.869305
vt 0.107284 0.869645
vt 0.062917 0.770788
vt 0.062917 0.858094
vt 0.032940 0.858094
vt 0.039940 0.858094
vt 0.018549 0.858094
vt 0.025940 0.858094
vt 0.053940 0.858094
vt 0.073452 0.858094
vt 0.073452 0.770788
vt 0.107284 0.858499
vt 0.062917 0.846778
vt 0.062917 0.781846
vt 0.032940 0.846778
vt 0.039940 0.846778
vt 0.018549 0.846778
vt 0.025940 0.846778
vt 0.053940 0.846778
vt 0.073452 0.781846
vt 0.073452 0.846778
vt 0.107284 0.847441
vt 0.073452 0.864158
vt 0.107284 0.864158
vt 0.107284 0.869305
vt 0.062917 0.864158
vt 0.039940 0.864158
vt 0.053940 0.864158
vt 0.018549 0.864158
vt 0.025940 0.864158
vt 0.032940 0.864158
vt 0.062917 0.759982
vt 0.073452 0.759982
vt 0.073452 0.853007
vt 0.107284 0.853007
vt 0.107284 0.858094
vt 0.062917 0.853007
vt 0.039940 0.853007
vt 0.053940 0.853007
vt 0.018549 0.853007
vt 0.025940 0.853007
vt 0.032940 0.853007
vt 0.062917 0.771193
vt 0.073452 0.771193
vt 0.062917 0.841803
vt 0.073452 0.841803
vt 0.107284 0.846778
vt 0.039940 0.841803
vt 0.053940 0.841803
vt 0.018549 0.841803
vt 0.025940 0.841803
vt 0.032940 0.841803
vt 0.062917 0.782509
vt 0.073452 0.782509
vt 0.062917 0.748092
vt 0.018549 0.870103
vt 0.073452 0.753638
vt 0.107284 0.875649
vt 0.018549 0.859011
vt 0.073452 0.765129
vt 0.018549 0.847919
vt 0.073452 0.776280
vt 0.053940 0.836827
vt 0.032939 0.836827
vt 0.039940 0.836827
vt 0.018549 0.836827
vt 0.025940 0.836827
vt 0.107284 0.841803
vt 0.073452 0.787484
vt 0.107284 0.911172
vt 0.856782 0.430162
vt 0.862429 0.441456
vt 0.899347 0.408880
vt 0.855851 0.461437
vt 0.856152 0.462039
vt 0.796843 0.343421
vt 0.800332 0.350399
vt 0.876062 0.468722
vt 0.876384 0.469366
vt 0.918627 0.447439
vt 0.869106 0.454810
vt 0.869407 0.455411
vt 0.911671 0.433527
vt 0.900345 0.550425
vt 0.904994 0.559724
vt 0.811086 0.371908
vt 0.814287 0.378309
vt 0.869819 0.489373
vt 0.870107 0.489949
vt 0.883074 0.482746
vt 0.810098 0.336794
vt 0.824341 0.365281
vt 0.804071 0.357878
vt 0.807309 0.364354
vt 0.817326 0.351251
vt 0.862807 0.475349
vt 0.863129 0.475994
vt 0.913600 0.543798
vt 0.873596 0.496926
vt 0.877084 0.503904
vt 0.890339 0.497276
vt 0.886850 0.490299
vt 0.843527 0.436790
vt 0.849174 0.448084
vt 0.818134 0.386004
vt 0.821264 0.392264
vt 0.831389 0.379376
vt 0.851513 0.480996
vt 0.851835 0.481641
vt 0.844557 0.467084
vt 0.844857 0.467686
vt 0.858525 0.495020
vt 0.858813 0.495596
vt 0.873595 0.496926
vt 0.834720 0.419176
vt 0.840911 0.503827
vt 0.841199 0.504403
vt 0.826943 0.475891
vt 0.827244 0.476493
vt 0.833899 0.489803
vt 0.834221 0.490448
vt 0.844687 0.511380
vt 0.848176 0.518358
vt 0.865790 0.509551
vt 0.862301 0.502573
vt 0.847975 0.412548
vt 0.882731 0.515198
vt 0.895986 0.508571
vt 0.882731 0.515198
vt 0.890540 0.391266
vt 0.825913 0.401562
vt 0.839168 0.394935
vt 0.834519 0.385636
vt 0.817775 0.524836
vt 0.821264 0.531814
vt 0.830562 0.527165
vt 0.827074 0.520187
vt 0.806987 0.503259
vt 0.816607 0.499255
vt 0.816285 0.498610
vt 0.800031 0.489347
vt 0.809630 0.485299
vt 0.809329 0.484698
vt 0.813999 0.517283
vt 0.823585 0.513210
vt 0.823297 0.512634
vt 0.895942 0.541619
vt 0.909196 0.534991
vt 0.891538 0.532812
vt 0.904793 0.526184
vt 0.843571 0.403741
vt 0.886137 0.382459
vt 0.830317 0.410369
vt 0.835881 0.515784
vt 0.839369 0.522761
vt 0.825092 0.494207
vt 0.825414 0.494851
vt 0.818136 0.480295
vt 0.818437 0.480896
vt 0.832104 0.508231
vt 0.832392 0.508806
vt 0.869819 0.489373
vt 0.869605 0.488945
vt 0.800619 0.350974
vt 0.831890 0.507802
vt 0.840697 0.503398
vt 0.813785 0.516854
vt 0.823083 0.512205
vt 0.858310 0.494592
vt 0.813587 0.343771
vt 0.882859 0.482317
vt 0.807631 0.364998
vt 0.862552 0.474840
vt 0.824838 0.493697
vt 0.833644 0.489294
vt 0.806732 0.502750
vt 0.816031 0.498101
vt 0.851258 0.480487
vt 0.875807 0.468212
vt 0.820564 0.357726
vt 0.918372 0.446930
vt 0.855434 0.460604
vt 0.814587 0.378910
vt 0.814588 0.378910
vt 0.817719 0.479461
vt 0.826526 0.475057
vt 0.799614 0.488513
vt 0.808912 0.483864
vt 0.844140 0.466251
vt 0.827542 0.371681
vt 0.868689 0.453976
vt 0.911254 0.432693
vt 0.866367 0.482469
vt 0.879622 0.475842
vt 0.837459 0.496923
vt 0.855073 0.488116
vt 0.810547 0.510379
vt 0.819845 0.505730
vt 0.828652 0.501327
vt 0.800834 0.351403
vt 0.813874 0.344347
vt 0.872607 0.461812
vt 0.915172 0.440529
vt 0.859352 0.468439
vt 0.830444 0.482893
vt 0.848058 0.474086
vt 0.803532 0.496349
vt 0.812830 0.491700
vt 0.821637 0.487297
vt 0.807886 0.365508
vt 0.820886 0.358371
vt 0.852304 0.454344
vt 0.865559 0.447716
vt 0.908124 0.426434
vt 0.823396 0.468798
vt 0.841010 0.459991
vt 0.792805 0.482756
vt 0.805782 0.477604
vt 0.814589 0.473201
vt 0.852304 0.454344
vt 0.815004 0.379744
vt 0.827842 0.372283
vt 0.793354 0.339998
vt 0.777361 0.354214
vt 0.793354 0.336444
vt 0.814287 0.517859
vt 0.883362 0.483321
vt 0.806609 0.329816
vt 0.781359 0.375538
vt 0.807309 0.503904
vt 0.918949 0.448084
vt 0.814089 0.344775
vt 0.800332 0.489949
vt 0.911972 0.434129
vt 0.821141 0.358880
vt 0.837880 0.453731
vt 0.811459 0.466941
vt 0.820266 0.462538
vt 0.789675 0.476777
vt 0.802652 0.471345
vt 0.904994 0.420174
vt 0.828259 0.373117
vt 0.881733 0.373652
s 0
usemtl Material.001
f 106/1/1 103/2/1 4/3/1 16/4/1
f 62/5/2 59/6/2 6/7/2 17/8/2
f 130/9/3 127/10/3 5/11/3 18/12/3
f 76/13/4 73/14/4 2/15/4 15/16/4
f 140/17/5 19/18/5 7/18/5 137/17/5
f 135/19/6 137/20/6 7/21/6 74/22/6
f 70/23/7 20/11/7 9/11/7 67/23/7
f 84/24/8 21/25/8 8/3/8 81/24/8
f 115/26/9 22/7/9 10/7/9 112/26/9
f 111/26/10 6/7/10 14/7/10 113/26/10
f 80/24/11 4/3/11 12/25/11 82/24/11
f 66/23/12 5/11/12 13/11/12 68/23/12
f 136/17/13 2/18/13 11/18/13 138/17/13
f 79/27/14 76/13/14 15/16/14 25/28/14
f 132/29/15 130/9/15 18/12/15 28/30/15
f 64/31/16 62/5/16 17/8/16 27/32/16
f 109/33/1 106/1/1 16/4/1 26/34/1
f 113/26/17 14/7/17 22/7/17 115/26/17
f 82/24/18 12/25/18 21/25/18 84/24/18
f 68/23/19 13/11/19 20/11/19 70/23/19
f 138/17/13 11/18/13 19/18/13 140/17/13
f 125/35/1 108/36/1 23/37/1 120/38/1
f 123/39/20 78/40/20 24/41/20 121/42/20
f 108/36/1 109/33/1 26/34/1 23/37/1
f 78/40/21 79/27/21 25/28/21 24/41/21
f 75/14/22 36/43/22 40/43/22 77/14/22
f 61/6/23 35/44/23 39/44/23 63/6/23
f 42/45/24 83/46/24 38/47/24
f 71/48/25 69/49/25 37/50/25 43/51/25
f 73/14/26 32/43/26 36/43/26 75/14/26
f 59/6/27 30/44/27 35/44/27 61/6/27
f 63/6/28 39/44/28 33/44/28 60/6/28
f 77/14/29 40/43/29 34/43/29 74/14/29
f 134/52/30 133/53/30 34/54/30 67/55/30
f 69/49/31 66/23/31 32/43/31 37/50/31
f 83/46/32 80/24/32 30/44/32 38/47/32
f 118/56/33 117/57/33 58/58/33 72/59/33
f 99/60/1 100/61/1 56/62/1 55/63/1
f 124/64/1 99/60/1 55/63/1 122/65/1
f 105/2/13 50/66/13 54/66/13 107/2/13
f 89/67/34 49/68/34 53/68/34 91/67/34
f 100/61/1 97/69/1 52/70/1 56/62/1
f 116/71/35 114/72/35 51/73/35 57/74/35
f 103/2/13 45/66/13 50/66/13 105/2/13
f 87/67/36 46/68/36 49/68/36 89/67/36
f 91/67/37 53/68/37 48/68/37 88/67/37
f 119/75/38 104/76/38 47/77/38 85/78/38
f 107/2/13 54/66/13 47/66/13 104/2/13
f 114/72/39 111/26/39 46/68/39 51/73/39
f 97/69/1 94/79/1 45/66/1 52/70/1
f 112/26/40 118/56/40 72/59/40 48/68/40
f 18/12/41 5/11/41 66/23/41 69/49/41
f 128/10/42 134/52/42 67/55/42 9/11/42
f 22/7/43 63/6/43 60/6/43 10/7/43
f 6/7/44 59/6/44 61/6/44 14/7/44
f 28/30/45 18/12/45 69/49/45 71/48/45
f 14/7/46 61/6/46 63/6/46 22/7/46
f 36/43/47 68/23/47 70/23/47 40/43/47
f 42/80/48 38/47/48 62/5/48 64/31/48
f 32/43/49 66/23/49 68/23/49 36/43/49
f 40/43/50 70/23/50 67/23/50 34/43/50
f 38/47/51 30/44/51 59/6/51 62/5/51
f 117/57/52 119/75/52 85/78/52 58/58/52
f 110/81/53 29/82/53 44/83/53
f 16/4/54 4/3/54 80/24/54 83/46/54
f 126/84/55 31/85/55 1/86/55
f 19/15/56 77/14/56 74/14/56 7/15/56
f 2/15/57 73/14/57 75/14/57 11/15/57
f 26/34/58 16/4/58 83/46/58 42/45/58
f 11/15/59 75/14/59 77/14/59 19/15/59
f 120/38/60 23/37/60 42/87/60 29/88/60
f 23/37/61 26/34/61 42/87/61
f 41/89/62 43/51/62 79/27/62 78/40/62
f 31/90/63 41/89/63 78/40/63 123/39/63
f 35/44/64 82/24/64 84/24/64 39/44/64
f 43/51/65 37/50/65 76/13/65 79/27/65
f 30/44/66 80/24/66 82/24/66 35/44/66
f 39/44/67 84/24/67 81/24/67 33/44/67
f 133/53/68 135/19/68 74/22/68 34/54/68
f 37/50/69 32/43/69 73/14/69 76/13/69
f 58/58/70 85/78/70 102/91/70 93/92/70
f 44/83/71 29/82/71 31/93/71 86/94/71
f 48/68/72 72/59/72 101/95/72 88/67/72
f 139/96/1 136/17/1 94/79/1 97/69/1
f 131/10/73 91/67/73 88/67/73 128/10/73
f 127/10/74 87/67/74 89/67/74 129/10/74
f 142/97/1 139/96/1 97/69/1 100/61/1
f 129/10/75 89/67/75 91/67/75 131/10/75
f 143/98/1 141/99/1 99/60/1 124/64/1
f 141/99/1 142/97/1 100/61/1 99/60/1
f 72/59/76 58/58/76 93/92/76 101/95/76
f 50/66/13 96/79/13 98/79/13 54/66/13
f 57/74/77 51/73/77 90/100/77 92/101/77
f 45/66/13 94/79/13 96/79/13 50/66/13
f 85/78/78 47/77/78 95/102/78 102/91/78
f 54/66/13 98/79/13 95/79/13 47/66/13
f 51/73/79 46/68/79 87/67/79 90/100/79
f 3/103/80 29/104/80 110/105/80
f 33/106/81 81/107/81 119/75/81 117/57/81
f 10/7/82 60/108/82 118/56/82 112/26/82
f 17/8/83 6/7/83 111/26/83 114/72/83
f 21/25/84 107/2/84 104/2/84 8/3/84
f 81/107/85 8/109/85 104/76/85 119/75/85
f 4/3/13 103/2/13 105/2/13 12/25/13
f 27/32/86 17/8/86 114/72/86 116/71/86
f 12/25/13 105/2/13 107/2/13 21/25/13
f 60/108/87 33/106/87 117/57/87 118/56/87
f 55/63/1 56/62/1 109/33/1 108/36/1
f 122/65/1 55/63/1 108/36/1 125/35/1
f 49/68/88 113/26/88 115/26/88 53/68/88
f 56/62/1 52/70/1 106/1/1 109/33/1
f 46/68/89 111/26/89 113/26/89 49/68/89
f 53/68/90 115/26/90 112/26/90 48/68/90
f 52/70/1 45/66/1 103/2/1 106/1/1
f 44/110/1 122/65/1 125/35/1 110/111/1
f 126/112/1 143/98/1 124/64/1 86/113/1
f 3/114/91 120/38/91 29/115/91
f 86/113/1 124/64/1 122/65/1 44/110/1
f 31/116/92 123/39/92 121/42/92 1/117/92
f 110/111/93 125/35/93 120/38/93 3/114/93
f 1/118/94 121/119/94 143/98/94 126/112/94
f 24/120/1 25/121/1 142/97/1 141/99/1
f 121/119/1 24/120/1 141/99/1 143/98/1
f 13/11/95 129/10/95 131/10/95 20/11/95
f 25/121/1 15/122/1 139/96/1 142/97/1
f 5/11/96 127/10/96 129/10/96 13/11/96
f 20/11/97 131/10/97 128/10/97 9/11/97
f 15/122/1 2/18/1 136/17/1 139/96/1
f 93/92/98 102/91/98 135/19/98 133/53/98
f 86/123/99 31/124/99 126/125/99
f 88/67/100 101/95/100 134/52/100 128/10/100
f 101/95/101 93/92/101 133/53/101 134/52/101
f 96/79/13 138/17/13 140/17/13 98/79/13
f 92/101/102 90/100/102 130/9/102 132/29/102
f 94/79/13 136/17/13 138/17/13 96/79/13
f 102/91/103 95/102/103 137/20/103 135/19/103
f 98/79/104 140/17/104 137/17/104 95/79/104
f 90/100/105 87/67/105 127/10/105 130/9/105
f 248/126/106 159/127/106 147/128/106 245/129/106
f 203/130/107 160/131/107 149/132/107 200/133/107
f 273/134/108 161/135/108 148/136/108 270/137/108
f 217/138/109 158/139/109 145/140/109 214/141/109
f 282/142/110 279/142/110 150/143/110 162/143/110
f 277/144/111 215/145/111 150/146/111 279/147/111
f 212/148/112 209/148/112 152/136/112 163/136/112
f 225/149/113 222/149/113 151/128/113 164/128/113
f 257/150/114 254/150/114 153/132/114 165/132/114
f 253/150/115 255/150/115 157/132/115 149/132/115
f 221/149/116 223/149/116 155/128/116 147/128/116
f 208/148/117 210/148/117 156/136/117 148/136/117
f 278/142/118 280/142/118 154/143/118 145/143/118
f 220/151/119 168/152/119 158/139/119 217/138/119
f 206/153/120 170/154/120 160/131/120 203/130/120
f 251/155/106 169/156/106 159/127/106 248/126/106
f 255/150/121 257/150/121 165/132/121 157/132/121
f 223/149/122 225/149/122 164/128/122 155/128/122
f 210/148/123 212/148/123 163/136/123 156/136/123
f 280/142/118 282/142/118 162/143/118 154/143/118
f 268/157/106 262/158/106 166/159/106 250/160/106
f 171/161/124 2737/162/124 2697/161/124
f 171/161/125 264/163/125 167/164/125 219/162/125
f 250/160/106 166/159/106 169/156/106 251/155/106
f 220/151/126 184/165/126 2737/165/126 219/151/126
f 219/162/127 167/164/127 168/152/127 220/151/127
f 226/166/128 182/167/128 183/168/128 227/169/128
f 266/170/129 182/167/129 226/166/129
f 216/141/130 218/141/130 181/171/130 177/171/130
f 2726/172/131 2728/172/131 180/173/131 176/173/131
f 227/169/132 183/168/132 179/174/132 224/175/132
f 2733/176/133 184/165/133 178/177/133 2722/178/133
f 214/141/134 216/141/134 177/171/134 173/171/134
f 2724/172/135 2726/172/135 176/173/135 172/173/135
f 2728/172/136 2725/172/136 174/173/136 180/173/136
f 218/141/137 215/141/137 175/171/137 181/171/137
f 2732/179/138 2720/180/138 175/181/138 275/182/138
f 2722/178/139 178/177/139 173/171/139 2719/183/139
f 224/175/140 179/174/140 172/173/140 221/149/140
f 2731/184/141 2729/185/141 199/186/141 259/187/141
f 241/188/106 196/189/106 197/190/106 242/191/106
f 267/192/106 265/193/106 196/189/106 241/188/106
f 247/129/118 249/129/118 195/194/118 191/194/118
f 232/195/142 234/195/142 194/196/142 190/196/142
f 242/191/106 197/190/106 193/197/106 239/198/106
f 258/199/143 198/200/143 192/201/143 256/202/143
f 245/129/118 247/129/118 191/194/118 186/194/118
f 230/195/144 232/195/144 190/196/144 187/196/144
f 234/195/145 231/195/145 189/196/145 194/196/145
f 261/203/146 228/204/146 188/205/146 246/206/146
f 249/129/118 246/129/118 188/194/118 195/194/118
f 256/202/147 192/201/147 187/196/147 253/150/147
f 239/198/106 193/197/106 186/194/106 236/207/106
f 254/150/148 189/196/148 213/208/148 260/209/148
f 161/135/149 211/210/149 208/148/149 148/136/149
f 271/137/150 152/136/150 209/211/150 276/212/150
f 165/132/151 153/132/151 201/133/151 204/133/151
f 149/132/152 157/132/152 202/133/152 200/133/152
f 157/132/153 165/132/153 204/133/153 202/133/153
f 263/213/154 198/201/154 205/201/154 2521/213/154
f 2737/165/155 2552/176/155 2697/165/155
f 2721/183/156 2723/183/156 212/148/156 210/148/156
f 183/168/157 206/153/157 203/130/157 2727/214/157 179/174/157
f 2719/183/158 2721/183/158 210/148/158 208/148/158
f 2723/183/159 2720/183/159 209/148/159 212/148/159
f 2727/214/160 203/130/160 200/133/160 2724/172/160
f 259/187/161 199/186/161 228/204/161 261/203/161
f 252/215/162 185/216/162 171/217/162
f 159/127/163 224/175/163 221/149/163 147/128/163
f 269/218/164 144/219/164 171/220/164
f 162/140/165 150/140/165 215/141/165 218/141/165
f 145/140/166 154/140/166 216/141/166 214/141/166
f 169/156/167 227/169/167 224/175/167 159/127/167
f 154/140/168 162/140/168 218/141/168 216/141/168
f 262/158/169 266/170/169 226/166/169 166/159/169
f 166/159/170 226/166/170 227/169/170 169/156/170
f 176/173/171 180/173/171 225/149/171 223/149/171
f 184/165/172 220/151/172 217/138/172 178/177/172
f 172/173/173 176/173/173 223/149/173 221/149/173
f 180/173/174 174/173/174 222/149/174 225/149/174
f 275/182/175 175/181/175 215/145/175 277/144/175
f 178/177/176 217/138/176 214/141/176 173/171/176
f 199/186/177 235/221/177 244/222/177 228/204/177
f 185/223/162 229/224/162 171/225/162
f 189/196/178 231/195/178 243/226/178 213/208/178
f 281/227/106 239/198/106 236/207/106 278/142/106
f 274/137/179 271/137/179 231/195/179 234/195/179
f 270/137/180 272/137/180 232/195/180 230/195/180
f 284/228/106 242/191/106 239/198/106 281/227/106
f 272/137/181 274/137/181 234/195/181 232/195/181
f 285/229/106 267/192/106 241/188/106 283/230/106
f 283/230/106 241/188/106 242/191/106 284/228/106
f 2729/185/182 2730/231/182 235/221/182 199/186/182
f 233/213/183 192/201/183 198/201/183 263/213/183
f 191/194/118 195/194/118 240/232/118 238/232/118
f 186/194/118 191/194/118 238/232/118 236/207/118
f 228/204/184 244/222/184 237/233/184 188/205/184
f 195/194/118 188/194/118 237/207/118 240/232/118
f 192/201/185 233/213/185 230/195/185 187/196/185
f 146/234/186 252/235/186 171/236/186
f 174/237/187 259/187/187 261/203/187 222/238/187
f 153/132/188 254/150/188 260/209/188 201/239/188
f 160/131/189 256/202/189 253/150/189 149/132/189
f 164/128/190 151/128/190 246/129/190 249/129/190
f 222/238/191 261/203/191 246/206/191 151/240/191
f 147/128/118 155/128/118 247/129/118 245/129/118
f 170/154/192 258/199/192 256/202/192 160/131/192
f 155/128/118 164/128/118 249/129/118 247/129/118
f 2725/241/193 2731/184/193 259/187/193 174/237/193
f 196/189/106 250/160/106 251/155/106 197/190/106
f 265/193/106 268/157/106 250/160/106 196/189/106
f 190/196/194 194/196/194 257/150/194 255/150/194
f 197/190/106 251/155/106 248/126/106 193/197/106
f 187/196/195 190/196/195 255/150/195 253/150/195
f 194/196/196 189/196/196 254/150/196 257/150/196
f 193/197/106 248/126/106 245/129/106 186/194/106
f 185/242/106 252/243/106 268/157/106 265/193/106
f 269/244/106 229/245/106 267/192/106 285/229/106
f 146/246/197 171/247/197 266/170/197 262/158/197
f 171/161/198 219/162/198 2737/162/198
f 229/245/106 185/242/106 265/193/106 267/192/106
f 171/248/199 182/249/199 266/250/199
f 171/251/200 144/252/200 264/253/200
f 252/243/201 146/246/201 262/158/201 268/157/201
f 144/254/202 269/244/202 285/229/202 264/255/202
f 167/256/106 283/230/106 284/228/106 168/257/106
f 264/255/106 285/229/106 283/230/106 167/256/106
f 156/136/203 163/136/203 274/137/203 272/137/203
f 168/257/106 284/228/106 281/227/106 158/258/106
f 148/136/204 156/136/204 272/137/204 270/137/204
f 163/136/205 152/136/205 271/137/205 274/137/205
f 158/258/106 281/227/106 278/142/106 145/143/106
f 235/221/206 275/182/206 277/144/206 244/222/206
f 229/259/162 269/260/162 171/261/162
f 231/195/207 271/137/207 276/212/207 243/226/207
f 2730/231/208 2732/179/208 275/182/208 235/221/208
f 238/232/118 240/232/118 282/142/118 280/142/118
f 236/207/118 238/232/118 280/142/118 278/142/118
f 244/222/209 277/144/209 279/147/209 237/233/209
f 240/232/210 237/207/210 279/142/210 282/142/210
f 233/213/211 273/134/211 270/137/211 230/195/211
f 867/401/309 866/402/309 401/403/309 402/404/309
f 870/405/310 398/406/310 409/407/310 410/408/310
f 394/409/311 867/401/311 402/404/311 403/410/311
f 399/411/312 870/405/312 410/408/312 411/412/312
f 868/413/313 394/409/313 403/410/313 404/414/313
f 871/415/314 399/411/314 411/412/314 412/416/314
f 395/417/315 868/413/315 404/414/315 405/418/315
f 872/419/316 871/415/316 412/416/316 413/420/316
f 869/421/317 395/417/317 405/418/317 406/422/317
f 873/423/318 872/419/318 413/420/318 414/424/318
f 396/425/319 869/421/319 406/422/319 407/426/319
f 874/427/320 873/423/320 414/424/320 415/428/320
f 397/429/321 396/425/321 407/426/321 408/430/321
f 866/402/322 393/431/322 401/403/322
f 400/432/323 874/427/323 415/428/323
f 875/433/324 397/429/324 408/430/324 876/434/324
f 408/430/325 407/426/325 422/435/325 423/436/325
f 401/403/326 393/437/326 416/438/326
f 400/439/327 415/428/327 430/440/327
f 876/434/328 408/430/328 423/436/328 877/441/328
f 402/404/329 401/403/329 416/438/329 417/442/329
f 410/408/330 409/407/330 424/443/330 425/444/330
f 403/410/331 402/404/331 417/442/331 418/445/331
f 411/412/332 410/408/332 425/444/332 426/446/332
f 404/414/333 403/410/333 418/445/333 419/447/333
f 412/416/334 411/412/334 426/446/334 427/448/334
f 405/418/335 404/414/335 419/447/335 420/449/335
f 413/420/336 412/416/336 427/448/336 428/450/336
f 406/422/337 405/418/337 420/449/337 421/451/337
f 414/424/338 413/420/338 428/450/338 429/452/338
f 407/426/339 406/422/339 421/451/339 422/435/339
f 415/428/340 414/424/340 429/452/340 430/440/340
f 427/448/341 426/446/341 441/453/341 442/454/341
f 420/449/342 419/447/342 434/455/342 435/456/342
f 428/450/343 427/448/343 442/454/343 443/457/343
f 421/451/344 420/449/344 435/456/344 436/458/344
f 429/452/345 428/450/345 443/457/345 444/459/345
f 422/435/346 421/451/346 436/458/346 437/460/346
f 430/440/347 429/452/347 444/459/347 445/461/347
f 423/436/348 422/435/348 437/460/348 438/462/348
f 416/438/349 393/463/349 431/464/349
f 400/465/350 430/440/350 445/461/350
f 877/441/351 423/436/351 438/462/351 878/466/351
f 417/442/352 416/438/352 431/464/352 432/467/352
f 425/444/353 424/443/353 439/468/353 440/469/353
f 418/445/354 417/442/354 432/467/354 433/470/354
f 426/446/355 425/444/355 440/469/355 441/453/355
f 419/447/356 418/445/356 433/470/356 434/455/356
f 400/471/357 445/461/357 460/472/357
f 878/466/358 438/462/358 453/473/358 879/474/358
f 432/467/359 431/464/359 446/475/359 447/476/359
f 440/469/360 439/468/360 454/477/360 455/478/360
f 433/470/361 432/467/361 447/476/361 448/479/361
f 441/453/362 440/469/362 455/478/362 456/480/362
f 434/455/363 433/470/363 448/479/363 449/481/363
f 442/454/364 441/453/364 456/480/364 457/482/364
f 435/456/365 434/455/365 449/481/365 450/483/365
f 443/457/366 442/454/366 457/482/366 458/484/366
f 436/458/367 435/456/367 450/483/367 451/485/367
f 444/459/368 443/457/368 458/484/368 459/486/368
f 437/460/369 436/458/369 451/485/369 452/487/369
f 445/461/370 444/459/370 459/486/370 460/472/370
f 438/462/371 437/460/371 452/487/371 453/473/371
f 431/464/372 393/488/372 446/475/372
f 458/484/373 457/482/373 472/489/373 473/490/373
f 451/485/374 450/483/374 465/491/374 466/492/374
f 459/486/375 458/484/375 473/490/375 474/493/375
f 452/487/376 451/485/376 466/492/376 467/494/376
f 460/472/377 459/486/377 474/493/377 475/495/377
f 453/473/378 452/487/378 467/494/378 468/496/378
f 446/475/379 393/497/379 461/498/379
f 400/499/380 460/472/380 475/495/380
f 879/474/381 453/473/381 468/496/381 880/500/381
f 447/476/382 446/475/382 461/498/382 462/501/382
f 455/478/383 454/477/383 469/502/383 470/503/383
f 448/479/384 447/476/384 462/501/384 463/504/384
f 456/480/385 455/478/385 470/503/385 471/505/385
f 449/481/386 448/479/386 463/504/386 464/506/386
f 457/482/387 456/480/387 471/505/387 472/489/387
f 450/483/388 449/481/388 464/506/388 465/491/388
f 462/501/389 461/498/389 476/507/389 477/508/389
f 470/503/390 469/502/390 484/509/390 485/510/390
f 463/504/391 462/501/391 477/508/391 478/511/391
f 471/505/392 470/503/392 485/510/392 486/512/392
f 464/506/393 463/504/393 478/511/393 479/513/393
f 472/489/394 471/505/394 486/512/394 487/514/394
f 465/491/395 464/506/395 479/513/395 480/515/395
f 473/490/396 472/489/396 487/514/396 488/516/396
f 466/492/397 465/491/397 480/515/397 481/517/397
f 474/493/398 473/490/398 488/516/398 489/518/398
f 467/494/399 466/492/399 481/517/399 482/519/399
f 475/495/400 474/493/400 489/518/400 490/520/400
f 468/496/401 467/494/401 482/519/401 483/521/401
f 461/498/402 393/522/402 476/507/402
f 400/523/403 475/495/403 490/520/403
f 880/500/404 468/496/404 483/521/404 881/524/404
f 481/517/405 480/515/405 495/525/405 496/526/405
f 489/518/406 488/516/406 503/527/406 504/528/406
f 482/519/407 481/517/407 496/526/407 497/529/407
f 490/520/408 489/518/408 504/528/408 505/530/408
f 483/521/409 482/519/409 497/529/409 498/531/409
f 476/507/410 393/532/410 491/533/410
f 400/534/411 490/520/411 505/530/411
f 881/524/412 483/521/412 498/531/412 882/535/412
f 477/508/413 476/507/413 491/533/413 492/536/413
f 485/510/414 484/509/414 499/537/414 500/538/414
f 478/511/415 477/508/415 492/536/415 493/539/415
f 486/512/416 485/510/416 500/538/416 501/540/416
f 479/513/417 478/511/417 493/539/417 494/541/417
f 487/514/418 486/512/418 501/540/418 502/542/418
f 480/515/419 479/513/419 494/541/419 495/525/419
f 488/516/420 487/514/420 502/542/420 503/527/420
f 500/538/421 499/537/421 514/543/421 515/544/421
f 493/539/422 492/536/422 507/545/422 508/546/422
f 501/540/423 500/538/423 515/544/423 516/547/423
f 494/541/424 493/539/424 508/546/424 509/548/424
f 502/542/425 501/540/425 516/547/425 517/549/425
f 495/525/426 494/541/426 509/548/426 510/550/426
f 503/527/427 502/542/427 517/549/427 518/551/427
f 496/526/428 495/525/428 510/550/428 511/552/428
f 504/528/429 503/527/429 518/551/429 519/553/429
f 497/529/430 496/526/430 511/552/430 512/554/430
f 505/530/431 504/528/431 519/553/431 520/555/431
f 498/531/432 497/529/432 512/554/432 513/556/432
f 491/533/433 393/557/433 506/558/433
f 400/559/434 505/530/434 520/555/434
f 882/535/435 498/531/435 513/556/435 883/560/435
f 492/536/436 491/533/436 506/558/436 507/545/436
f 519/553/437 518/551/437 533/561/437 534/562/437
f 512/554/438 511/552/438 526/563/438 527/564/438
f 520/555/439 519/553/439 534/562/439 535/565/439
f 513/556/440 512/554/440 527/564/440 528/566/440
f 506/558/441 393/567/441 521/568/441
f 400/569/442 520/555/442 535/565/442
f 883/560/443 513/556/443 528/566/443 884/570/443
f 507/545/444 506/558/444 521/568/444 522/571/444
f 515/544/445 514/543/445 529/572/445 530/573/445
f 508/546/446 507/545/446 522/571/446 523/574/446
f 516/547/447 515/544/447 530/573/447 531/575/447
f 509/548/448 508/546/448 523/574/448 524/576/448
f 517/549/449 516/547/449 531/575/449 532/577/449
f 510/550/450 509/548/450 524/576/450 525/578/450
f 518/551/451 517/549/451 532/577/451 533/561/451
f 511/552/452 510/550/452 525/578/452 526/563/452
f 523/574/453 522/571/453 537/579/453 538/580/453
f 531/575/454 530/573/454 545/581/454 546/582/454
f 524/576/455 523/574/455 538/580/455 539/583/455
f 532/577/456 531/575/456 546/582/456 547/584/456
f 525/578/457 524/576/457 539/583/457 540/585/457
f 533/561/458 532/577/458 547/584/458 548/586/458
f 526/563/459 525/578/459 540/585/459 541/587/459
f 534/562/460 533/561/460 548/586/460 549/588/460
f 527/564/461 526/563/461 541/587/461 542/589/461
f 535/565/462 534/562/462 549/588/462 550/590/462
f 528/566/463 527/564/463 542/589/463 543/591/463
f 521/568/464 393/592/464 536/593/464
f 400/594/465 535/565/465 550/590/465
f 884/570/466 528/566/466 543/591/466 885/595/466
f 522/571/467 521/568/467 536/593/467 537/579/467
f 530/573/468 529/572/468 544/596/468 545/581/468
f 542/589/469 541/587/469 556/597/469 557/598/469
f 550/590/470 549/588/470 564/599/470 565/600/470
f 543/591/471 542/589/471 557/598/471 558/601/471
f 536/593/472 393/602/472 551/603/472
f 400/604/473 550/590/473 565/600/473
f 885/595/474 543/591/474 558/601/474 886/605/474
f 537/579/475 536/593/475 551/603/475 552/606/475
f 545/581/476 544/596/476 559/607/476 560/608/476
f 538/580/477 537/579/477 552/606/477 553/609/477
f 546/582/478 545/581/478 560/608/478 561/610/478
f 539/583/479 538/580/479 553/609/479 554/611/479
f 547/584/480 546/582/480 561/610/480 562/612/480
f 540/585/481 539/583/481 554/611/481 555/613/481
f 548/586/482 547/584/482 562/612/482 563/614/482
f 541/587/483 540/585/483 555/613/483 556/597/483
f 549/588/484 548/586/484 563/614/484 564/599/484
f 561/610/485 560/608/485 575/615/485 576/616/485
f 554/611/486 553/609/486 568/617/486 569/618/486
f 562/612/487 561/610/487 576/616/487 577/619/487
f 555/613/488 554/611/488 569/618/488 570/620/488
f 563/614/489 562/612/489 577/619/489 578/621/489
f 556/597/490 555/613/490 570/620/490 571/622/490
f 564/599/491 563/614/491 578/621/491 579/623/491
f 557/598/492 556/597/492 571/622/492 572/624/492
f 565/600/493 564/599/493 579/623/493 580/625/493
f 558/601/494 557/598/494 572/624/494 573/626/494
f 551/603/495 393/627/495 566/628/495
f 400/629/496 565/600/496 580/625/496
f 886/605/497 558/601/497 573/626/497 887/630/497
f 552/606/498 551/603/498 566/628/498 567/631/498
f 560/608/499 559/607/499 574/632/499 575/615/499
f 553/609/500 552/606/500 567/631/500 568/617/500
f 580/625/501 579/623/501 594/633/501 595/634/501
f 573/626/502 572/624/502 587/635/502 588/636/502
f 566/628/503 393/637/503 581/638/503
f 400/639/504 580/625/504 595/634/504
f 887/630/505 573/626/505 588/636/505 888/640/505
f 567/631/506 566/628/506 581/638/506 582/641/506
f 575/615/507 574/632/507 589/642/507 590/643/507
f 568/617/508 567/631/508 582/641/508 583/644/508
f 576/616/509 575/615/509 590/643/509 591/645/509
f 569/618/510 568/617/510 583/644/510 584/646/510
f 577/619/511 576/616/511 591/645/511 592/647/511
f 570/620/512 569/618/512 584/646/512 585/648/512
f 578/621/513 577/619/513 592/647/513 593/649/513
f 571/622/514 570/620/514 585/648/514 586/650/514
f 579/623/515 578/621/515 593/649/515 594/633/515
f 572/624/516 571/622/516 586/650/516 587/635/516
f 592/647/517 591/645/517 606/651/517 607/652/517
f 585/648/518 584/646/518 599/653/518 600/654/518
f 593/649/519 592/647/519 607/652/519 608/655/519
f 586/650/520 585/648/520 600/654/520 601/656/520
f 594/633/521 593/649/521 608/655/521 609/657/521
f 587/635/522 586/650/522 601/656/522 602/658/522
f 595/634/523 594/633/523 609/657/523 610/659/523
f 588/636/524 587/635/524 602/658/524 603/660/524
f 581/638/525 393/661/525 596/662/525
f 400/663/526 595/634/526 610/659/526
f 888/640/527 588/636/527 603/660/527 889/664/527
f 582/641/528 581/638/528 596/662/528 597/665/528
f 590/643/529 589/642/529 604/666/529 605/667/529
f 583/644/530 582/641/530 597/665/530 598/668/530
f 591/645/531 590/643/531 605/667/531 606/651/531
f 584/646/532 583/644/532 598/668/532 599/653/532
f 596/662/533 393/669/533 611/670/533
f 400/671/534 610/659/534 625/672/534
f 889/664/535 603/660/535 618/673/535 890/674/535
f 597/665/536 596/662/536 611/670/536 612/675/536
f 605/667/537 604/666/537 619/676/537 620/677/537
f 598/668/538 597/665/538 612/675/538 613/678/538
f 606/651/539 605/667/539 620/677/539 621/679/539
f 599/653/540 598/668/540 613/678/540 614/680/540
f 607/652/541 606/651/541 621/679/541 622/681/541
f 600/654/542 599/653/542 614/680/542 615/682/542
f 608/655/543 607/652/543 622/681/543 623/683/543
f 601/656/544 600/654/544 615/682/544 616/684/544
f 609/657/545 608/655/545 623/683/545 624/685/545
f 602/658/546 601/656/546 616/684/546 617/686/546
f 610/659/547 609/657/547 624/685/547 625/672/547
f 603/660/548 602/658/548 617/686/548 618/673/548
f 615/682/549 614/680/549 629/687/549 630/688/549
f 623/683/550 622/681/550 637/689/550 638/690/550
f 616/684/551 615/682/551 630/688/551 631/691/551
f 624/685/552 623/683/552 638/690/552 639/692/552
f 617/686/553 616/684/553 631/691/553 632/693/553
f 625/672/554 624/685/554 639/692/554 640/694/554
f 618/673/555 617/686/555 632/693/555 633/695/555
f 611/670/556 393/696/556 626/697/556
f 400/698/557 625/672/557 640/694/557
f 890/674/558 618/673/558 633/695/558 891/699/558
f 612/675/559 611/670/559 626/697/559 627/700/559
f 620/677/560 619/676/560 634/701/560 635/702/560
f 613/678/561 612/675/561 627/700/561 628/703/561
f 621/679/562 620/677/562 635/702/562 636/704/562
f 614/680/563 613/678/563 628/703/563 629/687/563
f 622/681/564 621/679/564 636/704/564 637/689/564
f 891/699/565 633/695/565 648/705/565 892/706/565
f 627/700/566 626/697/566 641/707/566 642/708/566
f 635/702/567 634/701/567 649/709/567 650/710/567
f 628/703/568 627/700/568 642/708/568 643/711/568
f 636/704/569 635/702/569 650/710/569 651/712/569
f 629/687/570 628/703/570 643/711/570 644/713/570
f 637/689/571 636/704/571 651/712/571 652/714/571
f 630/688/572 629/687/572 644/713/572 645/715/572
f 638/690/573 637/689/573 652/714/573 653/716/573
f 631/691/574 630/688/574 645/715/574 646/717/574
f 639/692/575 638/690/575 653/716/575 654/718/575
f 632/693/576 631/691/576 646/717/576 647/719/576
f 640/694/577 639/692/577 654/718/577 655/720/577
f 633/695/578 632/693/578 647/719/578 648/705/578
f 626/697/579 393/721/579 641/707/579
f 400/722/580 640/694/580 655/720/580
f 653/716/581 652/714/581 667/723/581 668/724/581
f 646/717/582 645/715/582 660/725/582 661/726/582
f 654/718/583 653/716/583 668/724/583 669/727/583
f 647/719/584 646/717/584 661/726/584 662/728/584
f 655/720/585 654/718/585 669/727/585 670/729/585
f 648/705/586 647/719/586 662/728/586 663/730/586
f 641/707/587 393/731/587 656/732/587
f 400/733/588 655/720/588 670/729/588
f 892/706/589 648/705/589 663/730/589 893/734/589
f 642/708/590 641/707/590 656/732/590 657/735/590
f 650/710/591 649/709/591 664/736/591 665/737/591
f 643/711/592 642/708/592 657/735/592 658/738/592
f 651/712/593 650/710/593 665/737/593 666/739/593
f 644/713/594 643/711/594 658/738/594 659/740/594
f 652/714/595 651/712/595 666/739/595 667/723/595
f 645/715/596 644/713/596 659/740/596 660/725/596
f 657/735/597 656/732/597 671/741/597 672/742/597
f 665/737/598 664/736/598 679/743/598 680/744/598
f 658/738/599 657/735/599 672/742/599 673/745/599
f 666/739/600 665/737/600 680/744/600 681/746/600
f 659/740/601 658/738/601 673/745/601 674/747/601
f 667/723/602 666/739/602 681/746/602 682/748/602
f 660/725/603 659/740/603 674/747/603 675/749/603
f 668/724/604 667/723/604 682/748/604 683/750/604
f 661/726/605 660/725/605 675/749/605 676/751/605
f 669/727/606 668/724/606 683/750/606 684/752/606
f 662/728/607 661/726/607 676/751/607 677/753/607
f 670/729/608 669/727/608 684/752/608 685/754/608
f 663/730/609 662/728/609 677/753/609 678/755/609
f 656/732/610 393/756/610 671/741/610
f 400/757/611 670/729/611 685/754/611
f 893/734/612 663/730/612 678/755/612 894/758/612
f 676/751/613 675/749/613 690/759/613 691/760/613
f 684/752/614 683/750/614 698/761/614 699/762/614
f 677/753/615 676/751/615 691/760/615 692/763/615
f 685/754/616 684/752/616 699/762/616 700/764/616
f 678/755/617 677/753/617 692/763/617 693/765/617
f 671/741/618 393/766/618 686/767/618
f 400/768/619 685/754/619 700/764/619
f 894/758/620 678/755/620 693/765/620 895/769/620
f 672/742/621 671/741/621 686/767/621 687/770/621
f 680/744/622 679/743/622 694/771/622 695/772/622
f 673/745/623 672/742/623 687/770/623 688/773/623
f 681/746/624 680/744/624 695/772/624 696/774/624
f 674/747/625 673/745/625 688/773/625 689/775/625
f 682/748/626 681/746/626 696/774/626 697/776/626
f 675/749/627 674/747/627 689/775/627 690/759/627
f 683/750/628 682/748/628 697/776/628 698/761/628
f 695/772/629 694/771/629 709/777/629 710/778/629
f 688/773/630 687/770/630 702/779/630 703/780/630
f 696/774/631 695/772/631 710/778/631 711/781/631
f 689/775/632 688/773/632 703/780/632 704/782/632
f 697/776/633 696/774/633 711/781/633 712/783/633
f 690/759/634 689/775/634 704/782/634 705/784/634
f 698/761/635 697/776/635 712/783/635 713/785/635
f 691/760/636 690/759/636 705/784/636 706/786/636
f 699/762/637 698/761/637 713/785/637 714/787/637
f 692/763/638 691/760/638 706/786/638 707/788/638
f 700/764/639 699/762/639 714/787/639 715/789/639
f 693/765/640 692/763/640 707/788/640 708/790/640
f 686/767/641 393/791/641 701/792/641
f 400/793/642 700/764/642 715/789/642
f 895/769/643 693/765/643 708/790/643 896/794/643
f 687/770/644 686/767/644 701/792/644 702/779/644
f 714/787/645 713/785/645 728/795/645 729/796/645
f 707/788/646 706/786/646 721/797/646 722/798/646
f 715/789/647 714/787/647 729/796/647 730/799/647
f 708/790/648 707/788/648 722/798/648 723/800/648
f 701/792/649 393/801/649 716/802/649
f 400/803/650 715/789/650 730/799/650
f 896/794/651 708/790/651 723/800/651 897/804/651
f 702/779/652 701/792/652 716/802/652 717/805/652
f 710/778/653 709/777/653 724/806/653 725/807/653
f 703/780/654 702/779/654 717/805/654 718/808/654
f 711/781/655 710/778/655 725/807/655 726/809/655
f 704/782/656 703/780/656 718/808/656 719/810/656
f 712/783/657 711/781/657 726/809/657 727/811/657
f 705/784/658 704/782/658 719/810/658 720/812/658
f 713/785/659 712/783/659 727/811/659 728/795/659
f 706/786/660 705/784/660 720/812/660 721/797/660
f 726/809/661 725/807/661 740/813/661 741/814/661
f 719/810/662 718/808/662 733/815/662 734/816/662
f 727/811/663 726/809/663 741/814/663 742/817/663
f 720/812/664 719/810/664 734/816/664 735/818/664
f 728/795/665 727/811/665 742/817/665 743/819/665
f 721/797/666 720/812/666 735/818/666 736/820/666
f 729/796/667 728/795/667 743/819/667 744/821/667
f 722/798/668 721/797/668 736/820/668 737/822/668
f 730/799/669 729/796/669 744/821/669 745/823/669
f 723/800/670 722/798/670 737/822/670 738/824/670
f 716/802/671 393/825/671 731/826/671
f 400/827/672 730/799/672 745/823/672
f 897/804/673 723/800/673 738/824/673 898/828/673
f 717/805/674 716/802/674 731/826/674 732/829/674
f 725/807/675 724/806/675 739/830/675 740/813/675
f 718/808/676 717/805/676 732/829/676 733/815/676
f 745/823/677 744/821/677 759/831/677 760/832/677
f 738/824/678 737/822/678 752/833/678 753/834/678
f 731/826/679 393/835/679 746/836/679
f 400/837/680 745/823/680 760/832/680
f 898/828/681 738/824/681 753/834/681 899/838/681
f 732/829/682 731/826/682 746/836/682 747/839/682
f 740/813/683 739/830/683 754/840/683 755/841/683
f 733/815/684 732/829/684 747/839/684 748/842/684
f 741/814/685 740/813/685 755/841/685 756/843/685
f 734/816/686 733/815/686 748/842/686 749/844/686
f 742/817/687 741/814/687 756/843/687 757/845/687
f 735/818/688 734/816/688 749/844/688 750/846/688
f 743/819/689 742/817/689 757/845/689 758/847/689
f 736/820/690 735/818/690 750/846/690 751/848/690
f 744/821/691 743/819/691 758/847/691 759/831/691
f 737/822/692 736/820/692 751/848/692 752/833/692
f 749/849/693 748/850/693 763/851/693 764/852/693
f 757/853/694 756/854/694 771/855/694 772/856/694
f 750/857/695 749/849/695 764/852/695 765/858/695
f 758/859/696 757/853/696 772/856/696 773/860/696
f 751/861/697 750/857/697 765/858/697 766/862/697
f 759/863/698 758/859/698 773/860/698 774/864/698
f 752/865/699 751/861/699 766/862/699 767/866/699
f 760/867/700 759/863/700 774/864/700 775/868/700
f 753/869/701 752/865/701 767/866/701 768/870/701
f 746/871/702 393/872/702 761/873/702
f 400/874/703 760/867/703 775/868/703
f 899/875/704 753/869/704 768/870/704 900/876/704
f 747/877/705 746/871/705 761/873/705 762/878/705
f 755/879/706 754/880/706 769/881/706 770/882/706
f 748/850/707 747/877/707 762/878/707 763/851/707
f 756/854/708 755/879/708 770/882/708 771/855/708
f 768/870/709 767/866/709 782/883/709 783/884/709
f 761/873/710 393/885/710 776/886/710
f 400/887/711 775/868/711 790/888/711
f 900/876/712 768/870/712 783/884/712 901/889/712
f 762/878/713 761/873/713 776/886/713 777/890/713
f 770/882/714 769/881/714 784/891/714 785/892/714
f 763/851/715 762/878/715 777/890/715 778/893/715
f 771/855/716 770/882/716 785/892/716 786/894/716
f 764/852/717 763/851/717 778/893/717 779/895/717
f 772/856/718 771/855/718 786/894/718 787/896/718
f 765/858/719 764/852/719 779/895/719 780/897/719
f 773/860/720 772/856/720 787/896/720 788/898/720
f 766/862/721 765/858/721 780/897/721 781/899/721
f 774/864/722 773/860/722 788/898/722 789/900/722
f 767/866/723 766/862/723 781/899/723 782/883/723
f 775/868/724 774/864/724 789/900/724 790/888/724
f 787/896/725 786/894/725 801/901/725 802/902/725
f 780/897/726 779/895/726 794/903/726 795/904/726
f 788/898/727 787/896/727 802/902/727 803/905/727
f 781/899/728 780/897/728 795/904/728 796/906/728
f 789/900/729 788/898/729 803/905/729 804/907/729
f 782/883/730 781/899/730 796/906/730 797/908/730
f 790/888/731 789/900/731 804/907/731 805/909/731
f 783/884/732 782/883/732 797/908/732 798/910/732
f 776/886/733 393/911/733 791/912/733
f 400/913/734 790/888/734 805/909/734
f 901/889/735 783/884/735 798/910/735 902/914/735
f 777/890/736 776/886/736 791/912/736 792/915/736
f 785/892/737 784/891/737 799/916/737 800/917/737
f 778/893/738 777/890/738 792/915/738 793/918/738
f 786/894/739 785/892/739 800/917/739 801/901/739
f 779/895/740 778/893/740 793/918/740 794/903/740
f 791/912/741 393/919/741 806/920/741
f 400/921/742 805/909/742 820/922/742
f 902/914/743 798/910/743 813/923/743 903/924/743
f 792/915/744 791/912/744 806/920/744 807/925/744
f 800/917/745 799/916/745 814/926/745 815/927/745
f 793/918/746 792/915/746 807/925/746 808/928/746
f 801/901/747 800/917/747 815/927/747 816/929/747
f 794/903/748 793/918/748 808/928/748 809/930/748
f 802/902/749 801/901/749 816/929/749 817/931/749
f 795/904/750 794/903/750 809/930/750 810/932/750
f 803/905/751 802/902/751 817/931/751 818/933/751
f 796/906/752 795/904/752 810/932/752 811/934/752
f 804/907/753 803/905/753 818/933/753 819/935/753
f 797/908/754 796/906/754 811/934/754 812/936/754
f 805/909/755 804/907/755 819/935/755 820/922/755
f 798/910/756 797/908/756 812/936/756 813/923/756
f 810/932/757 809/930/757 824/937/757 825/938/757
f 818/933/758 817/931/758 832/939/758 833/940/758
f 811/934/759 810/932/759 825/938/759 826/941/759
f 819/935/760 818/933/760 833/940/760 834/942/760
f 812/936/761 811/934/761 826/941/761 827/943/761
f 820/922/762 819/935/762 834/942/762 835/944/762
f 813/923/763 812/936/763 827/943/763 828/945/763
f 806/920/764 393/946/764 821/947/764
f 400/948/765 820/922/765 835/944/765
f 903/924/766 813/923/766 828/945/766 904/949/766
f 807/925/767 806/920/767 821/947/767 822/950/767
f 815/927/768 814/926/768 829/951/768 830/952/768
f 808/928/769 807/925/769 822/950/769 823/953/769
f 816/929/770 815/927/770 830/952/770 831/954/770
f 809/930/771 808/928/771 823/953/771 824/937/771
f 817/931/772 816/929/772 831/954/772 832/939/772
f 904/949/773 828/945/773 843/955/773 905/956/773
f 822/950/774 821/947/774 836/957/774 837/958/774
f 830/952/775 829/951/775 844/959/775 845/960/775
f 823/953/776 822/950/776 837/958/776 838/961/776
f 831/954/777 830/952/777 845/960/777 846/962/777
f 824/937/778 823/953/778 838/961/778 839/963/778
f 832/939/779 831/954/779 846/962/779 847/964/779
f 825/938/780 824/937/780 839/963/780 840/965/780
f 833/940/781 832/939/781 847/964/781 848/966/781
f 826/941/782 825/938/782 840/965/782 841/967/782
f 834/942/783 833/940/783 848/966/783 849/968/783
f 827/943/784 826/941/784 841/967/784 842/969/784
f 835/944/785 834/942/785 849/968/785 850/970/785
f 828/945/786 827/943/786 842/969/786 843/955/786
f 821/947/787 393/971/787 836/957/787
f 400/972/788 835/944/788 850/970/788
f 848/966/789 847/964/789 862/973/789 863/974/789
f 841/967/790 840/965/790 855/975/790 856/976/790
f 849/968/791 848/966/791 863/974/791 864/977/791
f 842/969/792 841/967/792 856/976/792 857/978/792
f 850/970/793 849/968/793 864/977/793 865/979/793
f 843/955/794 842/969/794 857/978/794 858/980/794
f 836/957/795 393/981/795 851/982/795
f 400/983/796 850/970/796 865/979/796
f 905/956/797 843/955/797 858/980/797 906/984/797
f 837/958/798 836/957/798 851/982/798 852/985/798
f 845/960/799 844/959/799 859/986/799 860/987/799
f 838/961/800 837/958/800 852/985/800 853/988/800
f 846/962/801 845/960/801 860/987/801 861/989/801
f 839/963/802 838/961/802 853/988/802 854/990/802
f 847/964/803 846/962/803 861/989/803 862/973/803
f 840/965/804 839/963/804 854/990/804 855/975/804
f 860/987/805 859/986/805 398/406/805 870/405/805
f 853/988/806 852/985/806 867/401/806 394/409/806
f 861/989/807 860/987/807 870/405/807 399/411/807
f 854/990/808 853/988/808 394/409/808 868/413/808
f 862/973/809 861/989/809 399/411/809 871/415/809
f 855/975/810 854/990/810 868/413/810 395/417/810
f 863/974/811 862/973/811 871/415/811 872/419/811
f 856/976/812 855/975/812 395/417/812 869/421/812
f 864/977/813 863/974/813 872/419/813 873/423/813
f 857/978/814 856/976/814 869/421/814 396/425/814
f 865/979/815 864/977/815 873/423/815 874/427/815
f 858/980/816 857/978/816 396/425/816 397/429/816
f 851/982/817 393/991/817 866/402/817
f 400/992/818 865/979/818 874/427/818
f 906/984/819 858/980/819 397/429/819 875/433/819
f 852/985/820 851/982/820 866/402/820 867/401/820
f 938/993/821 906/984/821 875/433/821 907/994/821
f 937/995/822 905/956/822 906/984/822 938/993/822
f 936/996/773 904/949/773 905/956/773 937/995/773
f 935/997/766 903/924/766 904/949/766 936/996/766
f 934/998/743 902/914/743 903/924/743 935/997/743
f 933/999/735 901/889/735 902/914/735 934/998/735
f 932/1000/712 900/876/712 901/889/712 933/999/712
f 931/1001/704 899/875/704 900/876/704 932/1000/704
f 930/1002/681 898/828/681 899/838/681 931/1003/681
f 929/1004/823 897/804/823 898/828/823 930/1002/823
f 928/1005/824 896/794/824 897/804/824 929/1004/824
f 927/1006/825 895/769/825 896/794/825 928/1005/825
f 926/1007/826 894/758/826 895/769/826 927/1006/826
f 925/1008/827 893/734/827 894/758/827 926/1007/827
f 924/1009/828 892/706/828 893/734/828 925/1008/828
f 923/1010/829 891/699/829 892/706/829 924/1009/829
f 922/1011/830 890/674/830 891/699/830 923/1010/830
f 921/1012/831 889/664/831 890/674/831 922/1011/831
f 920/1013/832 888/640/832 889/664/832 921/1012/832
f 919/1014/833 887/630/833 888/640/833 920/1013/833
f 918/1015/834 886/605/834 887/630/834 919/1014/834
f 917/1016/835 885/595/835 886/605/835 918/1015/835
f 916/1017/836 884/570/836 885/595/836 917/1016/836
f 915/1018/443 883/560/443 884/570/443 916/1017/443
f 914/1019/435 882/535/435 883/560/435 915/1018/435
f 913/1020/412 881/524/412 882/535/412 914/1019/412
f 912/1021/404 880/500/404 881/524/404 913/1020/404
f 911/1022/381 879/474/381 880/500/381 912/1021/381
f 910/1023/358 878/466/358 879/474/358 911/1022/358
f 909/1024/837 877/441/837 878/466/837 910/1023/837
f 908/1025/328 876/434/328 877/441/328 909/1024/328
f 907/994/324 875/433/324 876/434/324 908/1025/324
f 939/1026/838 907/994/838 908/1025/838 940/1027/838
f 940/1027/839 908/1025/839 909/1024/839 941/1028/839
f 941/1028/837 909/1024/837 910/1023/837 942/1029/837
f 942/1029/840 910/1023/840 911/1022/840 943/1030/840
f 943/1030/841 911/1022/841 912/1021/841 944/1031/841
f 944/1031/404 912/1021/404 913/1020/404 945/1032/404
f 945/1032/412 913/1020/412 914/1019/412 946/1033/412
f 946/1033/435 914/1019/435 915/1018/435 947/1034/435
f 947/1034/443 915/1018/443 916/1017/443 948/1035/443
f 948/1035/842 916/1017/842 917/1016/842 949/1036/842
f 949/1036/843 917/1016/843 918/1015/843 950/1037/843
f 950/1037/844 918/1015/844 919/1014/844 951/1038/844
f 951/1038/845 919/1014/845 920/1013/845 952/1039/845
f 952/1039/846 920/1013/846 921/1012/846 953/1040/846
f 953/1040/847 921/1012/847 922/1011/847 954/1041/847
f 954/1041/848 922/1011/848 923/1010/848 955/1042/848
f 955/1042/849 923/1010/849 924/1009/849 956/1043/849
f 956/1043/850 924/1009/850 925/1008/850 957/1044/850
f 957/1044/851 925/1008/851 926/1007/851 958/1045/851
f 958/1045/852 926/1007/852 927/1006/852 959/1046/852
f 959/1046/853 927/1006/853 928/1005/853 960/1047/853
f 960/1047/854 928/1005/854 929/1004/854 961/1048/854
f 961/1048/855 929/1004/855 930/1002/855 962/1049/855
f 962/1049/681 930/1002/681 931/1003/681 963/1050/681
f 963/1051/704 931/1001/704 932/1000/704 964/1052/704
f 964/1052/712 932/1000/712 933/999/712 965/1053/712
f 965/1053/856 933/999/856 934/998/856 966/1054/856
f 966/1054/857 934/998/857 935/997/857 967/1055/857
f 967/1055/766 935/997/766 936/996/766 968/1056/766
f 968/1056/858 936/996/858 937/995/858 969/1057/858
f 969/1057/859 937/995/859 938/993/859 970/1058/859
f 970/1058/860 938/993/860 907/994/860 939/1026/860
f 1002/1059/861 970/1058/861 939/1026/861 971/1060/861
f 1001/1061/862 969/1057/862 970/1058/862 1002/1059/862
f 1000/1062/773 968/1056/773 969/1057/773 1001/1061/773
f 999/1063/863 967/1055/863 968/1056/863 1000/1062/863
f 998/1064/864 966/1054/864 967/1055/864 999/1063/864
f 997/1065/735 965/1053/735 966/1054/735 998/1064/735
f 996/1066/712 964/1052/712 965/1053/712 997/1065/712
f 995/1067/704 963/1051/704 964/1052/704 996/1066/704
f 994/1068/681 962/1049/681 963/1050/681 995/1069/681
f 993/1070/865 961/1048/865 962/1049/865 994/1068/865
f 992/1071/866 960/1047/866 961/1048/866 993/1070/866
f 991/1072/867 959/1046/867 960/1047/867 992/1071/867
f 990/1073/868 958/1045/868 959/1046/868 991/1072/868
f 989/1074/869 957/1044/869 958/1045/869 990/1073/869
f 988/1075/870 956/1043/870 957/1044/870 989/1074/870
f 987/1076/871 955/1042/871 956/1043/871 988/1075/871
f 986/1077/872 954/1041/872 955/1042/872 987/1076/872
f 985/1078/873 953/1040/873 954/1041/873 986/1077/873
f 984/1079/874 952/1039/874 953/1040/874 985/1078/874
f 983/1080/875 951/1038/875 952/1039/875 984/1079/875
f 982/1081/876 950/1037/876 951/1038/876 983/1080/876
f 981/1082/877 949/1036/877 950/1037/877 982/1081/877
f 980/1083/878 948/1035/878 949/1036/878 981/1082/878
f 979/1084/879 947/1034/879 948/1035/879 980/1083/879
f 978/1085/435 946/1033/435 947/1034/435 979/1084/435
f 977/1086/412 945/1032/412 946/1033/412 978/1085/412
f 976/1087/404 944/1031/404 945/1032/404 977/1086/404
f 975/1088/381 943/1030/381 944/1031/381 976/1087/381
f 974/1089/880 942/1029/880 943/1030/880 975/1088/880
f 973/1090/881 941/1028/881 942/1029/881 974/1089/881
f 972/1091/328 940/1027/328 941/1028/328 973/1090/328
f 971/1060/882 939/1026/882 940/1027/882 972/1091/882
f 398/406/883 971/1060/883 972/1091/883 409/407/883
f 409/407/328 972/1091/328 973/1090/328 424/443/328
f 424/443/837 973/1090/837 974/1089/837 439/468/837
f 439/468/884 974/1089/884 975/1088/884 454/477/884
f 454/477/885 975/1088/885 976/1087/885 469/502/885
f 469/502/404 976/1087/404 977/1086/404 484/509/404
f 484/509/412 977/1086/412 978/1085/412 499/537/412
f 499/537/435 978/1085/435 979/1084/435 514/543/435
f 514/543/443 979/1084/443 980/1083/443 529/572/443
f 529/572/886 980/1083/886 981/1082/886 544/596/886
f 544/596/887 981/1082/887 982/1081/887 559/607/887
f 559/607/888 982/1081/888 983/1080/888 574/632/888
f 574/632/889 983/1080/889 984/1079/889 589/642/889
f 589/642/890 984/1079/890 985/1078/890 604/666/890
f 604/666/891 985/1078/891 986/1077/891 619/676/891
f 619/676/892 986/1077/892 987/1076/892 634/701/892
f 634/701/893 987/1076/893 988/1075/893 649/709/893
f 649/709/894 988/1075/894 989/1074/894 664/736/894
f 664/736/895 989/1074/895 990/1073/895 679/743/895
f 679/743/896 990/1073/896 991/1072/896 694/771/896
f 694/771/897 991/1072/897 992/1071/897 709/777/897
f 709/777/898 992/1071/898 993/1070/898 724/806/898
f 724/806/899 993/1070/899 994/1068/899 739/830/899
f 739/830/681 994/1068/681 995/1069/681 754/840/681
f 754/880/704 995/1067/704 996/1066/704 769/881/704
f 769/881/712 996/1066/712 997/1065/712 784/891/712
f 784/891/735 997/1065/735 998/1064/735 799/916/735
f 799/916/743 998/1064/743 999/1063/743 814/926/743
f 814/926/766 999/1063/766 1000/1062/766 829/951/766
f 829/951/900 1000/1062/900 1001/1061/900 844/959/900
f 844/959/797 1001/1061/797 1002/1059/797 859/986/797
f 859/986/819 1002/1059/819 971/1060/819 398/406/819
f 1212/1092/901 1045/1093/901 1006/1094/901 1200/1095/901
f 1206/1096/902 1021/1097/902 1010/1098/902 1201/1099/902
f 1214/1100/903 1058/1101/903 1008/1102/903 1202/1103/903
f 1208/1104/904 1028/1105/904 1004/1106/904 1199/1107/904
f 1063/1108/905 1067/1109/905 1007/1110/905 1022/1111/905
f 1065/1112/906 1066/1113/906 1004/1114/906 1028/1115/906
f 1192/1116/907 1029/1117/907 1011/1118/907 1183/1119/907
f 1198/1120/908 1059/1121/908 1014/1122/908 1186/1123/908
f 1190/1124/909 1023/1125/909 1013/1126/909 1185/1127/909
f 1196/1128/910 1047/1129/910 1012/1130/910 1184/1131/910
f 1191/1132/911 1032/1133/911 1020/1134/911 1187/1135/911
f 1189/1136/912 1026/1137/912 1019/1138/912 1188/1139/912
f 1062/1140/913 1060/1141/913 1018/1142/913 1025/1143/913
f 1064/1144/905 1061/1145/905 1017/1146/905 1031/1147/905
f 1205/1148/914 1025/1149/914 1018/1150/914 1203/1151/914
f 1207/1152/915 1030/1153/915 1016/1154/915 1204/1155/915
f 1202/1103/916 1008/1102/916 1025/1149/916 1205/1148/916
f 1058/1101/917 1062/1140/917 1025/1143/917 1008/1102/917
f 1186/1123/918 1014/1122/918 1026/1137/918 1189/1136/918
f 1187/1135/919 1020/1134/919 1023/1125/919 1190/1124/919
f 1061/1145/905 1063/1108/905 1022/1111/905 1017/1146/905
f 1204/1155/920 1016/1154/920 1021/1097/920 1206/1096/920
f 1200/1095/921 1006/1094/921 1030/1153/921 1207/1152/921
f 1057/1156/905 1064/1144/905 1031/1147/905 1003/1157/905
f 1184/1131/922 1012/1130/922 1032/1133/922 1191/1132/922
f 1188/1139/923 1019/1138/923 1029/1117/923 1192/1116/923
f 1060/1141/924 1065/1112/924 1028/1115/924 1018/1142/924
f 1203/1151/925 1018/1150/925 1028/1105/925 1208/1104/925
f 1051/1158/926 1056/1159/926 1044/1160/926 1039/1161/926
f 1048/1162/905 1055/1163/905 1043/1164/905 1033/1165/905
f 1052/1166/905 1054/1167/905 1042/1168/905 1040/1169/905
f 1049/1170/926 1053/1171/926 1041/1172/926 1036/1173/926
f 1055/1163/905 1052/1166/905 1040/1169/905 1043/1164/905
f 1053/1171/926 1051/1158/926 1039/1161/926 1041/1172/926
f 1197/1174/910 1068/1175/910 1038/1176/910 1193/1177/910
f 1195/1178/927 1050/1179/927 1037/1180/927 1194/1181/927
f 1056/1159/926 1045/1182/926 1034/1183/926 1044/1160/926
f 1054/1167/905 1046/1184/905 1035/1185/905 1042/1168/905
f 1211/1186/928 1049/1170/928 1036/1173/928 1209/1187/928
f 1213/1188/910 1066/1189/910 1034/1190/910 1210/1191/910
f 1201/1099/929 1010/1098/929 1049/1170/929 1211/1186/929
f 1024/1192/905 1009/1193/905 1046/1184/905 1054/1167/905
f 1030/1194/930 1006/1195/930 1045/1182/930 1056/1159/930
f 1185/1127/931 1013/1126/931 1050/1179/931 1195/1178/931
f 1021/1196/932 1016/1197/932 1051/1158/932 1053/1171/932
f 1027/1198/905 1015/1199/905 1052/1166/905 1055/1163/905
f 1010/1098/933 1021/1196/933 1053/1171/933 1049/1170/933
f 1015/1199/905 1024/1192/905 1054/1167/905 1052/1166/905
f 1005/1200/905 1027/1198/905 1055/1163/905 1048/1162/905
f 1016/1197/934 1030/1194/934 1056/1159/934 1051/1158/934
f 1193/1177/910 1038/1176/910 1047/1129/910 1196/1128/910
f 1210/1191/910 1034/1190/910 1045/1093/910 1212/1092/910
f 1199/1201/935 1004/1202/935 1066/1189/935 1213/1188/935
f 1183/1203/910 1011/1204/910 1068/1175/910 1197/1174/910
f 1039/1161/926 1044/1160/926 1065/1112/926 1060/1141/926
f 1033/1165/905 1043/1164/905 1064/1144/905 1057/1156/905
f 1040/1169/905 1042/1168/905 1063/1108/905 1061/1145/905
f 1036/1173/926 1041/1172/926 1062/1140/926 1058/1101/926
f 1043/1164/905 1040/1169/905 1061/1145/905 1064/1144/905
f 1041/1172/926 1039/1161/926 1060/1141/926 1062/1140/926
f 1194/1181/936 1037/1180/936 1059/1121/936 1198/1120/936
f 1044/1160/926 1034/1183/926 1066/1113/926 1065/1112/926
f 1042/1168/905 1035/1185/905 1067/1109/905 1063/1108/905
f 1209/1187/937 1036/1173/937 1058/1101/937 1214/1100/937
f 1260/1205/938 1248/1206/938 1072/1207/938 1111/1208/938
f 1254/1209/939 1249/1210/939 1076/1211/939 1087/1212/939
f 1262/1213/940 1250/1214/940 1074/1215/940 1124/1216/940
f 1256/1217/941 1247/1218/941 1070/1219/941 1094/1220/941
f 1129/1221/942 1088/1222/942 1073/1223/942 1133/1224/942
f 1131/1225/943 1094/1226/943 1070/1227/943 1132/1228/943
f 1304/1229/944 1295/1230/944 1077/1231/944 1095/1232/944
f 1310/1233/945 1298/1234/945 1080/1235/945 1125/1236/945
f 1302/1237/946 1297/1238/946 1079/1239/946 1089/1240/946
f 1308/1241/947 1296/1242/947 1078/1243/947 1113/1244/947
f 1303/1245/948 1299/1246/948 1086/1247/948 1098/1248/948
f 1301/1249/949 1300/1250/949 1085/1251/949 1092/1252/949
f 1128/1253/950 1091/1254/950 1084/1255/950 1126/1256/950
f 1130/1257/942 1097/1258/942 1083/1259/942 1127/1260/942
f 1253/1261/951 1251/1262/951 1084/1263/951 1091/1264/951
f 1255/1265/952 1252/1266/952 1082/1267/952 1096/1268/952
f 1250/1214/953 1253/1261/953 1091/1264/953 1074/1215/953
f 1124/1216/954 1074/1215/954 1091/1254/954 1128/1253/954
f 1298/1234/955 1301/1249/955 1092/1252/955 1080/1235/955
f 1299/1246/956 1302/1237/956 1089/1240/956 1086/1247/956
f 1127/1260/942 1083/1259/942 1088/1222/942 1129/1221/942
f 1252/1266/957 1254/1209/957 1087/1212/957 1082/1267/957
f 1248/1206/958 1255/1265/958 1096/1268/958 1072/1207/958
f 1123/1269/942 1069/1270/942 1097/1258/942 1130/1257/942
f 1296/1242/959 1303/1245/959 1098/1248/959 1078/1243/959
f 1300/1250/960 1304/1229/960 1095/1232/960 1085/1251/960
f 1126/1256/961 1084/1255/961 1094/1226/961 1131/1225/961
f 1251/1262/962 1256/1217/962 1094/1220/962 1084/1263/962
f 1117/1271/963 1105/1272/963 1110/1273/963 1122/1274/963
f 1114/1275/942 1099/1276/942 1109/1277/942 1121/1278/942
f 1118/1279/942 1106/1280/942 1108/1281/942 1120/1282/942
f 1115/1283/963 1102/1284/963 1107/1285/963 1119/1286/963
f 1121/1278/942 1109/1277/942 1106/1280/942 1118/1279/942
f 1119/1286/963 1107/1285/963 1105/1272/963 1117/1271/963
f 1309/1287/964 1305/1288/964 1104/1289/964 1134/1290/964
f 1307/1291/965 1306/1292/965 1103/1293/965 1116/1294/965
f 1122/1274/963 1110/1273/963 1100/1295/963 1111/1296/963
f 1120/1282/942 1108/1281/942 1101/1297/942 1112/1298/942
f 1259/1299/966 1257/1300/966 1102/1284/966 1115/1283/966
f 1261/1301/967 1258/1302/967 1100/1303/967 1132/1304/967
f 1249/1210/968 1259/1299/968 1115/1283/968 1076/1211/968
f 1090/1305/942 1120/1282/942 1112/1298/942 1075/1306/942
f 1096/1307/969 1122/1274/969 1111/1296/969 1072/1308/969
f 1297/1238/970 1307/1291/970 1116/1294/970 1079/1239/970
f 1087/1309/971 1119/1286/971 1117/1271/971 1082/1310/971
f 1093/1311/942 1121/1278/942 1118/1279/942 1081/1312/942
f 1076/1211/972 1115/1283/972 1119/1286/972 1087/1309/972
f 1081/1312/942 1118/1279/942 1120/1282/942 1090/1305/942
f 1071/1313/942 1114/1275/942 1121/1278/942 1093/1311/942
f 1082/1310/973 1117/1271/973 1122/1274/973 1096/1307/973
f 1305/1288/974 1308/1241/974 1113/1244/974 1104/1289/974
f 1258/1302/967 1260/1205/967 1111/1208/967 1100/1303/967
f 1247/1314/967 1261/1301/967 1132/1304/967 1070/1315/967
f 1295/1316/975 1309/1287/975 1134/1290/975 1077/1317/975
f 1105/1272/963 1126/1256/963 1131/1225/963 1110/1273/963
f 1099/1276/942 1123/1269/942 1130/1257/942 1109/1277/942
f 1106/1280/942 1127/1260/942 1129/1221/942 1108/1281/942
f 1102/1284/963 1124/1216/963 1128/1253/963 1107/1285/963
f 1109/1277/942 1130/1257/942 1127/1260/942 1106/1280/942
f 1107/1285/963 1128/1253/963 1126/1256/963 1105/1272/963
f 1306/1292/976 1310/1233/976 1125/1236/976 1103/1293/976
f 1110/1273/963 1131/1225/963 1132/1228/963 1100/1295/963
f 1108/1281/942 1129/1221/942 1133/1224/942 1101/1297/942
f 1257/1300/977 1262/1213/977 1124/1216/977 1102/1284/977
f 1176/1318/978 1145/1319/978 1150/1320/978 1181/1321/978
f 1182/1322/910 1135/1323/910 1149/1324/910 1180/1325/910
f 1177/1326/910 1146/1327/910 1148/1328/910 1179/1329/910
f 1168/1330/979 1137/1331/979 1147/1332/979 1178/1333/979
f 1180/1325/910 1149/1324/910 1146/1327/910 1177/1326/910
f 1178/1333/980 1147/1332/980 1145/1319/980 1176/1318/980
f 1170/1334/981 1139/1335/981 1144/1336/981 1175/1337/981
f 1167/1338/982 1136/1339/982 1143/1340/982 1174/1341/982
f 1171/1342/983 1140/1343/983 1142/1344/983 1173/1345/983
f 1169/1346/984 1138/1347/984 1141/1348/984 1172/1349/984
f 1174/1341/985 1143/1340/985 1140/1343/985 1171/1342/985
f 1172/1349/986 1141/1348/986 1139/1335/986 1170/1334/986
f 1175/1337/987 1144/1336/987 1135/1350/987 1182/1351/987
f 1181/1321/988 1150/1320/988 1138/1347/988 1169/1346/988
f 1173/1345/989 1142/1344/989 1137/1331/989 1168/1330/989
f 1179/1329/910 1148/1328/910 1136/1339/910 1167/1338/910
f 1225/1352/990 1162/1353/990 1166/1354/990 1229/1355/990
f 1230/1356/910 1154/1357/910 1165/1358/910 1228/1359/910
f 1224/1360/910 1161/1361/910 1164/1362/910 1227/1363/910
f 1216/1364/991 1152/1365/991 1163/1366/991 1226/1367/991
f 1226/1367/992 1163/1366/992 1162/1353/992 1225/1352/992
f 1228/1359/910 1165/1358/910 1161/1361/910 1224/1360/910
f 1219/1368/993 1156/1369/993 1160/1370/993 1223/1371/993
f 1215/1372/994 1151/1373/994 1159/1374/994 1222/1375/994
f 1218/1376/995 1155/1377/995 1158/1378/995 1221/1379/995
f 1217/1380/996 1153/1381/996 1157/1382/996 1220/1383/996
f 1220/1383/997 1157/1382/997 1156/1369/997 1219/1368/997
f 1222/1375/998 1159/1374/998 1155/1377/998 1218/1376/998
f 1227/1363/910 1164/1362/910 1151/1373/910 1215/1372/910
f 1221/1379/999 1158/1378/999 1152/1365/999 1216/1364/999
f 1229/1355/1000 1166/1354/1000 1153/1381/1000 1217/1380/1000
f 1223/1371/1001 1160/1370/1001 1154/1384/1001 1230/1385/1001
f 1047/1129/910 1179/1329/910 1167/1338/910 1012/1130/910
f 1023/1125/1002 1173/1345/1002 1168/1330/1002 1013/1126/1002
f 1059/1121/1003 1181/1321/1003 1169/1346/1003 1014/1122/1003
f 1029/1117/1004 1175/1337/1004 1182/1351/1004 1011/1118/1004
f 1026/1137/1005 1172/1349/1005 1170/1334/1005 1019/1138/1005
f 1032/1133/1006 1174/1341/1006 1171/1342/1006 1020/1134/1006
f 1014/1122/1007 1169/1346/1007 1172/1349/1007 1026/1137/1007
f 1020/1134/1008 1171/1342/1008 1173/1345/1008 1023/1125/1008
f 1012/1130/1009 1167/1338/1009 1174/1341/1009 1032/1133/1009
f 1019/1138/1010 1170/1334/1010 1175/1337/1010 1029/1117/1010
f 1050/1179/1011 1178/1333/1011 1176/1318/1011 1037/1180/1011
f 1068/1175/910 1180/1325/910 1177/1326/910 1038/1176/910
f 1013/1126/1012 1168/1330/1012 1178/1333/1012 1050/1179/1012
f 1038/1176/910 1177/1326/910 1179/1329/910 1047/1129/910
f 1011/1204/910 1182/1322/910 1180/1325/910 1068/1175/910
f 1037/1180/1013 1176/1318/1013 1181/1321/1013 1059/1121/1013
f 1162/1353/1014 1194/1181/1014 1198/1120/1014 1166/1354/1014
f 1154/1357/910 1183/1203/910 1197/1174/910 1165/1358/910
f 1161/1361/910 1193/1177/910 1196/1128/910 1164/1362/910
f 1152/1365/1015 1185/1127/1015 1195/1178/1015 1163/1366/1015
f 1163/1366/1016 1195/1178/1016 1194/1181/1016 1162/1353/1016
f 1165/1358/910 1197/1174/910 1193/1177/910 1161/1361/910
f 1156/1369/1017 1188/1139/1017 1192/1116/1017 1160/1370/1017
f 1151/1373/1018 1184/1131/1018 1191/1132/1018 1159/1374/1018
f 1155/1377/1019 1187/1135/1019 1190/1124/1019 1158/1378/1019
f 1153/1381/1020 1186/1123/1020 1189/1136/1020 1157/1382/1020
f 1157/1382/1021 1189/1136/1021 1188/1139/1021 1156/1369/1021
f 1159/1374/1022 1191/1132/1022 1187/1135/1022 1155/1377/1022
f 1164/1362/910 1196/1128/910 1184/1131/910 1151/1373/910
f 1158/1378/1023 1190/1124/1023 1185/1127/1023 1152/1365/1023
f 1166/1354/1024 1198/1120/1024 1186/1123/1024 1153/1381/1024
f 1160/1370/1025 1192/1116/1025 1183/1119/1025 1154/1384/1025
f 1145/1319/1026 1209/1187/1026 1214/1100/1026 1150/1320/1026
f 1135/1323/910 1199/1201/910 1213/1188/910 1149/1324/910
f 1146/1327/910 1210/1191/910 1212/1092/910 1148/1328/910
f 1137/1331/1027 1201/1099/1027 1211/1186/1027 1147/1332/1027
f 1149/1324/910 1213/1188/910 1210/1191/910 1146/1327/910
f 1147/1332/1028 1211/1186/1028 1209/1187/1028 1145/1319/1028
f 1139/1335/1029 1203/1151/1029 1208/1104/1029 1144/1336/1029
f 1136/1339/1030 1200/1095/1030 1207/1152/1030 1143/1340/1030
f 1140/1343/1031 1204/1155/1031 1206/1096/1031 1142/1344/1031
f 1138/1347/1032 1202/1103/1032 1205/1148/1032 1141/1348/1032
f 1143/1340/1033 1207/1152/1033 1204/1155/1033 1140/1343/1033
f 1141/1348/1034 1205/1148/1034 1203/1151/1034 1139/1335/1034
f 1144/1336/1035 1208/1104/1035 1199/1107/1035 1135/1350/1035
f 1150/1320/1036 1214/1100/1036 1202/1103/1036 1138/1347/1036
f 1142/1344/1037 1206/1096/1037 1201/1099/1037 1137/1331/1037
f 1148/1328/910 1212/1092/910 1200/1095/910 1136/1339/910
f 1031/1386/1038 1223/1371/1038 1230/1385/1038 1003/1387/1038
f 1067/1109/1039 1229/1355/1039 1217/1380/1039 1007/1110/1039
f 1024/1388/1040 1221/1379/1040 1216/1364/1040 1009/1193/1040
f 1048/1389/910 1227/1363/910 1215/1372/910 1005/1390/910
f 1027/1391/1041 1222/1375/1041 1218/1376/1041 1015/1392/1041
f 1022/1393/1042 1220/1383/1042 1219/1368/1042 1017/1394/1042
f 1007/1110/1043 1217/1380/1043 1220/1383/1043 1022/1393/1043
f 1015/1392/1044 1218/1376/1044 1221/1379/1044 1024/1388/1044
f 1005/1390/1045 1215/1372/1045 1222/1375/1045 1027/1391/1045
f 1017/1394/1046 1219/1368/1046 1223/1371/1046 1031/1386/1046
f 1057/1395/910 1228/1359/910 1224/1360/910 1033/1396/910
f 1046/1184/1047 1226/1367/1047 1225/1352/1047 1035/1185/1047
f 1009/1193/1048 1216/1364/1048 1226/1367/1048 1046/1184/1048
f 1033/1396/910 1224/1360/910 1227/1363/910 1048/1389/910
f 1003/1397/910 1230/1356/910 1228/1359/910 1057/1395/910
f 1035/1185/1049 1225/1352/1049 1229/1355/1049 1067/1109/1049
f 1272/1398/1050 1277/1399/1050 1246/1400/1050 1241/1401/1050
f 1278/1402/967 1276/1403/967 1245/1404/967 1231/1405/967
f 1273/1406/967 1275/1407/967 1244/1408/967 1242/1409/967
f 1264/1410/1051 1274/1411/1051 1243/1412/1051 1233/1413/1051
f 1276/1403/967 1273/1406/967 1242/1409/967 1245/1404/967
f 1274/1411/1052 1272/1398/1052 1241/1401/1052 1243/1412/1052
f 1266/1414/1053 1271/1415/1053 1240/1416/1053 1235/1417/1053
f 1263/1418/1054 1270/1419/1054 1239/1420/1054 1232/1421/1054
f 1267/1422/1055 1269/1423/1055 1238/1424/1055 1236/1425/1055
f 1265/1426/1056 1268/1427/1056 1237/1428/1056 1234/1429/1056
f 1270/1419/1057 1267/1422/1057 1236/1425/1057 1239/1420/1057
f 1268/1427/1058 1266/1414/1058 1235/1417/1058 1237/1428/1058
f 1271/1415/1059 1278/1430/1059 1231/1431/1059 1240/1416/1059
f 1277/1399/1060 1265/1426/1060 1234/1429/1060 1246/1400/1060
f 1269/1423/1061 1264/1410/1061 1233/1413/1061 1238/1424/1061
f 1275/1407/967 1263/1418/967 1232/1421/967 1244/1408/967
f 1241/1401/1062 1246/1400/1062 1262/1213/1062 1257/1300/1062
f 1231/1405/967 1245/1404/967 1261/1301/967 1247/1314/967
f 1242/1409/967 1244/1408/967 1260/1205/967 1258/1302/967
f 1233/1413/1063 1243/1412/1063 1259/1299/1063 1249/1210/1063
f 1245/1404/967 1242/1409/967 1258/1302/967 1261/1301/967
f 1243/1412/1064 1241/1401/1064 1257/1300/1064 1259/1299/1064
f 1235/1417/1065 1240/1416/1065 1256/1217/1065 1251/1262/1065
f 1232/1421/1066 1239/1420/1066 1255/1265/1066 1248/1206/1066
f 1236/1425/1067 1238/1424/1067 1254/1209/1067 1252/1266/1067
f 1234/1429/1068 1237/1428/1068 1253/1261/1068 1250/1214/1068
f 1239/1420/1069 1236/1425/1069 1252/1266/1069 1255/1265/1069
f 1237/1428/1070 1235/1417/1070 1251/1262/1070 1253/1261/1070
f 1240/1416/1071 1231/1431/1071 1247/1218/1071 1256/1217/1071
f 1246/1400/1072 1234/1429/1072 1250/1214/1072 1262/1213/1072
f 1238/1424/1073 1233/1413/1073 1249/1210/1073 1254/1209/1073
f 1244/1408/967 1232/1421/967 1248/1206/967 1260/1205/967
f 1113/1244/1074 1078/1243/1074 1263/1418/1074 1275/1407/1074
f 1089/1240/1075 1079/1239/1075 1264/1410/1075 1269/1423/1075
f 1125/1236/1076 1080/1235/1076 1265/1426/1076 1277/1399/1076
f 1095/1232/1077 1077/1231/1077 1278/1430/1077 1271/1415/1077
f 1092/1252/1078 1085/1251/1078 1266/1414/1078 1268/1427/1078
f 1098/1248/1079 1086/1247/1079 1267/1422/1079 1270/1419/1079
f 1080/1235/1080 1092/1252/1080 1268/1427/1080 1265/1426/1080
f 1086/1247/1081 1089/1240/1081 1269/1423/1081 1267/1422/1081
f 1078/1243/1082 1098/1248/1082 1270/1419/1082 1263/1418/1082
f 1085/1251/1083 1095/1232/1083 1271/1415/1083 1266/1414/1083
f 1116/1294/1084 1103/1293/1084 1272/1398/1084 1274/1411/1084
f 1134/1290/1085 1104/1289/1085 1273/1406/1085 1276/1403/1085
f 1079/1239/1086 1116/1294/1086 1274/1411/1086 1264/1410/1086
f 1104/1289/1087 1113/1244/1087 1275/1407/1087 1273/1406/1087
f 1077/1317/1088 1134/1290/1088 1276/1403/1088 1278/1402/1088
f 1103/1293/1089 1125/1236/1089 1277/1399/1089 1272/1398/1089
f 1321/1432/1090 1325/1433/1090 1294/1434/1090 1290/1435/1090
f 1326/1436/1091 1324/1437/1091 1293/1438/1091 1282/1439/1091
f 1320/1440/1091 1323/1441/1091 1292/1442/1091 1289/1443/1091
f 1312/1444/1092 1322/1445/1092 1291/1446/1092 1280/1447/1092
f 1322/1445/1093 1321/1432/1093 1290/1435/1093 1291/1446/1093
f 1324/1437/1091 1320/1440/1091 1289/1443/1091 1293/1438/1091
f 1315/1448/1094 1319/1449/1094 1288/1450/1094 1284/1451/1094
f 1311/1452/1095 1318/1453/1095 1287/1454/1095 1279/1455/1095
f 1314/1456/1096 1317/1457/1096 1286/1458/1096 1283/1459/1096
f 1313/1460/1097 1316/1461/1097 1285/1462/1097 1281/1463/1097
f 1316/1461/1098 1315/1448/1098 1284/1451/1098 1285/1462/1098
f 1318/1453/1099 1314/1456/1099 1283/1459/1099 1287/1454/1099
f 1323/1441/1091 1311/1452/1091 1279/1455/1091 1292/1442/1091
f 1317/1457/1100 1312/1444/1100 1280/1447/1100 1286/1458/1100
f 1325/1433/1101 1313/1460/1101 1281/1463/1101 1294/1434/1101
f 1319/1449/1102 1326/1464/1102 1282/1465/1102 1288/1450/1102
f 1290/1435/1103 1294/1434/1103 1310/1233/1103 1306/1292/1103
f 1282/1439/1091 1293/1438/1091 1309/1287/1091 1295/1316/1091
f 1289/1443/1104 1292/1442/1104 1308/1241/1104 1305/1288/1104
f 1280/1447/1105 1291/1446/1105 1307/1291/1105 1297/1238/1105
f 1291/1446/1106 1290/1435/1106 1306/1292/1106 1307/1291/1106
f 1293/1438/1091 1289/1443/1091 1305/1288/1091 1309/1287/1091
f 1284/1451/1107 1288/1450/1107 1304/1229/1107 1300/1250/1107
f 1279/1455/1108 1287/1454/1108 1303/1245/1108 1296/1242/1108
f 1283/1459/1109 1286/1458/1109 1302/1237/1109 1299/1246/1109
f 1281/1463/1110 1285/1462/1110 1301/1249/1110 1298/1234/1110
f 1285/1462/1111 1284/1451/1111 1300/1250/1111 1301/1249/1111
f 1287/1454/1112 1283/1459/1112 1299/1246/1112 1303/1245/1112
f 1292/1442/1113 1279/1455/1113 1296/1242/1113 1308/1241/1113
f 1286/1458/1114 1280/1447/1114 1297/1238/1114 1302/1237/1114
f 1294/1434/1115 1281/1463/1115 1298/1234/1115 1310/1233/1115
f 1288/1450/1116 1282/1465/1116 1295/1230/1116 1304/1229/1116
f 1097/1466/1117 1069/1467/1117 1326/1464/1117 1319/1449/1117
f 1133/1224/1118 1073/1223/1118 1313/1460/1118 1325/1433/1118
f 1090/1468/1119 1075/1306/1119 1312/1444/1119 1317/1457/1119
f 1114/1469/1091 1071/1470/1091 1311/1452/1091 1323/1441/1091
f 1093/1471/1120 1081/1472/1120 1314/1456/1120 1318/1453/1120
f 1088/1473/1121 1083/1474/1121 1315/1448/1121 1316/1461/1121
f 1073/1223/1122 1088/1473/1122 1316/1461/1122 1313/1460/1122
f 1081/1472/1123 1090/1468/1123 1317/1457/1123 1314/1456/1123
f 1071/1470/1124 1093/1471/1124 1318/1453/1124 1311/1452/1124
f 1083/1474/1125 1097/1466/1125 1319/1449/1125 1315/1448/1125
f 1123/1475/1091 1099/1476/1091 1320/1440/1091 1324/1437/1091
f 1112/1298/1126 1101/1297/1126 1321/1432/1126 1322/1445/1126
f 1075/1306/1127 1112/1298/1127 1322/1445/1127 1312/1444/1127
f 1099/1476/1091 1114/1469/1091 1323/1441/1091 1320/1440/1091
f 1069/1477/1091 1123/1475/1091 1324/1437/1091 1326/1436/1091
f 1101/1297/1128 1133/1224/1128 1325/1433/1128 1321/1432/1128
f 1808/1478/1129 1807/1479/1129 1348/1480/1129 1349/1481/1129
f 1331/1482/1130 1330/1483/1130 1341/1484/1130 1342/1485/1130
f 1800/1486/1131 1327/1487/1131 1335/1488/1131
f 1334/1489/1132 1808/1478/1132 1349/1481/1132
f 1332/1490/1133 1331/1482/1133 1342/1485/1133 1343/1491/1133
f 1801/1492/1134 1800/1486/1134 1335/1488/1134 1336/1493/1134
f 1804/1494/1135 1332/1490/1135 1343/1491/1135 1344/1495/1135
f 1328/1496/1136 1801/1492/1136 1336/1493/1136 1337/1497/1136
f 1333/1498/1137 1804/1494/1137 1344/1495/1137 1345/1499/1137
f 1802/1500/1138 1328/1496/1138 1337/1497/1138 1338/1501/1138
f 1805/1502/1139 1333/1498/1139 1345/1499/1139 1346/1503/1139
f 1329/1504/1140 1802/1500/1140 1338/1501/1140 1339/1505/1140
f 1806/1506/1141 1805/1502/1141 1346/1503/1141 1347/1507/1141
f 1803/1508/1142 1329/1504/1142 1339/1505/1142 1340/1509/1142
f 1807/1479/1143 1806/1506/1143 1347/1507/1143 1348/1480/1143
f 1330/1483/1144 1803/1508/1144 1340/1509/1144 1341/1484/1144
f 1340/1509/1145 1339/1505/1145 1354/1510/1145 1355/1511/1145
f 1348/1480/1146 1347/1507/1146 1362/1512/1146 1363/1513/1146
f 1341/1484/1147 1340/1509/1147 1355/1511/1147 1356/1514/1147
f 1349/1481/1148 1348/1480/1148 1363/1513/1148 1364/1515/1148
f 1342/1485/1149 1341/1484/1149 1356/1514/1149 1357/1516/1149
f 1335/1488/1150 1327/1517/1150 1350/1518/1150
f 1334/1519/1151 1349/1481/1151 1364/1515/1151
f 1343/1491/1152 1342/1485/1152 1357/1516/1152 1358/1520/1152
f 1336/1493/1153 1335/1488/1153 1350/1518/1153 1351/1521/1153
f 1344/1495/1154 1343/1491/1154 1358/1520/1154 1359/1522/1154
f 1337/1497/1155 1336/1493/1155 1351/1521/1155 1352/1523/1155
f 1345/1499/1156 1344/1495/1156 1359/1522/1156 1360/1524/1156
f 1338/1501/1157 1337/1497/1157 1352/1523/1157 1353/1525/1157
f 1346/1503/1158 1345/1499/1158 1360/1524/1158 1361/1526/1158
f 1339/1505/1159 1338/1501/1159 1353/1525/1159 1354/1510/1159
f 1347/1507/1160 1346/1503/1160 1361/1526/1160 1362/1512/1160
f 1359/1522/1161 1358/1520/1161 1373/1527/1161 1374/1528/1161
f 1352/1523/1162 1351/1521/1162 1366/1529/1162 1367/1530/1162
f 1360/1524/1163 1359/1522/1163 1374/1528/1163 1375/1531/1163
f 1353/1525/1164 1352/1523/1164 1367/1530/1164 1368/1532/1164
f 1361/1526/1165 1360/1524/1165 1375/1531/1165 1376/1533/1165
f 1354/1510/1166 1353/1525/1166 1368/1532/1166 1369/1534/1166
f 1362/1512/1167 1361/1526/1167 1376/1533/1167 1377/1535/1167
f 1355/1511/1168 1354/1510/1168 1369/1534/1168 1370/1536/1168
f 1363/1513/1169 1362/1512/1169 1377/1535/1169 1378/1537/1169
f 1356/1514/1170 1355/1511/1170 1370/1536/1170 1371/1538/1170
f 1364/1515/1171 1363/1513/1171 1378/1537/1171 1379/1539/1171
f 1357/1516/1172 1356/1514/1172 1371/1538/1172 1372/1540/1172
f 1350/1518/1173 1327/1541/1173 1365/1542/1173
f 1334/1543/1174 1364/1515/1174 1379/1539/1174
f 1358/1520/1175 1357/1516/1175 1372/1540/1175 1373/1527/1175
f 1351/1521/1176 1350/1518/1176 1365/1542/1176 1366/1529/1176
f 1378/1537/1177 1377/1535/1177 1392/1544/1177 1393/1545/1177
f 1371/1538/1178 1370/1536/1178 1385/1546/1178 1386/1547/1178
f 1379/1539/1179 1378/1537/1179 1393/1545/1179 1394/1548/1179
f 1372/1540/1180 1371/1538/1180 1386/1547/1180 1387/1549/1180
f 1365/1542/1181 1327/1550/1181 1380/1551/1181
f 1334/1552/1182 1379/1539/1182 1394/1548/1182
f 1373/1527/1183 1372/1540/1183 1387/1549/1183 1388/1553/1183
f 1366/1529/1184 1365/1542/1184 1380/1551/1184 1381/1554/1184
f 1374/1528/1185 1373/1527/1185 1388/1553/1185 1389/1555/1185
f 1367/1530/1186 1366/1529/1186 1381/1554/1186 1382/1556/1186
f 1375/1531/1187 1374/1528/1187 1389/1555/1187 1390/1557/1187
f 1368/1532/1188 1367/1530/1188 1382/1556/1188 1383/1558/1188
f 1376/1533/1189 1375/1531/1189 1390/1557/1189 1391/1559/1189
f 1369/1534/1190 1368/1532/1190 1383/1558/1190 1384/1560/1190
f 1377/1535/1191 1376/1533/1191 1391/1559/1191 1392/1544/1191
f 1370/1536/1192 1369/1534/1192 1384/1560/1192 1385/1546/1192
f 1390/1557/1193 1389/1555/1193 1404/1561/1193 1405/1562/1193
f 1383/1558/1194 1382/1556/1194 1397/1563/1194 1398/1564/1194
f 1391/1559/1195 1390/1557/1195 1405/1562/1195 1406/1565/1195
f 1384/1560/1196 1383/1558/1196 1398/1564/1196 1399/1566/1196
f 1392/1544/1197 1391/1559/1197 1406/1565/1197 1407/1567/1197
f 1385/1546/1198 1384/1560/1198 1399/1566/1198 1400/1568/1198
f 1393/1545/1199 1392/1544/1199 1407/1567/1199 1408/1569/1199
f 1386/1547/1200 1385/1546/1200 1400/1568/1200 1401/1570/1200
f 1394/1548/1201 1393/1545/1201 1408/1569/1201 1409/1571/1201
f 1387/1549/1202 1386/1547/1202 1401/1570/1202 1402/1572/1202
f 1380/1551/1203 1327/1573/1203 1395/1574/1203
f 1334/1575/1204 1394/1548/1204 1409/1571/1204
f 1388/1553/1205 1387/1549/1205 1402/1572/1205 1403/1576/1205
f 1381/1554/1206 1380/1551/1206 1395/1574/1206 1396/1577/1206
f 1389/1555/1207 1388/1553/1207 1403/1576/1207 1404/1561/1207
f 1382/1556/1208 1381/1554/1208 1396/1577/1208 1397/1563/1208
f 1409/1571/1209 1408/1569/1209 1423/1578/1209 1424/1579/1209
f 1402/1572/1210 1401/1570/1210 1416/1580/1210 1417/1581/1210
f 1395/1574/1211 1327/1582/1211 1410/1583/1211
f 1334/1584/1212 1409/1571/1212 1424/1579/1212
f 1403/1576/1213 1402/1572/1213 1417/1581/1213 1418/1585/1213
f 1396/1577/1214 1395/1574/1214 1410/1583/1214 1411/1586/1214
f 1404/1561/1215 1403/1576/1215 1418/1585/1215 1419/1587/1215
f 1397/1563/1216 1396/1577/1216 1411/1586/1216 1412/1588/1216
f 1405/1562/1217 1404/1561/1217 1419/1587/1217 1420/1589/1217
f 1398/1564/1218 1397/1563/1218 1412/1588/1218 1413/1590/1218
f 1406/1565/1219 1405/1562/1219 1420/1589/1219 1421/1591/1219
f 1399/1566/1220 1398/1564/1220 1413/1590/1220 1414/1592/1220
f 1407/1567/1221 1406/1565/1221 1421/1591/1221 1422/1593/1221
f 1400/1568/1222 1399/1566/1222 1414/1592/1222 1415/1594/1222
f 1408/1569/1223 1407/1567/1223 1422/1593/1223 1423/1578/1223
f 1401/1570/1224 1400/1568/1224 1415/1594/1224 1416/1580/1224
f 1413/1590/1225 1412/1588/1225 1427/1595/1225 1428/1596/1225
f 1421/1591/1226 1420/1589/1226 1435/1597/1226 1436/1598/1226
f 1414/1592/1227 1413/1590/1227 1428/1596/1227 1429/1599/1227
f 1422/1593/1228 1421/1591/1228 1436/1598/1228 1437/1600/1228
f 1415/1594/1229 1414/1592/1229 1429/1599/1229 1430/1601/1229
f 1423/1578/1230 1422/1593/1230 1437/1600/1230 1438/1602/1230
f 1416/1580/1231 1415/1594/1231 1430/1601/1231 1431/1603/1231
f 1424/1579/1232 1423/1578/1232 1438/1602/1232 1439/1604/1232
f 1417/1581/1233 1416/1580/1233 1431/1603/1233 1432/1605/1233
f 1410/1583/1234 1327/1606/1234 1425/1607/1234
f 1334/1608/1235 1424/1579/1235 1439/1604/1235
f 1418/1585/1236 1417/1581/1236 1432/1605/1236 1433/1609/1236
f 1411/1586/1237 1410/1583/1237 1425/1607/1237 1426/1610/1237
f 1419/1587/1238 1418/1585/1238 1433/1609/1238 1434/1611/1238
f 1412/1588/1239 1411/1586/1239 1426/1610/1239 1427/1595/1239
f 1420/1589/1240 1419/1587/1240 1434/1611/1240 1435/1597/1240
f 1432/1605/1241 1431/1603/1241 1446/1612/1241 1447/1613/1241
f 1425/1607/1242 1327/1614/1242 1440/1615/1242
f 1334/1616/1243 1439/1604/1243 1454/1617/1243
f 1433/1609/1244 1432/1605/1244 1447/1613/1244 1448/1618/1244
f 1426/1610/1245 1425/1607/1245 1440/1615/1245 1441/1619/1245
f 1434/1611/1246 1433/1609/1246 1448/1618/1246 1449/1620/1246
f 1427/1595/1247 1426/1610/1247 1441/1619/1247 1442/1621/1247
f 1435/1597/1248 1434/1611/1248 1449/1620/1248 1450/1622/1248
f 1428/1596/1249 1427/1595/1249 1442/1621/1249 1443/1623/1249
f 1436/1598/1250 1435/1597/1250 1450/1622/1250 1451/1624/1250
f 1429/1599/1251 1428/1596/1251 1443/1623/1251 1444/1625/1251
f 1437/1600/1252 1436/1598/1252 1451/1624/1252 1452/1626/1252
f 1430/1601/1253 1429/1599/1253 1444/1625/1253 1445/1627/1253
f 1438/1602/1254 1437/1600/1254 1452/1626/1254 1453/1628/1254
f 1431/1603/1255 1430/1601/1255 1445/1627/1255 1446/1612/1255
f 1439/1604/1256 1438/1602/1256 1453/1628/1256 1454/1617/1256
f 1451/1624/1257 1450/1622/1257 1465/1629/1257 1466/1630/1257
f 1444/1625/1258 1443/1623/1258 1458/1631/1258 1459/1632/1258
f 1452/1626/1259 1451/1624/1259 1466/1630/1259 1467/1633/1259
f 1445/1627/1260 1444/1625/1260 1459/1632/1260 1460/1634/1260
f 1453/1628/1261 1452/1626/1261 1467/1633/1261 1468/1635/1261
f 1446/1612/1262 1445/1627/1262 1460/1634/1262 1461/1636/1262
f 1454/1617/1263 1453/1628/1263 1468/1635/1263 1469/1637/1263
f 1447/1613/1264 1446/1612/1264 1461/1636/1264 1462/1638/1264
f 1440/1615/1265 1327/1639/1265 1455/1640/1265
f 1334/1641/1266 1454/1617/1266 1469/1637/1266
f 1448/1618/1267 1447/1613/1267 1462/1638/1267 1463/1642/1267
f 1441/1619/1268 1440/1615/1268 1455/1640/1268 1456/1643/1268
f 1449/1620/1269 1448/1618/1269 1463/1642/1269 1464/1644/1269
f 1442/1621/1270 1441/1619/1270 1456/1643/1270 1457/1645/1270
f 1450/1622/1271 1449/1620/1271 1464/1644/1271 1465/1629/1271
f 1443/1623/1272 1442/1621/1272 1457/1645/1272 1458/1631/1272
f 1455/1640/1273 1327/1646/1273 1470/1647/1273
f 1334/1648/1274 1469/1637/1274 1484/1649/1274
f 1463/1642/1275 1462/1638/1275 1477/1650/1275 1478/1651/1275
f 1456/1643/1276 1455/1640/1276 1470/1647/1276 1471/1652/1276
f 1464/1644/1277 1463/1642/1277 1478/1651/1277 1479/1653/1277
f 1457/1645/1278 1456/1643/1278 1471/1652/1278 1472/1654/1278
f 1465/1629/1279 1464/1644/1279 1479/1653/1279 1480/1655/1279
f 1458/1631/1280 1457/1645/1280 1472/1654/1280 1473/1656/1280
f 1466/1630/1281 1465/1629/1281 1480/1655/1281 1481/1657/1281
f 1459/1632/1282 1458/1631/1282 1473/1656/1282 1474/1658/1282
f 1467/1633/1283 1466/1630/1283 1481/1657/1283 1482/1659/1283
f 1460/1634/1284 1459/1632/1284 1474/1658/1284 1475/1660/1284
f 1468/1635/1285 1467/1633/1285 1482/1659/1285 1483/1661/1285
f 1461/1636/1286 1460/1634/1286 1475/1660/1286 1476/1662/1286
f 1469/1637/1287 1468/1635/1287 1483/1661/1287 1484/1649/1287
f 1462/1638/1288 1461/1636/1288 1476/1662/1288 1477/1650/1288
f 1474/1658/1289 1473/1656/1289 1488/1663/1289 1489/1664/1289
f 1482/1659/1290 1481/1657/1290 1496/1665/1290 1497/1666/1290
f 1475/1660/1291 1474/1658/1291 1489/1664/1291 1490/1667/1291
f 1483/1661/1292 1482/1659/1292 1497/1666/1292 1498/1668/1292
f 1476/1662/1293 1475/1660/1293 1490/1667/1293 1491/1669/1293
f 1484/1649/1294 1483/1661/1294 1498/1668/1294 1499/1670/1294
f 1477/1650/1295 1476/1662/1295 1491/1669/1295 1492/1671/1295
f 1470/1647/1296 1327/1672/1296 1485/1673/1296
f 1334/1674/1297 1484/1649/1297 1499/1670/1297
f 1478/1651/1298 1477/1650/1298 1492/1671/1298 1493/1675/1298
f 1471/1652/1299 1470/1647/1299 1485/1673/1299 1486/1676/1299
f 1479/1653/1300 1478/1651/1300 1493/1675/1300 1494/1677/1300
f 1472/1654/1301 1471/1652/1301 1486/1676/1301 1487/1678/1301
f 1480/1655/1302 1479/1653/1302 1494/1677/1302 1495/1679/1302
f 1473/1656/1303 1472/1654/1303 1487/1678/1303 1488/1663/1303
f 1481/1657/1304 1480/1655/1304 1495/1679/1304 1496/1665/1304
f 1493/1675/1305 1492/1671/1305 1507/1680/1305 1508/1681/1305
f 1486/1676/1306 1485/1673/1306 1500/1682/1306 1501/1683/1306
f 1494/1677/1307 1493/1675/1307 1508/1681/1307 1509/1684/1307
f 1487/1678/1308 1486/1676/1308 1501/1683/1308 1502/1685/1308
f 1495/1679/1309 1494/1677/1309 1509/1684/1309 1510/1686/1309
f 1488/1663/1310 1487/1678/1310 1502/1685/1310 1503/1687/1310
f 1496/1665/1311 1495/1679/1311 1510/1686/1311 1511/1688/1311
f 1489/1664/1312 1488/1663/1312 1503/1687/1312 1504/1689/1312
f 1497/1666/1313 1496/1665/1313 1511/1688/1313 1512/1690/1313
f 1490/1667/1314 1489/1664/1314 1504/1689/1314 1505/1691/1314
f 1498/1668/1315 1497/1666/1315 1512/1690/1315 1513/1692/1315
f 1491/1669/1316 1490/1667/1316 1505/1691/1316 1506/1693/1316
f 1499/1670/1317 1498/1668/1317 1513/1692/1317 1514/1694/1317
f 1492/1671/1318 1491/1669/1318 1506/1693/1318 1507/1680/1318
f 1485/1673/1319 1327/1695/1319 1500/1682/1319
f 1334/1696/1320 1499/1670/1320 1514/1694/1320
f 1512/1690/1321 1511/1688/1321 1526/1697/1321 1527/1698/1321
f 1505/1691/1322 1504/1689/1322 1519/1699/1322 1520/1700/1322
f 1513/1692/1323 1512/1690/1323 1527/1698/1323 1528/1701/1323
f 1506/1693/1324 1505/1691/1324 1520/1700/1324 1521/1702/1324
f 1514/1694/1325 1513/1692/1325 1528/1701/1325 1529/1703/1325
f 1507/1680/1326 1506/1693/1326 1521/1702/1326 1522/1704/1326
f 1500/1682/1327 1327/1705/1327 1515/1706/1327
f 1334/1707/1328 1514/1694/1328 1529/1703/1328
f 1508/1681/1329 1507/1680/1329 1522/1704/1329 1523/1708/1329
f 1501/1683/1330 1500/1682/1330 1515/1706/1330 1516/1709/1330
f 1509/1684/1331 1508/1681/1331 1523/1708/1331 1524/1710/1331
f 1502/1685/1332 1501/1683/1332 1516/1709/1332 1517/1711/1332
f 1510/1686/1333 1509/1684/1333 1524/1710/1333 1525/1712/1333
f 1503/1687/1334 1502/1685/1334 1517/1711/1334 1518/1713/1334
f 1511/1688/1335 1510/1686/1335 1525/1712/1335 1526/1697/1335
f 1504/1689/1336 1503/1687/1336 1518/1713/1336 1519/1699/1336
f 1524/1710/1337 1523/1708/1337 1538/1714/1337 1539/1715/1337
f 1517/1711/1338 1516/1709/1338 1531/1716/1338 1532/1717/1338
f 1525/1712/1339 1524/1710/1339 1539/1715/1339 1540/1718/1339
f 1518/1713/1340 1517/1711/1340 1532/1717/1340 1533/1719/1340
f 1526/1697/1341 1525/1712/1341 1540/1718/1341 1541/1720/1341
f 1519/1699/1342 1518/1713/1342 1533/1719/1342 1534/1721/1342
f 1527/1698/1343 1526/1697/1343 1541/1720/1343 1542/1722/1343
f 1520/1700/1344 1519/1699/1344 1534/1721/1344 1535/1723/1344
f 1528/1701/1345 1527/1698/1345 1542/1722/1345 1543/1724/1345
f 1521/1702/1346 1520/1700/1346 1535/1723/1346 1536/1725/1346
f 1529/1703/1347 1528/1701/1347 1543/1724/1347 1544/1726/1347
f 1522/1704/1348 1521/1702/1348 1536/1725/1348 1537/1727/1348
f 1515/1706/1349 1327/1728/1349 1530/1729/1349
f 1334/1730/1350 1529/1703/1350 1544/1726/1350
f 1523/1708/1351 1522/1704/1351 1537/1727/1351 1538/1714/1351
f 1516/1709/1352 1515/1706/1352 1530/1729/1352 1531/1716/1352
f 1543/1724/1353 1542/1722/1353 1557/1731/1353 1558/1732/1353
f 1536/1725/1354 1535/1723/1354 1550/1733/1354 1551/1734/1354
f 1544/1726/1355 1543/1724/1355 1558/1732/1355 1559/1735/1355
f 1537/1727/1356 1536/1725/1356 1551/1734/1356 1552/1736/1356
f 1530/1729/1357 1327/1737/1357 1545/1738/1357
f 1334/1739/1358 1544/1726/1358 1559/1735/1358
f 1538/1714/1359 1537/1727/1359 1552/1736/1359 1553/1740/1359
f 1531/1716/1360 1530/1729/1360 1545/1738/1360 1546/1741/1360
f 1539/1715/1361 1538/1714/1361 1553/1740/1361 1554/1742/1361
f 1532/1717/1362 1531/1716/1362 1546/1741/1362 1547/1743/1362
f 1540/1718/1363 1539/1715/1363 1554/1742/1363 1555/1744/1363
f 1533/1719/1364 1532/1717/1364 1547/1743/1364 1548/1745/1364
f 1541/1720/1365 1540/1718/1365 1555/1744/1365 1556/1746/1365
f 1534/1721/1366 1533/1719/1366 1548/1745/1366 1549/1747/1366
f 1542/1722/1367 1541/1720/1367 1556/1746/1367 1557/1731/1367
f 1535/1723/1368 1534/1721/1368 1549/1747/1368 1550/1733/1368
f 1547/1743/1369 1546/1741/1369 1561/1748/1369 1562/1749/1369
f 1555/1744/1370 1554/1742/1370 1569/1750/1370 1570/1751/1370
f 1548/1745/1371 1547/1743/1371 1562/1749/1371 1563/1752/1371
f 1556/1746/1372 1555/1744/1372 1570/1751/1372 1571/1753/1372
f 1549/1747/1373 1548/1745/1373 1563/1752/1373 1564/1754/1373
f 1557/1731/1374 1556/1746/1374 1571/1753/1374 1572/1755/1374
f 1550/1733/1375 1549/1747/1375 1564/1754/1375 1565/1756/1375
f 1558/1732/1376 1557/1731/1376 1572/1755/1376 1573/1757/1376
f 1551/1734/1377 1550/1733/1377 1565/1756/1377 1566/1758/1377
f 1559/1735/1378 1558/1732/1378 1573/1757/1378 1574/1759/1378
f 1552/1736/1379 1551/1734/1379 1566/1758/1379 1567/1760/1379
f 1545/1738/1380 1327/1761/1380 1560/1762/1380
f 1334/1763/1381 1559/1735/1381 1574/1759/1381
f 1553/1740/1382 1552/1736/1382 1567/1760/1382 1568/1764/1382
f 1546/1741/1383 1545/1738/1383 1560/1762/1383 1561/1748/1383
f 1554/1742/1384 1553/1740/1384 1568/1764/1384 1569/1750/1384
f 1566/1758/1385 1565/1756/1385 1580/1765/1385 1581/1766/1385
f 1574/1759/1386 1573/1757/1386 1588/1767/1386 1589/1768/1386
f 1567/1760/1387 1566/1758/1387 1581/1766/1387 1582/1769/1387
f 1560/1762/1388 1327/1770/1388 1575/1771/1388
f 1334/1772/1389 1574/1759/1389 1589/1768/1389
f 1568/1764/1390 1567/1760/1390 1582/1769/1390 1583/1773/1390
f 1561/1748/1391 1560/1762/1391 1575/1771/1391 1576/1774/1391
f 1569/1750/1392 1568/1764/1392 1583/1773/1392 1584/1775/1392
f 1562/1749/1393 1561/1748/1393 1576/1774/1393 1577/1776/1393
f 1570/1751/1394 1569/1750/1394 1584/1775/1394 1585/1777/1394
f 1563/1752/1395 1562/1749/1395 1577/1776/1395 1578/1778/1395
f 1571/1753/1396 1570/1751/1396 1585/1777/1396 1586/1779/1396
f 1564/1754/1397 1563/1752/1397 1578/1778/1397 1579/1780/1397
f 1572/1755/1398 1571/1753/1398 1586/1779/1398 1587/1781/1398
f 1565/1756/1399 1564/1754/1399 1579/1780/1399 1580/1765/1399
f 1573/1757/1400 1572/1755/1400 1587/1781/1400 1588/1767/1400
f 1585/1777/1401 1584/1775/1401 1599/1782/1401 1600/1783/1401
f 1578/1778/1402 1577/1776/1402 1592/1784/1402 1593/1785/1402
f 1586/1779/1403 1585/1777/1403 1600/1783/1403 1601/1786/1403
f 1579/1780/1404 1578/1778/1404 1593/1785/1404 1594/1787/1404
f 1587/1781/1405 1586/1779/1405 1601/1786/1405 1602/1788/1405
f 1580/1765/1406 1579/1780/1406 1594/1787/1406 1595/1789/1406
f 1588/1767/1407 1587/1781/1407 1602/1788/1407 1603/1790/1407
f 1581/1766/1408 1580/1765/1408 1595/1789/1408 1596/1791/1408
f 1589/1768/1409 1588/1767/1409 1603/1790/1409 1604/1792/1409
f 1582/1769/1410 1581/1766/1410 1596/1791/1410 1597/1793/1410
f 1575/1771/1411 1327/1794/1411 1590/1795/1411
f 1334/1796/1412 1589/1768/1412 1604/1792/1412
f 1583/1773/1413 1582/1769/1413 1597/1793/1413 1598/1797/1413
f 1576/1774/1414 1575/1771/1414 1590/1795/1414 1591/1798/1414
f 1584/1775/1415 1583/1773/1415 1598/1797/1415 1599/1782/1415
f 1577/1776/1416 1576/1774/1416 1591/1798/1416 1592/1784/1416
f 1604/1792/1417 1603/1790/1417 1618/1799/1417 1619/1800/1417
f 1597/1793/1418 1596/1791/1418 1611/1801/1418 1612/1802/1418
f 1590/1795/1419 1327/1803/1419 1605/1804/1419
f 1334/1805/1420 1604/1792/1420 1619/1800/1420
f 1598/1797/1421 1597/1793/1421 1612/1802/1421 1613/1806/1421
f 1591/1798/1422 1590/1795/1422 1605/1804/1422 1606/1807/1422
f 1599/1782/1423 1598/1797/1423 1613/1806/1423 1614/1808/1423
f 1592/1784/1424 1591/1798/1424 1606/1807/1424 1607/1809/1424
f 1600/1783/1425 1599/1782/1425 1614/1808/1425 1615/1810/1425
f 1593/1785/1426 1592/1784/1426 1607/1809/1426 1608/1811/1426
f 1601/1786/1427 1600/1783/1427 1615/1810/1427 1616/1812/1427
f 1594/1787/1428 1593/1785/1428 1608/1811/1428 1609/1813/1428
f 1602/1788/1429 1601/1786/1429 1616/1812/1429 1617/1814/1429
f 1595/1789/1430 1594/1787/1430 1609/1813/1430 1610/1815/1430
f 1603/1790/1431 1602/1788/1431 1617/1814/1431 1618/1799/1431
f 1596/1791/1432 1595/1789/1432 1610/1815/1432 1611/1801/1432
f 1608/1811/1433 1607/1809/1433 1622/1816/1433 1623/1817/1433
f 1616/1812/1434 1615/1810/1434 1630/1818/1434 1631/1819/1434
f 1609/1813/1435 1608/1811/1435 1623/1817/1435 1624/1820/1435
f 1617/1814/1436 1616/1812/1436 1631/1819/1436 1632/1821/1436
f 1610/1815/1437 1609/1813/1437 1624/1820/1437 1625/1822/1437
f 1618/1799/1438 1617/1814/1438 1632/1821/1438 1633/1823/1438
f 1611/1801/1439 1610/1815/1439 1625/1822/1439 1626/1824/1439
f 1619/1800/1440 1618/1799/1440 1633/1823/1440 1634/1825/1440
f 1612/1802/1441 1611/1801/1441 1626/1824/1441 1627/1826/1441
f 1605/1804/1442 1327/1827/1442 1620/1828/1442
f 1334/1829/1443 1619/1800/1443 1634/1825/1443
f 1613/1806/1444 1612/1802/1444 1627/1826/1444 1628/1830/1444
f 1606/1807/1445 1605/1804/1445 1620/1828/1445 1621/1831/1445
f 1614/1808/1446 1613/1806/1446 1628/1830/1446 1629/1832/1446
f 1607/1809/1447 1606/1807/1447 1621/1831/1447 1622/1816/1447
f 1615/1810/1448 1614/1808/1448 1629/1832/1448 1630/1818/1448
f 1627/1826/1449 1626/1824/1449 1641/1833/1449 1642/1834/1449
f 1620/1828/1450 1327/1835/1450 1635/1836/1450
f 1334/1837/1451 1634/1825/1451 1649/1838/1451
f 1628/1830/1452 1627/1826/1452 1642/1834/1452 1643/1839/1452
f 1621/1831/1453 1620/1828/1453 1635/1836/1453 1636/1840/1453
f 1629/1832/1454 1628/1830/1454 1643/1839/1454 1644/1841/1454
f 1622/1816/1455 1621/1831/1455 1636/1840/1455 1637/1842/1455
f 1630/1818/1456 1629/1832/1456 1644/1841/1456 1645/1843/1456
f 1623/1817/1457 1622/1816/1457 1637/1842/1457 1638/1844/1457
f 1631/1819/1458 1630/1818/1458 1645/1843/1458 1646/1845/1458
f 1624/1820/1459 1623/1817/1459 1638/1844/1459 1639/1846/1459
f 1632/1821/1460 1631/1819/1460 1646/1845/1460 1647/1847/1460
f 1625/1822/1461 1624/1820/1461 1639/1846/1461 1640/1848/1461
f 1633/1823/1462 1632/1821/1462 1647/1847/1462 1648/1849/1462
f 1626/1824/1463 1625/1822/1463 1640/1848/1463 1641/1833/1463
f 1634/1825/1464 1633/1823/1464 1648/1849/1464 1649/1838/1464
f 1646/1845/1465 1645/1843/1465 1660/1850/1465 1661/1851/1465
f 1639/1846/1466 1638/1844/1466 1653/1852/1466 1654/1853/1466
f 1647/1847/1467 1646/1845/1467 1661/1851/1467 1662/1854/1467
f 1640/1848/1468 1639/1846/1468 1654/1853/1468 1655/1855/1468
f 1648/1849/1469 1647/1847/1469 1662/1854/1469 1663/1856/1469
f 1641/1833/1470 1640/1848/1470 1655/1855/1470 1656/1857/1470
f 1649/1838/1471 1648/1849/1471 1663/1856/1471 1664/1858/1471
f 1642/1834/1472 1641/1833/1472 1656/1857/1472 1657/1859/1472
f 1635/1836/1473 1327/1860/1473 1650/1861/1473
f 1334/1862/1474 1649/1838/1474 1664/1858/1474
f 1643/1839/1475 1642/1834/1475 1657/1859/1475 1658/1863/1475
f 1636/1840/1476 1635/1836/1476 1650/1861/1476 1651/1864/1476
f 1644/1841/1477 1643/1839/1477 1658/1863/1477 1659/1865/1477
f 1637/1842/1478 1636/1840/1478 1651/1864/1478 1652/1866/1478
f 1645/1843/1479 1644/1841/1479 1659/1865/1479 1660/1850/1479
f 1638/1844/1480 1637/1842/1480 1652/1866/1480 1653/1852/1480
f 1334/1867/1481 1664/1858/1481 1679/1868/1481
f 1658/1863/1482 1657/1859/1482 1672/1869/1482 1673/1870/1482
f 1651/1864/1483 1650/1861/1483 1665/1871/1483 1666/1872/1483
f 1659/1865/1484 1658/1863/1484 1673/1870/1484 1674/1873/1484
f 1652/1866/1485 1651/1864/1485 1666/1872/1485 1667/1874/1485
f 1660/1850/1486 1659/1865/1486 1674/1873/1486 1675/1875/1486
f 1653/1852/1487 1652/1866/1487 1667/1874/1487 1668/1876/1487
f 1661/1851/1488 1660/1850/1488 1675/1875/1488 1676/1877/1488
f 1654/1853/1489 1653/1852/1489 1668/1876/1489 1669/1878/1489
f 1662/1854/1490 1661/1851/1490 1676/1877/1490 1677/1879/1490
f 1655/1855/1491 1654/1853/1491 1669/1878/1491 1670/1880/1491
f 1663/1856/1492 1662/1854/1492 1677/1879/1492 1678/1881/1492
f 1656/1857/1493 1655/1855/1493 1670/1880/1493 1671/1882/1493
f 1664/1858/1494 1663/1856/1494 1678/1881/1494 1679/1868/1494
f 1657/1859/1495 1656/1857/1495 1671/1882/1495 1672/1869/1495
f 1650/1861/1496 1327/1883/1496 1665/1871/1496
f 1677/1879/1497 1676/1877/1497 1691/1884/1497 1692/1885/1497
f 1670/1880/1498 1669/1878/1498 1684/1886/1498 1685/1887/1498
f 1678/1881/1499 1677/1879/1499 1692/1885/1499 1693/1888/1499
f 1671/1882/1500 1670/1880/1500 1685/1887/1500 1686/1889/1500
f 1679/1868/1501 1678/1881/1501 1693/1888/1501 1694/1890/1501
f 1672/1869/1502 1671/1882/1502 1686/1889/1502 1687/1891/1502
f 1665/1871/1503 1327/1892/1503 1680/1893/1503
f 1334/1894/1504 1679/1868/1504 1694/1890/1504
f 1673/1870/1505 1672/1869/1505 1687/1891/1505 1688/1895/1505
f 1666/1872/1506 1665/1871/1506 1680/1893/1506 1681/1896/1506
f 1674/1873/1507 1673/1870/1507 1688/1895/1507 1689/1897/1507
f 1667/1874/1508 1666/1872/1508 1681/1896/1508 1682/1898/1508
f 1675/1875/1509 1674/1873/1509 1689/1897/1509 1690/1899/1509
f 1668/1876/1510 1667/1874/1510 1682/1898/1510 1683/1900/1510
f 1676/1877/1511 1675/1875/1511 1690/1899/1511 1691/1884/1511
f 1669/1878/1512 1668/1876/1512 1683/1900/1512 1684/1886/1512
f 1681/1901/1513 1680/1902/1513 1695/1903/1513 1696/1904/1513
f 1689/1905/1514 1688/1906/1514 1703/1907/1514 1704/1908/1514
f 1682/1909/1515 1681/1901/1515 1696/1904/1515 1697/1910/1515
f 1690/1911/1516 1689/1905/1516 1704/1908/1516 1705/1912/1516
f 1683/1913/1517 1682/1909/1517 1697/1910/1517 1698/1914/1517
f 1691/1915/1518 1690/1911/1518 1705/1912/1518 1706/1916/1518
f 1684/1917/1519 1683/1913/1519 1698/1914/1519 1699/1918/1519
f 1692/1919/1520 1691/1915/1520 1706/1916/1520 1707/1920/1520
f 1685/1921/1521 1684/1917/1521 1699/1918/1521 1700/1922/1521
f 1693/1923/1522 1692/1919/1522 1707/1920/1522 1708/1924/1522
f 1686/1925/1523 1685/1921/1523 1700/1922/1523 1701/1926/1523
f 1694/1927/1524 1693/1923/1524 1708/1924/1524 1709/1928/1524
f 1687/1929/1525 1686/1925/1525 1701/1926/1525 1702/1930/1525
f 1680/1902/1526 1327/1931/1526 1695/1903/1526
f 1334/1932/1527 1694/1927/1527 1709/1928/1527
f 1688/1906/1528 1687/1929/1528 1702/1930/1528 1703/1907/1528
f 1700/1922/1529 1699/1918/1529 1714/1933/1529 1715/1934/1529
f 1708/1924/1530 1707/1920/1530 1722/1935/1530 1723/1936/1530
f 1701/1926/1531 1700/1922/1531 1715/1934/1531 1716/1937/1531
f 1709/1928/1532 1708/1924/1532 1723/1936/1532 1724/1938/1532
f 1702/1930/1533 1701/1926/1533 1716/1937/1533 1717/1939/1533
f 1695/1903/1534 1327/1940/1534 1710/1941/1534
f 1334/1942/1535 1709/1928/1535 1724/1938/1535
f 1703/1907/1536 1702/1930/1536 1717/1939/1536 1718/1943/1536
f 1696/1904/1537 1695/1903/1537 1710/1941/1537 1711/1944/1537
f 1704/1908/1538 1703/1907/1538 1718/1943/1538 1719/1945/1538
f 1697/1910/1539 1696/1904/1539 1711/1944/1539 1712/1946/1539
f 1705/1912/1540 1704/1908/1540 1719/1945/1540 1720/1947/1540
f 1698/1914/1541 1697/1910/1541 1712/1946/1541 1713/1948/1541
f 1706/1916/1542 1705/1912/1542 1720/1947/1542 1721/1949/1542
f 1699/1918/1543 1698/1914/1543 1713/1948/1543 1714/1933/1543
f 1707/1920/1544 1706/1916/1544 1721/1949/1544 1722/1935/1544
f 1719/1945/1545 1718/1943/1545 1733/1950/1545 1734/1951/1545
f 1712/1946/1546 1711/1944/1546 1726/1952/1546 1727/1953/1546
f 1720/1947/1547 1719/1945/1547 1734/1951/1547 1735/1954/1547
f 1713/1948/1548 1712/1946/1548 1727/1953/1548 1728/1955/1548
f 1721/1949/1549 1720/1947/1549 1735/1954/1549 1736/1956/1549
f 1714/1933/1550 1713/1948/1550 1728/1955/1550 1729/1957/1550
f 1722/1935/1551 1721/1949/1551 1736/1956/1551 1737/1958/1551
f 1715/1934/1552 1714/1933/1552 1729/1957/1552 1730/1959/1552
f 1723/1936/1553 1722/1935/1553 1737/1958/1553 1738/1960/1553
f 1716/1937/1554 1715/1934/1554 1730/1959/1554 1731/1961/1554
f 1724/1938/1555 1723/1936/1555 1738/1960/1555 1739/1962/1555
f 1717/1939/1556 1716/1937/1556 1731/1961/1556 1732/1963/1556
f 1710/1941/1557 1327/1964/1557 1725/1965/1557
f 1334/1966/1558 1724/1938/1558 1739/1962/1558
f 1718/1943/1559 1717/1939/1559 1732/1963/1559 1733/1950/1559
f 1711/1944/1560 1710/1941/1560 1725/1965/1560 1726/1952/1560
f 1738/1960/1561 1737/1958/1561 1752/1967/1561 1753/1968/1561
f 1731/1961/1562 1730/1959/1562 1745/1969/1562 1746/1970/1562
f 1739/1962/1563 1738/1960/1563 1753/1968/1563 1754/1971/1563
f 1732/1963/1564 1731/1961/1564 1746/1970/1564 1747/1972/1564
f 1725/1965/1565 1327/1973/1565 1740/1974/1565
f 1334/1975/1566 1739/1962/1566 1754/1971/1566
f 1733/1950/1567 1732/1963/1567 1747/1972/1567 1748/1976/1567
f 1726/1952/1568 1725/1965/1568 1740/1974/1568 1741/1977/1568
f 1734/1951/1569 1733/1950/1569 1748/1976/1569 1749/1978/1569
f 1727/1953/1570 1726/1952/1570 1741/1977/1570 1742/1979/1570
f 1735/1954/1571 1734/1951/1571 1749/1978/1571 1750/1980/1571
f 1728/1955/1572 1727/1953/1572 1742/1979/1572 1743/1981/1572
f 1736/1956/1573 1735/1954/1573 1750/1980/1573 1751/1982/1573
f 1729/1957/1574 1728/1955/1574 1743/1981/1574 1744/1983/1574
f 1737/1958/1575 1736/1956/1575 1751/1982/1575 1752/1967/1575
f 1730/1959/1576 1729/1957/1576 1744/1983/1576 1745/1969/1576
f 1742/1979/1577 1741/1977/1577 1756/1984/1577 1757/1985/1577
f 1750/1980/1578 1749/1978/1578 1764/1986/1578 1765/1987/1578
f 1743/1981/1579 1742/1979/1579 1757/1985/1579 1758/1988/1579
f 1751/1982/1580 1750/1980/1580 1765/1987/1580 1766/1989/1580
f 1744/1983/1581 1743/1981/1581 1758/1988/1581 1759/1990/1581
f 1752/1967/1582 1751/1982/1582 1766/1989/1582 1767/1991/1582
f 1745/1969/1583 1744/1983/1583 1759/1990/1583 1760/1992/1583
f 1753/1968/1584 1752/1967/1584 1767/1991/1584 1768/1993/1584
f 1746/1970/1585 1745/1969/1585 1760/1992/1585 1761/1994/1585
f 1754/1971/1586 1753/1968/1586 1768/1993/1586 1769/1995/1586
f 1747/1972/1587 1746/1970/1587 1761/1994/1587 1762/1996/1587
f 1740/1974/1588 1327/1997/1588 1755/1998/1588
f 1334/1999/1589 1754/1971/1589 1769/1995/1589
f 1748/1976/1590 1747/1972/1590 1762/1996/1590 1763/2000/1590
f 1741/1977/1591 1740/1974/1591 1755/1998/1591 1756/1984/1591
f 1749/1978/1592 1748/1976/1592 1763/2000/1592 1764/1986/1592
f 1761/1994/1593 1760/1992/1593 1775/2001/1593 1776/2002/1593
f 1769/1995/1594 1768/1993/1594 1783/2003/1594 1784/2004/1594
f 1762/1996/1595 1761/1994/1595 1776/2002/1595 1777/2005/1595
f 1755/1998/1596 1327/2006/1596 1770/2007/1596
f 1334/2008/1597 1769/1995/1597 1784/2004/1597
f 1763/2000/1598 1762/1996/1598 1777/2005/1598 1778/2009/1598
f 1756/1984/1599 1755/1998/1599 1770/2007/1599 1771/2010/1599
f 1764/1986/1600 1763/2000/1600 1778/2009/1600 1779/2011/1600
f 1757/1985/1601 1756/1984/1601 1771/2010/1601 1772/2012/1601
f 1765/1987/1602 1764/1986/1602 1779/2011/1602 1780/2013/1602
f 1758/1988/1603 1757/1985/1603 1772/2012/1603 1773/2014/1603
f 1766/1989/1604 1765/1987/1604 1780/2013/1604 1781/2015/1604
f 1759/1990/1605 1758/1988/1605 1773/2014/1605 1774/2016/1605
f 1767/1991/1606 1766/1989/1606 1781/2015/1606 1782/2017/1606
f 1760/1992/1607 1759/1990/1607 1774/2016/1607 1775/2001/1607
f 1768/1993/1608 1767/1991/1608 1782/2017/1608 1783/2003/1608
f 1780/2013/1609 1779/2011/1609 1794/2018/1609 1795/2019/1609
f 1773/2014/1610 1772/2012/1610 1787/2020/1610 1788/2021/1610
f 1781/2015/1611 1780/2013/1611 1795/2019/1611 1796/2022/1611
f 1774/2016/1612 1773/2014/1612 1788/2021/1612 1789/2023/1612
f 1782/2017/1613 1781/2015/1613 1796/2022/1613 1797/2024/1613
f 1775/2001/1614 1774/2016/1614 1789/2023/1614 1790/2025/1614
f 1783/2003/1615 1782/2017/1615 1797/2024/1615 1798/2026/1615
f 1776/2002/1616 1775/2001/1616 1790/2025/1616 1791/2027/1616
f 1784/2004/1617 1783/2003/1617 1798/2026/1617 1799/2028/1617
f 1777/2005/1618 1776/2002/1618 1791/2027/1618 1792/2029/1618
f 1770/2007/1619 1327/2030/1619 1785/2031/1619
f 1334/2032/1620 1784/2004/1620 1799/2028/1620
f 1778/2009/1621 1777/2005/1621 1792/2029/1621 1793/2033/1621
f 1771/2010/1622 1770/2007/1622 1785/2031/1622 1786/2034/1622
f 1779/2011/1623 1778/2009/1623 1793/2033/1623 1794/2018/1623
f 1772/2012/1624 1771/2010/1624 1786/2034/1624 1787/2020/1624
f 1799/2028/1625 1798/2026/1625 1807/1479/1625 1808/1478/1625
f 1792/2029/1626 1791/2027/1626 1330/1483/1626 1331/1482/1626
f 1785/2031/1627 1327/2035/1627 1800/1486/1627
f 1334/2036/1628 1799/2028/1628 1808/1478/1628
f 1793/2033/1629 1792/2029/1629 1331/1482/1629 1332/1490/1629
f 1786/2034/1630 1785/2031/1630 1800/1486/1630 1801/1492/1630
f 1794/2018/1631 1793/2033/1631 1332/1490/1631 1804/1494/1631
f 1787/2020/1632 1786/2034/1632 1801/1492/1632 1328/1496/1632
f 1795/2019/1633 1794/2018/1633 1804/1494/1633 1333/1498/1633
f 1788/2021/1634 1787/2020/1634 1328/1496/1634 1802/1500/1634
f 1796/2022/1635 1795/2019/1635 1333/1498/1635 1805/1502/1635
f 1789/2023/1636 1788/2021/1636 1802/1500/1636 1329/1504/1636
f 1797/2024/1637 1796/2022/1637 1805/1502/1637 1806/1506/1637
f 1790/2025/1638 1789/2023/1638 1329/1504/1638 1803/1508/1638
f 1798/2026/1639 1797/2024/1639 1806/1506/1639 1807/1479/1639
f 1791/2027/1640 1790/2025/1640 1803/1508/1640 1330/1483/1640
f 2290/2037/1641 1831/2038/1641 1830/2039/1641 2289/2040/1641
f 1813/2041/1642 1824/2042/1642 1823/2043/1642 1812/2044/1642
f 2282/2045/1643 1817/2046/1643 1809/2047/1643
f 1816/2048/1644 1831/2038/1644 2290/2037/1644
f 1814/2049/1645 1825/2050/1645 1824/2042/1645 1813/2041/1645
f 2283/2051/1646 1818/2052/1646 1817/2046/1646 2282/2045/1646
f 2286/2053/1647 1826/2054/1647 1825/2050/1647 1814/2049/1647
f 1810/2055/1648 1819/2056/1648 1818/2052/1648 2283/2051/1648
f 1815/2057/1649 1827/2058/1649 1826/2054/1649 2286/2053/1649
f 2284/2059/1650 1820/2060/1650 1819/2056/1650 1810/2055/1650
f 2287/2061/1651 1828/2062/1651 1827/2058/1651 1815/2057/1651
f 1811/2063/1652 1821/2064/1652 1820/2060/1652 2284/2059/1652
f 2288/2065/1653 1829/2066/1653 1828/2062/1653 2287/2061/1653
f 2285/2067/1654 1822/2068/1654 1821/2064/1654 1811/2063/1654
f 2289/2040/1655 1830/2039/1655 1829/2066/1655 2288/2065/1655
f 1812/2044/1656 1823/2043/1656 1822/2068/1656 2285/2067/1656
f 1822/2068/1657 1837/2069/1657 1836/2070/1657 1821/2064/1657
f 1830/2039/1658 1845/2071/1658 1844/2072/1658 1829/2066/1658
f 1823/2043/1659 1838/2073/1659 1837/2069/1659 1822/2068/1659
f 1831/2038/1660 1846/2074/1660 1845/2071/1660 1830/2039/1660
f 1824/2042/1661 1839/2075/1661 1838/2073/1661 1823/2043/1661
f 1817/2046/1662 1832/2076/1662 1809/2077/1662
f 1816/2078/1663 1846/2074/1663 1831/2038/1663
f 1825/2050/1664 1840/2079/1664 1839/2075/1664 1824/2042/1664
f 1818/2052/1665 1833/2080/1665 1832/2076/1665 1817/2046/1665
f 1826/2054/1666 1841/2081/1666 1840/2079/1666 1825/2050/1666
f 1819/2056/1667 1834/2082/1667 1833/2080/1667 1818/2052/1667
f 1827/2058/1668 1842/2083/1668 1841/2081/1668 1826/2054/1668
f 1820/2060/1669 1835/2084/1669 1834/2082/1669 1819/2056/1669
f 1828/2062/1670 1843/2085/1670 1842/2083/1670 1827/2058/1670
f 1821/2064/1671 1836/2070/1671 1835/2084/1671 1820/2060/1671
f 1829/2066/1672 1844/2072/1672 1843/2085/1672 1828/2062/1672
f 1841/2081/1673 1856/2086/1673 1855/2087/1673 1840/2079/1673
f 1834/2082/1674 1849/2088/1674 1848/2089/1674 1833/2080/1674
f 1842/2083/1675 1857/2090/1675 1856/2086/1675 1841/2081/1675
f 1835/2084/1676 1850/2091/1676 1849/2088/1676 1834/2082/1676
f 1843/2085/1677 1858/2092/1677 1857/2090/1677 1842/2083/1677
f 1836/2070/1678 1851/2093/1678 1850/2091/1678 1835/2084/1678
f 1844/2072/1679 1859/2094/1679 1858/2092/1679 1843/2085/1679
f 1837/2069/1680 1852/2095/1680 1851/2093/1680 1836/2070/1680
f 1845/2071/1681 1860/2096/1681 1859/2094/1681 1844/2072/1681
f 1838/2073/1682 1853/2097/1682 1852/2095/1682 1837/2069/1682
f 1846/2074/1683 1861/2098/1683 1860/2096/1683 1845/2071/1683
f 1839/2075/1684 1854/2099/1684 1853/2097/1684 1838/2073/1684
f 1832/2076/1685 1847/2100/1685 1809/2101/1685
f 1816/2102/1686 1861/2098/1686 1846/2074/1686
f 1840/2079/1687 1855/2087/1687 1854/2099/1687 1839/2075/1687
f 1833/2080/1688 1848/2089/1688 1847/2100/1688 1832/2076/1688
f 1860/2096/1689 1875/2103/1689 1874/2104/1689 1859/2094/1689
f 1853/2097/1690 1868/2105/1690 1867/2106/1690 1852/2095/1690
f 1861/2098/1691 1876/2107/1691 1875/2103/1691 1860/2096/1691
f 1854/2099/1692 1869/2108/1692 1868/2105/1692 1853/2097/1692
f 1847/2100/1693 1862/2109/1693 1809/2110/1693
f 1816/2111/1694 1876/2107/1694 1861/2098/1694
f 1855/2087/1695 1870/2112/1695 1869/2108/1695 1854/2099/1695
f 1848/2089/1696 1863/2113/1696 1862/2109/1696 1847/2100/1696
f 1856/2086/1697 1871/2114/1697 1870/2112/1697 1855/2087/1697
f 1849/2088/1698 1864/2115/1698 1863/2113/1698 1848/2089/1698
f 1857/2090/1699 1872/2116/1699 1871/2114/1699 1856/2086/1699
f 1850/2091/1700 1865/2117/1700 1864/2115/1700 1849/2088/1700
f 1858/2092/1701 1873/2118/1701 1872/2116/1701 1857/2090/1701
f 1851/2093/1702 1866/2119/1702 1865/2117/1702 1850/2091/1702
f 1859/2094/1703 1874/2104/1703 1873/2118/1703 1858/2092/1703
f 1852/2095/1704 1867/2106/1704 1866/2119/1704 1851/2093/1704
f 1872/2116/1705 1887/2120/1705 1886/2121/1705 1871/2114/1705
f 1865/2117/1706 1880/2122/1706 1879/2123/1706 1864/2115/1706
f 1873/2118/1707 1888/2124/1707 1887/2120/1707 1872/2116/1707
f 1866/2119/1708 1881/2125/1708 1880/2122/1708 1865/2117/1708
f 1874/2104/1709 1889/2126/1709 1888/2124/1709 1873/2118/1709
f 1867/2106/1710 1882/2127/1710 1881/2125/1710 1866/2119/1710
f 1875/2103/1711 1890/2128/1711 1889/2126/1711 1874/2104/1711
f 1868/2105/1712 1883/2129/1712 1882/2127/1712 1867/2106/1712
f 1876/2107/1713 1891/2130/1713 1890/2128/1713 1875/2103/1713
f 1869/2108/1714 1884/2131/1714 1883/2129/1714 1868/2105/1714
f 1862/2109/1715 1877/2132/1715 1809/2133/1715
f 1816/2134/1716 1891/2130/1716 1876/2107/1716
f 1870/2112/1717 1885/2135/1717 1884/2131/1717 1869/2108/1717
f 1863/2113/1718 1878/2136/1718 1877/2132/1718 1862/2109/1718
f 1871/2114/1719 1886/2121/1719 1885/2135/1719 1870/2112/1719
f 1864/2115/1720 1879/2123/1720 1878/2136/1720 1863/2113/1720
f 1891/2130/1721 1906/2137/1721 1905/2138/1721 1890/2128/1721
f 1884/2131/1722 1899/2139/1722 1898/2140/1722 1883/2129/1722
f 1877/2132/1723 1892/2141/1723 1809/2142/1723
f 1816/2143/1724 1906/2137/1724 1891/2130/1724
f 1885/2135/1725 1900/2144/1725 1899/2139/1725 1884/2131/1725
f 1878/2136/1726 1893/2145/1726 1892/2141/1726 1877/2132/1726
f 1886/2121/1727 1901/2146/1727 1900/2144/1727 1885/2135/1727
f 1879/2123/1728 1894/2147/1728 1893/2145/1728 1878/2136/1728
f 1887/2120/1729 1902/2148/1729 1901/2146/1729 1886/2121/1729
f 1880/2122/1730 1895/2149/1730 1894/2147/1730 1879/2123/1730
f 1888/2124/1731 1903/2150/1731 1902/2148/1731 1887/2120/1731
f 1881/2125/1732 1896/2151/1732 1895/2149/1732 1880/2122/1732
f 1889/2126/1733 1904/2152/1733 1903/2150/1733 1888/2124/1733
f 1882/2127/1734 1897/2153/1734 1896/2151/1734 1881/2125/1734
f 1890/2128/1735 1905/2138/1735 1904/2152/1735 1889/2126/1735
f 1883/2129/1736 1898/2140/1736 1897/2153/1736 1882/2127/1736
f 1895/2149/1737 1910/2154/1737 1909/2155/1737 1894/2147/1737
f 1903/2150/1738 1918/2156/1738 1917/2157/1738 1902/2148/1738
f 1896/2151/1739 1911/2158/1739 1910/2154/1739 1895/2149/1739
f 1904/2152/1740 1919/2159/1740 1918/2156/1740 1903/2150/1740
f 1897/2153/1741 1912/2160/1741 1911/2158/1741 1896/2151/1741
f 1905/2138/1742 1920/2161/1742 1919/2159/1742 1904/2152/1742
f 1898/2140/1743 1913/2162/1743 1912/2160/1743 1897/2153/1743
f 1906/2137/1744 1921/2163/1744 1920/2161/1744 1905/2138/1744
f 1899/2139/1745 1914/2164/1745 1913/2162/1745 1898/2140/1745
f 1892/2141/1746 1907/2165/1746 1809/2166/1746
f 1816/2167/1747 1921/2163/1747 1906/2137/1747
f 1900/2144/1748 1915/2168/1748 1914/2164/1748 1899/2139/1748
f 1893/2145/1749 1908/2169/1749 1907/2165/1749 1892/2141/1749
f 1901/2146/1750 1916/2170/1750 1915/2168/1750 1900/2144/1750
f 1894/2147/1751 1909/2155/1751 1908/2169/1751 1893/2145/1751
f 1902/2148/1752 1917/2157/1752 1916/2170/1752 1901/2146/1752
f 1914/2164/1753 1929/2171/1753 1928/2172/1753 1913/2162/1753
f 1907/2165/1754 1922/2173/1754 1809/2174/1754
f 1816/2175/1755 1936/2176/1755 1921/2163/1755
f 1915/2168/1756 1930/2177/1756 1929/2171/1756 1914/2164/1756
f 1908/2169/1757 1923/2178/1757 1922/2173/1757 1907/2165/1757
f 1916/2170/1758 1931/2179/1758 1930/2177/1758 1915/2168/1758
f 1909/2155/1759 1924/2180/1759 1923/2178/1759 1908/2169/1759
f 1917/2157/1760 1932/2181/1760 1931/2179/1760 1916/2170/1760
f 1910/2154/1761 1925/2182/1761 1924/2180/1761 1909/2155/1761
f 1918/2156/1762 1933/2183/1762 1932/2181/1762 1917/2157/1762
f 1911/2158/1763 1926/2184/1763 1925/2182/1763 1910/2154/1763
f 1919/2159/1764 1934/2185/1764 1933/2183/1764 1918/2156/1764
f 1912/2160/1765 1927/2186/1765 1926/2184/1765 1911/2158/1765
f 1920/2161/1766 1935/2187/1766 1934/2185/1766 1919/2159/1766
f 1913/2162/1767 1928/2172/1767 1927/2186/1767 1912/2160/1767
f 1921/2163/1768 1936/2176/1768 1935/2187/1768 1920/2161/1768
f 1933/2183/1769 1948/2188/1769 1947/2189/1769 1932/2181/1769
f 1926/2184/1770 1941/2190/1770 1940/2191/1770 1925/2182/1770
f 1934/2185/1771 1949/2192/1771 1948/2188/1771 1933/2183/1771
f 1927/2186/1772 1942/2193/1772 1941/2190/1772 1926/2184/1772
f 1935/2187/1773 1950/2194/1773 1949/2192/1773 1934/2185/1773
f 1928/2172/1774 1943/2195/1774 1942/2193/1774 1927/2186/1774
f 1936/2176/1775 1951/2196/1775 1950/2194/1775 1935/2187/1775
f 1929/2171/1776 1944/2197/1776 1943/2195/1776 1928/2172/1776
f 1922/2173/1777 1937/2198/1777 1809/2199/1777
f 1816/2200/1778 1951/2196/1778 1936/2176/1778
f 1930/2177/1779 1945/2201/1779 1944/2197/1779 1929/2171/1779
f 1923/2178/1780 1938/2202/1780 1937/2198/1780 1922/2173/1780
f 1931/2179/1781 1946/2203/1781 1945/2201/1781 1930/2177/1781
f 1924/2180/1782 1939/2204/1782 1938/2202/1782 1923/2178/1782
f 1932/2181/1783 1947/2189/1783 1946/2203/1783 1931/2179/1783
f 1925/2182/1784 1940/2191/1784 1939/2204/1784 1924/2180/1784
f 1937/2198/1785 1952/2205/1785 1809/2206/1785
f 1816/2207/1786 1966/2208/1786 1951/2196/1786
f 1945/2201/1787 1960/2209/1787 1959/2210/1787 1944/2197/1787
f 1938/2202/1788 1953/2211/1788 1952/2205/1788 1937/2198/1788
f 1946/2203/1789 1961/2212/1789 1960/2209/1789 1945/2201/1789
f 1939/2204/1790 1954/2213/1790 1953/2211/1790 1938/2202/1790
f 1947/2189/1791 1962/2214/1791 1961/2212/1791 1946/2203/1791
f 1940/2191/1792 1955/2215/1792 1954/2213/1792 1939/2204/1792
f 1948/2188/1793 1963/2216/1793 1962/2214/1793 1947/2189/1793
f 1941/2190/1794 1956/2217/1794 1955/2215/1794 1940/2191/1794
f 1949/2192/1795 1964/2218/1795 1963/2216/1795 1948/2188/1795
f 1942/2193/1796 1957/2219/1796 1956/2217/1796 1941/2190/1796
f 1950/2194/1797 1965/2220/1797 1964/2218/1797 1949/2192/1797
f 1943/2195/1798 1958/2221/1798 1957/2219/1798 1942/2193/1798
f 1951/2196/1799 1966/2208/1799 1965/2220/1799 1950/2194/1799
f 1944/2197/1800 1959/2210/1800 1958/2221/1800 1943/2195/1800
f 1956/2217/1801 1971/2222/1801 1970/2223/1801 1955/2215/1801
f 1964/2218/1802 1979/2224/1802 1978/2225/1802 1963/2216/1802
f 1957/2219/1803 1972/2226/1803 1971/2222/1803 1956/2217/1803
f 1965/2220/1804 1980/2227/1804 1979/2224/1804 1964/2218/1804
f 1958/2221/1805 1973/2228/1805 1972/2226/1805 1957/2219/1805
f 1966/2208/1806 1981/2229/1806 1980/2227/1806 1965/2220/1806
f 1959/2210/1807 1974/2230/1807 1973/2228/1807 1958/2221/1807
f 1952/2205/1808 1967/2231/1808 1809/2232/1808
f 1816/2233/1809 1981/2229/1809 1966/2208/1809
f 1960/2209/1810 1975/2234/1810 1974/2230/1810 1959/2210/1810
f 1953/2211/1811 1968/2235/1811 1967/2231/1811 1952/2205/1811
f 1961/2212/1812 1976/2236/1812 1975/2234/1812 1960/2209/1812
f 1954/2213/1813 1969/2237/1813 1968/2235/1813 1953/2211/1813
f 1962/2214/1814 1977/2238/1814 1976/2236/1814 1961/2212/1814
f 1955/2215/1815 1970/2223/1815 1969/2237/1815 1954/2213/1815
f 1963/2216/1816 1978/2225/1816 1977/2238/1816 1962/2214/1816
f 1975/2234/1817 1990/2239/1817 1989/2240/1817 1974/2230/1817
f 1968/2235/1818 1983/2241/1818 1982/2242/1818 1967/2231/1818
f 1976/2236/1819 1991/2243/1819 1990/2239/1819 1975/2234/1819
f 1969/2237/1820 1984/2244/1820 1983/2241/1820 1968/2235/1820
f 1977/2238/1821 1992/2245/1821 1991/2243/1821 1976/2236/1821
f 1970/2223/1822 1985/2246/1822 1984/2244/1822 1969/2237/1822
f 1978/2225/1823 1993/2247/1823 1992/2245/1823 1977/2238/1823
f 1971/2222/1824 1986/2248/1824 1985/2246/1824 1970/2223/1824
f 1979/2224/1825 1994/2249/1825 1993/2247/1825 1978/2225/1825
f 1972/2226/1826 1987/2250/1826 1986/2248/1826 1971/2222/1826
f 1980/2227/1827 1995/2251/1827 1994/2249/1827 1979/2224/1827
f 1973/2228/1828 1988/2252/1828 1987/2250/1828 1972/2226/1828
f 1981/2229/1829 1996/2253/1829 1995/2251/1829 1980/2227/1829
f 1974/2230/1830 1989/2240/1830 1988/2252/1830 1973/2228/1830
f 1967/2231/1831 1982/2242/1831 1809/2254/1831
f 1816/2255/1832 1996/2253/1832 1981/2229/1832
f 1994/2249/1833 2009/2256/1833 2008/2257/1833 1993/2247/1833
f 1987/2250/1834 2002/2258/1834 2001/2259/1834 1986/2248/1834
f 1995/2251/1835 2010/2260/1835 2009/2256/1835 1994/2249/1835
f 1988/2252/1836 2003/2261/1836 2002/2258/1836 1987/2250/1836
f 1996/2253/1837 2011/2262/1837 2010/2260/1837 1995/2251/1837
f 1989/2240/1838 2004/2263/1838 2003/2261/1838 1988/2252/1838
f 1982/2242/1839 1997/2264/1839 1809/2265/1839
f 1816/2266/1840 2011/2262/1840 1996/2253/1840
f 1990/2239/1841 2005/2267/1841 2004/2263/1841 1989/2240/1841
f 1983/2241/1842 1998/2268/1842 1997/2264/1842 1982/2242/1842
f 1991/2243/1843 2006/2269/1843 2005/2267/1843 1990/2239/1843
f 1984/2244/1844 1999/2270/1844 1998/2268/1844 1983/2241/1844
f 1992/2245/1845 2007/2271/1845 2006/2269/1845 1991/2243/1845
f 1985/2246/1846 2000/2272/1846 1999/2270/1846 1984/2244/1846
f 1993/2247/1847 2008/2257/1847 2007/2271/1847 1992/2245/1847
f 1986/2248/1848 2001/2259/1848 2000/2272/1848 1985/2246/1848
f 2006/2269/1849 2021/2273/1849 2020/2274/1849 2005/2267/1849
f 1999/2270/1850 2014/2275/1850 2013/2276/1850 1998/2268/1850
f 2007/2271/1851 2022/2277/1851 2021/2273/1851 2006/2269/1851
f 2000/2272/1852 2015/2278/1852 2014/2275/1852 1999/2270/1852
f 2008/2257/1853 2023/2279/1853 2022/2277/1853 2007/2271/1853
f 2001/2259/1854 2016/2280/1854 2015/2278/1854 2000/2272/1854
f 2009/2256/1855 2024/2281/1855 2023/2279/1855 2008/2257/1855
f 2002/2258/1856 2017/2282/1856 2016/2280/1856 2001/2259/1856
f 2010/2260/1857 2025/2283/1857 2024/2281/1857 2009/2256/1857
f 2003/2261/1858 2018/2284/1858 2017/2282/1858 2002/2258/1858
f 2011/2262/1859 2026/2285/1859 2025/2283/1859 2010/2260/1859
f 2004/2263/1860 2019/2286/1860 2018/2284/1860 2003/2261/1860
f 1997/2264/1861 2012/2287/1861 1809/2288/1861
f 1816/2289/1862 2026/2285/1862 2011/2262/1862
f 2005/2267/1863 2020/2274/1863 2019/2286/1863 2004/2263/1863
f 1998/2268/1864 2013/2276/1864 2012/2287/1864 1997/2264/1864
f 2025/2283/1865 2040/2290/1865 2039/2291/1865 2024/2281/1865
f 2018/2284/1866 2033/2292/1866 2032/2293/1866 2017/2282/1866
f 2026/2285/1867 2041/2294/1867 2040/2290/1867 2025/2283/1867
f 2019/2286/1868 2034/2295/1868 2033/2292/1868 2018/2284/1868
f 2012/2287/1869 2027/2296/1869 1809/2297/1869
f 1816/2298/1870 2041/2294/1870 2026/2285/1870
f 2020/2274/1871 2035/2299/1871 2034/2295/1871 2019/2286/1871
f 2013/2276/1872 2028/2300/1872 2027/2296/1872 2012/2287/1872
f 2021/2273/1873 2036/2301/1873 2035/2299/1873 2020/2274/1873
f 2014/2275/1874 2029/2302/1874 2028/2300/1874 2013/2276/1874
f 2022/2277/1875 2037/2303/1875 2036/2301/1875 2021/2273/1875
f 2015/2278/1876 2030/2304/1876 2029/2302/1876 2014/2275/1876
f 2023/2279/1877 2038/2305/1877 2037/2303/1877 2022/2277/1877
f 2016/2280/1878 2031/2306/1878 2030/2304/1878 2015/2278/1878
f 2024/2281/1879 2039/2291/1879 2038/2305/1879 2023/2279/1879
f 2017/2282/1880 2032/2293/1880 2031/2306/1880 2016/2280/1880
f 2029/2302/1881 2044/2307/1881 2043/2308/1881 2028/2300/1881
f 2037/2303/1882 2052/2309/1882 2051/2310/1882 2036/2301/1882
f 2030/2304/1883 2045/2311/1883 2044/2307/1883 2029/2302/1883
f 2038/2305/1884 2053/2312/1884 2052/2309/1884 2037/2303/1884
f 2031/2306/1885 2046/2313/1885 2045/2311/1885 2030/2304/1885
f 2039/2291/1886 2054/2314/1886 2053/2312/1886 2038/2305/1886
f 2032/2293/1887 2047/2315/1887 2046/2313/1887 2031/2306/1887
f 2040/2290/1888 2055/2316/1888 2054/2314/1888 2039/2291/1888
f 2033/2292/1889 2048/2317/1889 2047/2315/1889 2032/2293/1889
f 2041/2294/1890 2056/2318/1890 2055/2316/1890 2040/2290/1890
f 2034/2295/1891 2049/2319/1891 2048/2317/1891 2033/2292/1891
f 2027/2296/1892 2042/2320/1892 1809/2321/1892
f 1816/2322/1893 2056/2318/1893 2041/2294/1893
f 2035/2299/1894 2050/2323/1894 2049/2319/1894 2034/2295/1894
f 2028/2300/1895 2043/2308/1895 2042/2320/1895 2027/2296/1895
f 2036/2301/1896 2051/2310/1896 2050/2323/1896 2035/2299/1896
f 2048/2317/1897 2063/2324/1897 2062/2325/1897 2047/2315/1897
f 2056/2318/1898 2071/2326/1898 2070/2327/1898 2055/2316/1898
f 2049/2319/1899 2064/2328/1899 2063/2324/1899 2048/2317/1899
f 2042/2320/1900 2057/2329/1900 1809/2330/1900
f 1816/2331/1901 2071/2326/1901 2056/2318/1901
f 2050/2323/1902 2065/2332/1902 2064/2328/1902 2049/2319/1902
f 2043/2308/1903 2058/2333/1903 2057/2329/1903 2042/2320/1903
f 2051/2310/1904 2066/2334/1904 2065/2332/1904 2050/2323/1904
f 2044/2307/1905 2059/2335/1905 2058/2333/1905 2043/2308/1905
f 2052/2309/1906 2067/2336/1906 2066/2334/1906 2051/2310/1906
f 2045/2311/1907 2060/2337/1907 2059/2335/1907 2044/2307/1907
f 2053/2312/1908 2068/2338/1908 2067/2336/1908 2052/2309/1908
f 2046/2313/1909 2061/2339/1909 2060/2337/1909 2045/2311/1909
f 2054/2314/1910 2069/2340/1910 2068/2338/1910 2053/2312/1910
f 2047/2315/1911 2062/2325/1911 2061/2339/1911 2046/2313/1911
f 2055/2316/1912 2070/2327/1912 2069/2340/1912 2054/2314/1912
f 2067/2336/1913 2082/2341/1913 2081/2342/1913 2066/2334/1913
f 2060/2337/1914 2075/2343/1914 2074/2344/1914 2059/2335/1914
f 2068/2338/1915 2083/2345/1915 2082/2341/1915 2067/2336/1915
f 2061/2339/1916 2076/2346/1916 2075/2343/1916 2060/2337/1916
f 2069/2340/1917 2084/2347/1917 2083/2345/1917 2068/2338/1917
f 2062/2325/1918 2077/2348/1918 2076/2346/1918 2061/2339/1918
f 2070/2327/1919 2085/2349/1919 2084/2347/1919 2069/2340/1919
f 2063/2324/1920 2078/2350/1920 2077/2348/1920 2062/2325/1920
f 2071/2326/1921 2086/2351/1921 2085/2349/1921 2070/2327/1921
f 2064/2328/1922 2079/2352/1922 2078/2350/1922 2063/2324/1922
f 2057/2329/1923 2072/2353/1923 1809/2354/1923
f 1816/2355/1924 2086/2351/1924 2071/2326/1924
f 2065/2332/1925 2080/2356/1925 2079/2352/1925 2064/2328/1925
f 2058/2333/1926 2073/2357/1926 2072/2353/1926 2057/2329/1926
f 2066/2334/1927 2081/2342/1927 2080/2356/1927 2065/2332/1927
f 2059/2335/1928 2074/2344/1928 2073/2357/1928 2058/2333/1928
f 2086/2351/1929 2101/2358/1929 2100/2359/1929 2085/2349/1929
f 2079/2352/1930 2094/2360/1930 2093/2361/1930 2078/2350/1930
f 2072/2353/1931 2087/2362/1931 1809/2363/1931
f 1816/2364/1932 2101/2358/1932 2086/2351/1932
f 2080/2356/1933 2095/2365/1933 2094/2360/1933 2079/2352/1933
f 2073/2357/1934 2088/2366/1934 2087/2362/1934 2072/2353/1934
f 2081/2342/1935 2096/2367/1935 2095/2365/1935 2080/2356/1935
f 2074/2344/1936 2089/2368/1936 2088/2366/1936 2073/2357/1936
f 2082/2341/1937 2097/2369/1937 2096/2367/1937 2081/2342/1937
f 2075/2343/1938 2090/2370/1938 2089/2368/1938 2074/2344/1938
f 2083/2345/1939 2098/2371/1939 2097/2369/1939 2082/2341/1939
f 2076/2346/1940 2091/2372/1940 2090/2370/1940 2075/2343/1940
f 2084/2347/1941 2099/2373/1941 2098/2371/1941 2083/2345/1941
f 2077/2348/1942 2092/2374/1942 2091/2372/1942 2076/2346/1942
f 2085/2349/1943 2100/2359/1943 2099/2373/1943 2084/2347/1943
f 2078/2350/1944 2093/2361/1944 2092/2374/1944 2077/2348/1944
f 2090/2370/1945 2105/2375/1945 2104/2376/1945 2089/2368/1945
f 2098/2371/1946 2113/2377/1946 2112/2378/1946 2097/2369/1946
f 2091/2372/1947 2106/2379/1947 2105/2375/1947 2090/2370/1947
f 2099/2373/1948 2114/2380/1948 2113/2377/1948 2098/2371/1948
f 2092/2374/1949 2107/2381/1949 2106/2379/1949 2091/2372/1949
f 2100/2359/1950 2115/2382/1950 2114/2380/1950 2099/2373/1950
f 2093/2361/1951 2108/2383/1951 2107/2381/1951 2092/2374/1951
f 2101/2358/1952 2116/2384/1952 2115/2382/1952 2100/2359/1952
f 2094/2360/1953 2109/2385/1953 2108/2383/1953 2093/2361/1953
f 2087/2362/1954 2102/2386/1954 1809/2387/1954
f 1816/2388/1955 2116/2384/1955 2101/2358/1955
f 2095/2365/1956 2110/2389/1956 2109/2385/1956 2094/2360/1956
f 2088/2366/1957 2103/2390/1957 2102/2386/1957 2087/2362/1957
f 2096/2367/1958 2111/2391/1958 2110/2389/1958 2095/2365/1958
f 2089/2368/1959 2104/2376/1959 2103/2390/1959 2088/2366/1959
f 2097/2369/1960 2112/2378/1960 2111/2391/1960 2096/2367/1960
f 2109/2385/1961 2124/2392/1961 2123/2393/1961 2108/2383/1961
f 2102/2386/1962 2117/2394/1962 1809/2395/1962
f 1816/2396/1963 2131/2397/1963 2116/2384/1963
f 2110/2389/1964 2125/2398/1964 2124/2392/1964 2109/2385/1964
f 2103/2390/1965 2118/2399/1965 2117/2394/1965 2102/2386/1965
f 2111/2391/1966 2126/2400/1966 2125/2398/1966 2110/2389/1966
f 2104/2376/1967 2119/2401/1967 2118/2399/1967 2103/2390/1967
f 2112/2378/1968 2127/2402/1968 2126/2400/1968 2111/2391/1968
f 2105/2375/1969 2120/2403/1969 2119/2401/1969 2104/2376/1969
f 2113/2377/1970 2128/2404/1970 2127/2402/1970 2112/2378/1970
f 2106/2379/1971 2121/2405/1971 2120/2403/1971 2105/2375/1971
f 2114/2380/1972 2129/2406/1972 2128/2404/1972 2113/2377/1972
f 2107/2381/1973 2122/2407/1973 2121/2405/1973 2106/2379/1973
f 2115/2382/1974 2130/2408/1974 2129/2406/1974 2114/2380/1974
f 2108/2383/1975 2123/2393/1975 2122/2407/1975 2107/2381/1975
f 2116/2384/1976 2131/2397/1976 2130/2408/1976 2115/2382/1976
f 2128/2404/1977 2143/2409/1977 2142/2410/1977 2127/2402/1977
f 2121/2405/1978 2136/2411/1978 2135/2412/1978 2120/2403/1978
f 2129/2406/1979 2144/2413/1979 2143/2409/1979 2128/2404/1979
f 2122/2407/1980 2137/2414/1980 2136/2411/1980 2121/2405/1980
f 2130/2408/1981 2145/2415/1981 2144/2413/1981 2129/2406/1981
f 2123/2393/1982 2138/2416/1982 2137/2414/1982 2122/2407/1982
f 2131/2397/1983 2146/2417/1983 2145/2415/1983 2130/2408/1983
f 2124/2392/1984 2139/2418/1984 2138/2416/1984 2123/2393/1984
f 2117/2394/1985 2132/2419/1985 1809/2420/1985
f 1816/2421/1986 2146/2417/1986 2131/2397/1986
f 2125/2398/1987 2140/2422/1987 2139/2418/1987 2124/2392/1987
f 2118/2399/1988 2133/2423/1988 2132/2419/1988 2117/2394/1988
f 2126/2400/1989 2141/2424/1989 2140/2422/1989 2125/2398/1989
f 2119/2401/1990 2134/2425/1990 2133/2423/1990 2118/2399/1990
f 2127/2402/1991 2142/2410/1991 2141/2424/1991 2126/2400/1991
f 2120/2403/1992 2135/2412/1992 2134/2425/1992 2119/2401/1992
f 1816/2426/1993 2161/2427/1993 2146/2417/1993
f 2140/2422/1994 2155/2428/1994 2154/2429/1994 2139/2418/1994
f 2133/2423/1995 2148/2430/1995 2147/2431/1995 2132/2419/1995
f 2141/2424/1996 2156/2432/1996 2155/2428/1996 2140/2422/1996
f 2134/2425/1997 2149/2433/1997 2148/2430/1997 2133/2423/1997
f 2142/2410/1998 2157/2434/1998 2156/2432/1998 2141/2424/1998
f 2135/2412/1999 2150/2435/1999 2149/2433/1999 2134/2425/1999
f 2143/2409/2000 2158/2436/2000 2157/2434/2000 2142/2410/2000
f 2136/2411/2001 2151/2437/2001 2150/2435/2001 2135/2412/2001
f 2144/2413/2002 2159/2438/2002 2158/2436/2002 2143/2409/2002
f 2137/2414/2003 2152/2439/2003 2151/2437/2003 2136/2411/2003
f 2145/2415/2004 2160/2440/2004 2159/2438/2004 2144/2413/2004
f 2138/2416/2005 2153/2441/2005 2152/2439/2005 2137/2414/2005
f 2146/2417/2006 2161/2427/2006 2160/2440/2006 2145/2415/2006
f 2139/2418/2007 2154/2429/2007 2153/2441/2007 2138/2416/2007
f 2132/2419/2008 2147/2431/2008 1809/2442/2008
f 2159/2438/2009 2174/2443/2009 2173/2444/2009 2158/2436/2009
f 2152/2439/2010 2167/2445/2010 2166/2446/2010 2151/2437/2010
f 2160/2440/2011 2175/2447/2011 2174/2443/2011 2159/2438/2011
f 2153/2441/2012 2168/2448/2012 2167/2445/2012 2152/2439/2012
f 2161/2427/2013 2176/2449/2013 2175/2447/2013 2160/2440/2013
f 2154/2429/2014 2169/2450/2014 2168/2448/2014 2153/2441/2014
f 2147/2431/2015 2162/2451/2015 1809/2452/2015
f 1816/2453/2016 2176/2449/2016 2161/2427/2016
f 2155/2428/2017 2170/2454/2017 2169/2450/2017 2154/2429/2017
f 2148/2430/2018 2163/2455/2018 2162/2451/2018 2147/2431/2018
f 2156/2432/2019 2171/2456/2019 2170/2454/2019 2155/2428/2019
f 2149/2433/2020 2164/2457/2020 2163/2455/2020 2148/2430/2020
f 2157/2434/2021 2172/2458/2021 2171/2456/2021 2156/2432/2021
f 2150/2435/2022 2165/2459/2022 2164/2457/2022 2149/2433/2022
f 2158/2436/2023 2173/2444/2023 2172/2458/2023 2157/2434/2023
f 2151/2437/2024 2166/2446/2024 2165/2459/2024 2150/2435/2024
f 2163/2460/2025 2178/2461/2025 2177/2462/2025 2162/2463/2025
f 2171/2464/2026 2186/2465/2026 2185/2466/2026 2170/2467/2026
f 2164/2468/2027 2179/2469/2027 2178/2461/2027 2163/2460/2027
f 2172/2470/2028 2187/2471/2028 2186/2465/2028 2171/2464/2028
f 2165/2472/2029 2180/2473/2029 2179/2469/2029 2164/2468/2029
f 2173/2474/2030 2188/2475/2030 2187/2471/2030 2172/2470/2030
f 2166/2476/2031 2181/2477/2031 2180/2473/2031 2165/2472/2031
f 2174/2478/2032 2189/2479/2032 2188/2475/2032 2173/2474/2032
f 2167/2480/2033 2182/2481/2033 2181/2477/2033 2166/2476/2033
f 2175/2482/2034 2190/2483/2034 2189/2479/2034 2174/2478/2034
f 2168/2484/2035 2183/2485/2035 2182/2481/2035 2167/2480/2035
f 2176/2486/2036 2191/2487/2036 2190/2483/2036 2175/2482/2036
f 2169/2488/2037 2184/2489/2037 2183/2485/2037 2168/2484/2037
f 2162/2463/2038 2177/2462/2038 1809/2490/2038
f 1816/2491/2039 2191/2487/2039 2176/2486/2039
f 2170/2467/2040 2185/2466/2040 2184/2489/2040 2169/2488/2040
f 2182/2481/2041 2197/2492/2041 2196/2493/2041 2181/2477/2041
f 2190/2483/2042 2205/2494/2042 2204/2495/2042 2189/2479/2042
f 2183/2485/2043 2198/2496/2043 2197/2492/2043 2182/2481/2043
f 2191/2487/2044 2206/2497/2044 2205/2494/2044 2190/2483/2044
f 2184/2489/2045 2199/2498/2045 2198/2496/2045 2183/2485/2045
f 2177/2462/2046 2192/2499/2046 1809/2500/2046
f 1816/2501/2047 2206/2497/2047 2191/2487/2047
f 2185/2466/2048 2200/2502/2048 2199/2498/2048 2184/2489/2048
f 2178/2461/2049 2193/2503/2049 2192/2499/2049 2177/2462/2049
f 2186/2465/2050 2201/2504/2050 2200/2502/2050 2185/2466/2050
f 2179/2469/2051 2194/2505/2051 2193/2503/2051 2178/2461/2051
f 2187/2471/2052 2202/2506/2052 2201/2504/2052 2186/2465/2052
f 2180/2473/2053 2195/2507/2053 2194/2505/2053 2179/2469/2053
f 2188/2475/2054 2203/2508/2054 2202/2506/2054 2187/2471/2054
f 2181/2477/2055 2196/2493/2055 2195/2507/2055 2180/2473/2055
f 2189/2479/2056 2204/2495/2056 2203/2508/2056 2188/2475/2056
f 2201/2504/2057 2216/2509/2057 2215/2510/2057 2200/2502/2057
f 2194/2505/2058 2209/2511/2058 2208/2512/2058 2193/2503/2058
f 2202/2506/2059 2217/2513/2059 2216/2509/2059 2201/2504/2059
f 2195/2507/2060 2210/2514/2060 2209/2511/2060 2194/2505/2060
f 2203/2508/2061 2218/2515/2061 2217/2513/2061 2202/2506/2061
f 2196/2493/2062 2211/2516/2062 2210/2514/2062 2195/2507/2062
f 2204/2495/2063 2219/2517/2063 2218/2515/2063 2203/2508/2063
f 2197/2492/2064 2212/2518/2064 2211/2516/2064 2196/2493/2064
f 2205/2494/2065 2220/2519/2065 2219/2517/2065 2204/2495/2065
f 2198/2496/2066 2213/2520/2066 2212/2518/2066 2197/2492/2066
f 2206/2497/2067 2221/2521/2067 2220/2519/2067 2205/2494/2067
f 2199/2498/2068 2214/2522/2068 2213/2520/2068 2198/2496/2068
f 2192/2499/2069 2207/2523/2069 1809/2524/2069
f 1816/2525/2070 2221/2521/2070 2206/2497/2070
f 2200/2502/2071 2215/2510/2071 2214/2522/2071 2199/2498/2071
f 2193/2503/2072 2208/2512/2072 2207/2523/2072 2192/2499/2072
f 2220/2519/2073 2235/2526/2073 2234/2527/2073 2219/2517/2073
f 2213/2520/2074 2228/2528/2074 2227/2529/2074 2212/2518/2074
f 2221/2521/2075 2236/2530/2075 2235/2526/2075 2220/2519/2075
f 2214/2522/2076 2229/2531/2076 2228/2528/2076 2213/2520/2076
f 2207/2523/2077 2222/2532/2077 1809/2533/2077
f 1816/2534/2078 2236/2530/2078 2221/2521/2078
f 2215/2510/2079 2230/2535/2079 2229/2531/2079 2214/2522/2079
f 2208/2512/2080 2223/2536/2080 2222/2532/2080 2207/2523/2080
f 2216/2509/2081 2231/2537/2081 2230/2535/2081 2215/2510/2081
f 2209/2511/2082 2224/2538/2082 2223/2536/2082 2208/2512/2082
f 2217/2513/2083 2232/2539/2083 2231/2537/2083 2216/2509/2083
f 2210/2514/2084 2225/2540/2084 2224/2538/2084 2209/2511/2084
f 2218/2515/2085 2233/2541/2085 2232/2539/2085 2217/2513/2085
f 2211/2516/2086 2226/2542/2086 2225/2540/2086 2210/2514/2086
f 2219/2517/2087 2234/2527/2087 2233/2541/2087 2218/2515/2087
f 2212/2518/2088 2227/2529/2088 2226/2542/2088 2211/2516/2088
f 2224/2538/2089 2239/2543/2089 2238/2544/2089 2223/2536/2089
f 2232/2539/2090 2247/2545/2090 2246/2546/2090 2231/2537/2090
f 2225/2540/2091 2240/2547/2091 2239/2543/2091 2224/2538/2091
f 2233/2541/2092 2248/2548/2092 2247/2545/2092 2232/2539/2092
f 2226/2542/2093 2241/2549/2093 2240/2547/2093 2225/2540/2093
f 2234/2527/2094 2249/2550/2094 2248/2548/2094 2233/2541/2094
f 2227/2529/2095 2242/2551/2095 2241/2549/2095 2226/2542/2095
f 2235/2526/2096 2250/2552/2096 2249/2550/2096 2234/2527/2096
f 2228/2528/2097 2243/2553/2097 2242/2551/2097 2227/2529/2097
f 2236/2530/2098 2251/2554/2098 2250/2552/2098 2235/2526/2098
f 2229/2531/2099 2244/2555/2099 2243/2553/2099 2228/2528/2099
f 2222/2532/2100 2237/2556/2100 1809/2557/2100
f 1816/2558/2101 2251/2554/2101 2236/2530/2101
f 2230/2535/2102 2245/2559/2102 2244/2555/2102 2229/2531/2102
f 2223/2536/2103 2238/2544/2103 2237/2556/2103 2222/2532/2103
f 2231/2537/2104 2246/2546/2104 2245/2559/2104 2230/2535/2104
f 2243/2553/2105 2258/2560/2105 2257/2561/2105 2242/2551/2105
f 2251/2554/2106 2266/2562/2106 2265/2563/2106 2250/2552/2106
f 2244/2555/2107 2259/2564/2107 2258/2560/2107 2243/2553/2107
f 2237/2556/2108 2252/2565/2108 1809/2566/2108
f 1816/2567/2109 2266/2562/2109 2251/2554/2109
f 2245/2559/2110 2260/2568/2110 2259/2564/2110 2244/2555/2110
f 2238/2544/2111 2253/2569/2111 2252/2565/2111 2237/2556/2111
f 2246/2546/2112 2261/2570/2112 2260/2568/2112 2245/2559/2112
f 2239/2543/2113 2254/2571/2113 2253/2569/2113 2238/2544/2113
f 2247/2545/2114 2262/2572/2114 2261/2570/2114 2246/2546/2114
f 2240/2547/2115 2255/2573/2115 2254/2571/2115 2239/2543/2115
f 2248/2548/2116 2263/2574/2116 2262/2572/2116 2247/2545/2116
f 2241/2549/2117 2256/2575/2117 2255/2573/2117 2240/2547/2117
f 2249/2550/2118 2264/2576/2118 2263/2574/2118 2248/2548/2118
f 2242/2551/2119 2257/2561/2119 2256/2575/2119 2241/2549/2119
f 2250/2552/2120 2265/2563/2120 2264/2576/2120 2249/2550/2120
f 2262/2572/2121 2277/2577/2121 2276/2578/2121 2261/2570/2121
f 2255/2573/2122 2270/2579/2122 2269/2580/2122 2254/2571/2122
f 2263/2574/2123 2278/2581/2123 2277/2577/2123 2262/2572/2123
f 2256/2575/2124 2271/2582/2124 2270/2579/2124 2255/2573/2124
f 2264/2576/2125 2279/2583/2125 2278/2581/2125 2263/2574/2125
f 2257/2561/2126 2272/2584/2126 2271/2582/2126 2256/2575/2126
f 2265/2563/2127 2280/2585/2127 2279/2583/2127 2264/2576/2127
f 2258/2560/2128 2273/2586/2128 2272/2584/2128 2257/2561/2128
f 2266/2562/2129 2281/2587/2129 2280/2585/2129 2265/2563/2129
f 2259/2564/2130 2274/2588/2130 2273/2586/2130 2258/2560/2130
f 2252/2565/2131 2267/2589/2131 1809/2590/2131
f 1816/2591/2132 2281/2587/2132 2266/2562/2132
f 2260/2568/2133 2275/2592/2133 2274/2588/2133 2259/2564/2133
f 2253/2569/2134 2268/2593/2134 2267/2589/2134 2252/2565/2134
f 2261/2570/2135 2276/2578/2135 2275/2592/2135 2260/2568/2135
f 2254/2571/2136 2269/2580/2136 2268/2593/2136 2253/2569/2136
f 2281/2587/2137 2290/2037/2137 2289/2040/2137 2280/2585/2137
f 2274/2588/2138 1813/2041/2138 1812/2044/2138 2273/2586/2138
f 2267/2589/2139 2282/2045/2139 1809/2594/2139
f 1816/2595/2140 2290/2037/2140 2281/2587/2140
f 2275/2592/2141 1814/2049/2141 1813/2041/2141 2274/2588/2141
f 2268/2593/2142 2283/2051/2142 2282/2045/2142 2267/2589/2142
f 2276/2578/2143 2286/2053/2143 1814/2049/2143 2275/2592/2143
f 2269/2580/2144 1810/2055/2144 2283/2051/2144 2268/2593/2144
f 2277/2577/2145 1815/2057/2145 2286/2053/2145 2276/2578/2145
f 2270/2579/2146 2284/2059/2146 1810/2055/2146 2269/2580/2146
f 2278/2581/2147 2287/2061/2147 1815/2057/2147 2277/2577/2147
f 2271/2582/2148 1811/2063/2148 2284/2059/2148 2270/2579/2148
f 2279/2583/2149 2288/2065/2149 2287/2061/2149 2278/2581/2149
f 2272/2584/2150 2285/2067/2150 1811/2063/2150 2271/2582/2150
f 2280/2585/2151 2289/2040/2151 2288/2065/2151 2279/2583/2151
f 2273/2586/2152 1812/2044/2152 2285/2067/2152 2272/2584/2152
f 2319/2596/2153 27/2597/2153 2301/2598/2153
f 2437/2599/2154 28/2600/2154 2302/2601/2154
f 31/2602/2155 71/2603/2155 43/2604/2155 41/2605/2155
f 2395/2606/2156 2359/2607/2156 2312/2607/2156
f 2446/2608/2157 2358/2609/2157 2314/2609/2157 2438/2608/2157
f 2384/2610/2158 57/2611/2158 2303/2612/2158
f 2394/2613/2159 27/2614/2159 2304/2615/2159
f 2363/2616/2160 2356/2617/2160 2306/2617/2160 2331/2616/2160
f 2469/2618/2161 2357/2619/2161 2313/2619/2161 2470/2618/2161
f 2374/2620/2162 132/2621/2162 2305/2622/2162
f 2372/2623/2163 2374/2620/2163 2305/2622/2163 2300/2624/2163
f 2435/2608/2164 31/2625/2164 2299/2609/2164
f 2463/2618/2165 29/2626/2165 2298/2619/2165
f 2392/2606/2166 2394/2613/2166 2304/2615/2166 2297/2607/2166
f 2451/2627/2164 31/2628/2164 2295/2629/2164
f 2383/2630/2163 2384/2610/2163 2303/2612/2163 2296/2631/2163
f 2330/2616/2167 31/2632/2167 2291/2617/2167
f 2436/2633/2168 2437/2599/2168 2302/2601/2168 2293/2634/2168
f 2316/2635/2169 2319/2596/2169 2301/2598/2169 2294/2636/2169
f 2477/2637/2165 29/2638/2165 2292/2639/2165
f 2386/2640/2170 2385/2630/2170 2311/2631/2170 2322/2641/2170
f 2396/2642/2171 2395/2606/2171 2312/2607/2171 2323/2643/2171
f 2376/2644/2172 2375/2623/2172 2315/2624/2172 2324/2645/2172
f 2445/2646/2173 2367/2634/2173 2308/2634/2173 2439/2646/2173
f 2375/2623/2174 2369/2624/2174 2315/2624/2174
f 2360/2635/2175 2368/2636/2175 2309/2636/2175 2320/2635/2175
f 2385/2630/2176 2370/2631/2176 2311/2631/2176
f 2457/2627/2161 2366/2629/2161 2310/2629/2161 2458/2627/2161
f 2483/2637/2177 2371/2639/2177 2307/2639/2177 2476/2637/2177
f 2365/2647/2178 2360/2635/2178 2320/2635/2178 2336/2647/2178
f 2378/2648/2179 2376/2644/2179 2324/2645/2179 2339/2649/2179
f 2398/2650/2180 2396/2642/2180 2323/2643/2180 2338/2651/2180
f 2388/2652/2179 2386/2640/2179 2322/2641/2179 2337/2653/2179
f 2442/2654/2179 2440/2655/2179 2321/2656/2179 2333/2657/2179
f 2334/2647/2181 65/2658/2181 2319/2596/2181 2316/2635/2181
f 2293/2634/2182 2302/2601/2182 2318/2659/2182 2317/2660/2182
f 2367/2634/2183 2361/2660/2183 2321/2660/2183 2308/2634/2183
f 2302/2601/2184 28/2661/2184 2318/2659/2184
f 65/2658/2185 64/2662/2185 27/2663/2185 2319/2596/2185
f 2292/2639/2186 29/2664/2186 2325/2665/2186
f 2438/2666/2187 2441/2667/2187 2331/2668/2187 2306/2669/2187
f 2310/2670/2188 2387/2671/2188 2327/2672/2188
f 2313/2673/2189 2397/2674/2189 2328/2675/2189
f 2314/2676/2188 2377/2677/2188 2329/2678/2188
f 2371/2639/2190 2362/2665/2190 2326/2665/2190 2307/2639/2190
f 2491/2679/2191 2486/2680/2191 31/2602/2191 2330/2616/2191
f 2496/2681/2192 2363/2616/2192 2331/2616/2192 2492/2681/2192
f 2486/2680/2193 71/2603/2193 31/2602/2193
f 2318/2659/2194 28/2661/2194 71/2682/2194 2335/2683/2194
f 2361/2660/2195 2364/2684/2195 2333/2684/2195 2321/2660/2195
f 2317/2660/2182 2318/2659/2182 2335/2683/2182 2332/2684/2182
f 29/2685/2196 42/2686/2196 64/2662/2196 65/2658/2196
f 2485/2687/2197 29/2685/2197 65/2658/2197 2334/2647/2197
f 2503/2688/2179 2442/2654/2179 2333/2657/2179 2492/2689/2179
f 2498/2690/2179 2388/2652/2179 2337/2653/2179 2488/2691/2179
f 2499/2692/2180 2398/2650/2180 2338/2651/2180 2489/2693/2180
f 2497/2694/2179 2378/2648/2179 2339/2649/2179 2490/2695/2179
f 2495/2687/2178 2365/2647/2178 2336/2647/2178 2487/2687/2178
f 2485/2687/2178 2334/2647/2178 2355/2647/2178 2493/2687/2178
f 2317/2660/2198 2332/2684/2198 2354/2684/2198 2351/2660/2198
f 2491/2679/2199 2330/2616/2199 2353/2616/2199 2472/2679/2199
f 2292/2639/2178 2325/2665/2178 2352/2665/2178 2349/2639/2178
f 2293/2634/2200 2317/2660/2200 2351/2660/2200 2343/2634/2200
f 2334/2647/2178 2316/2635/2178 2350/2635/2178 2355/2647/2178
f 2477/2637/2201 2292/2639/2201 2349/2639/2201 2482/2637/2201
f 2451/2627/2201 2295/2629/2201 2341/2629/2201 2456/2627/2201
f 2383/2630/2202 2296/2631/2202 2348/2631/2202 2389/2630/2202
f 2316/2635/2203 2294/2636/2203 2346/2636/2203 2350/2635/2203
f 2372/2623/2204 2300/2624/2204 2347/2624/2204 2380/2623/2204
f 2436/2633/2205 2293/2634/2205 2343/2634/2205 2443/2646/2205
f 2463/2618/2201 2298/2619/2201 2342/2619/2201 2468/2618/2201
f 2330/2616/2206 2291/2617/2206 2340/2617/2206 2353/2616/2206
f 2435/2608/2201 2299/2609/2201 2344/2609/2201 2444/2608/2201
f 2392/2606/2207 2297/2607/2207 2345/2607/2207 2400/2606/2207
f 2493/2687/2178 2355/2647/2178 2365/2647/2178 2495/2687/2178
f 2351/2660/2208 2354/2684/2208 2364/2684/2208 2361/2660/2208
f 2349/2639/2178 2352/2665/2178 2362/2665/2178 2371/2639/2178
f 2343/2634/2209 2351/2660/2209 2361/2660/2209 2367/2634/2209
f 2355/2647/2178 2350/2635/2178 2360/2635/2178 2365/2647/2178
f 2482/2637/2201 2349/2639/2201 2371/2639/2201 2483/2637/2201
f 2456/2627/2201 2341/2629/2201 2366/2629/2201 2457/2627/2201
f 2389/2630/2210 2348/2631/2210 2370/2631/2210 2385/2630/2210
f 2350/2635/2211 2346/2636/2211 2368/2636/2211 2360/2635/2211
f 2380/2623/2212 2347/2624/2212 2369/2624/2212 2375/2623/2212
f 2443/2646/2213 2343/2634/2213 2367/2634/2213 2445/2646/2213
f 2468/2618/2201 2342/2619/2201 2357/2619/2201 2469/2618/2201
f 2353/2616/2214 2340/2617/2214 2356/2617/2214 2363/2616/2214
f 2444/2608/2201 2344/2609/2201 2358/2609/2201 2446/2608/2201
f 2400/2606/2215 2345/2607/2215 2359/2607/2215 2395/2606/2215
f 2404/2696/2216 2380/2623/2216 2375/2623/2216 2405/2696/2216
f 2344/2609/2201 2379/2697/2201 2381/2697/2201 2358/2609/2201
f 2402/2696/2204 2372/2623/2204 2380/2623/2204 2404/2696/2204
f 2299/2609/2201 2373/2697/2201 2379/2697/2201 2344/2609/2201
f 2500/2698/2179 2410/2699/2179 2378/2648/2179 2497/2694/2179
f 2314/2700/2188 2409/2701/2188 2377/2677/2188
f 2410/2699/2179 2408/2702/2179 2376/2644/2179 2378/2648/2179
f 2358/2609/2161 2381/2697/2161 2314/2609/2161
f 2405/2696/2217 2375/2623/2217 2403/2696/2217
f 2408/2702/2218 2403/2696/2218 2375/2623/2218 2376/2644/2218
f 2299/2609/2164 31/2703/2164 2373/2697/2164
f 2402/2696/2163 2407/2704/2163 2374/2620/2163 2372/2623/2163
f 2407/2704/2162 132/2705/2162 2374/2620/2162
f 2341/2629/2201 2390/2706/2201 2391/2706/2201 2366/2629/2201
f 2415/2707/2219 2389/2630/2219 2385/2630/2219 2416/2707/2219
f 2295/2629/2201 2382/2706/2201 2390/2706/2201 2341/2629/2201
f 2413/2707/2220 2383/2630/2220 2389/2630/2220 2415/2707/2220
f 2501/2708/2179 2421/2709/2179 2388/2652/2179 2498/2690/2179
f 2310/2710/2188 2420/2711/2188 2387/2671/2188
f 2421/2709/2179 2419/2712/2179 2386/2640/2179 2388/2652/2179
f 2416/2707/2221 2385/2630/2221 2414/2707/2221
f 2419/2712/2222 2414/2707/2222 2385/2630/2222 2386/2640/2222
f 2413/2707/2163 2418/2713/2163 2384/2610/2163 2383/2630/2163
f 2295/2629/2223 31/2714/2223 2382/2706/2223
f 2366/2629/2161 2391/2706/2161 2310/2629/2161
f 2418/2713/2158 57/2715/2158 2384/2610/2158
f 2426/2716/2224 2400/2606/2224 2395/2606/2224 2427/2716/2224
f 2342/2619/2201 2399/2717/2201 2401/2717/2201 2357/2619/2201
f 2424/2716/2225 2392/2606/2225 2400/2606/2225 2426/2716/2225
f 2298/2619/2201 2393/2717/2201 2399/2717/2201 2342/2619/2201
f 2502/2718/2179 2432/2719/2179 2398/2650/2179 2499/2692/2179
f 2313/2720/2189 2431/2721/2189 2397/2674/2189
f 2432/2719/2226 2430/2722/2226 2396/2642/2226 2398/2650/2226
f 2357/2619/2161 2401/2717/2161 2313/2619/2161
f 2430/2722/2227 2425/2716/2227 2395/2606/2227 2396/2642/2227
f 2298/2619/2165 29/2723/2165 2393/2717/2165
f 2424/2716/2166 2429/2724/2166 2394/2613/2166 2392/2606/2166
f 2429/2724/2159 27/2725/2159 2394/2613/2159
f 2427/2716/2228 2395/2606/2228 2425/2716/2228
f 2452/2726/2229 92/2727/2229 132/2728/2229 2407/2704/2229
f 2447/2729/2163 2452/2726/2163 2407/2704/2163 2402/2696/2163
f 2450/2729/2230 2405/2696/2230 2403/2696/2230 2448/2729/2230
f 2455/2730/2179 2453/2731/2179 2408/2702/2179 2410/2699/2179
f 2458/2732/2188 2454/2733/2188 2409/2701/2188 2314/2700/2188
f 2504/2734/2179 2455/2730/2179 2410/2699/2179 2500/2698/2179
f 2447/2729/2231 2402/2696/2231 2404/2696/2231 2449/2729/2231
f 2449/2729/2232 2404/2696/2232 2405/2696/2232 2450/2729/2232
f 2379/2697/2201 2411/2735/2201 2412/2735/2201 2381/2697/2201
f 2373/2697/2201 2406/2735/2201 2411/2735/2201 2379/2697/2201
f 2381/2697/2161 2412/2735/2161 2314/2697/2161
f 2373/2697/2164 31/2736/2164 2406/2735/2164
f 2464/2737/2233 116/2738/2233 57/2739/2233 2418/2713/2233
f 2459/2740/2163 2464/2737/2163 2418/2713/2163 2413/2707/2163
f 2462/2740/2234 2416/2707/2234 2414/2707/2234 2460/2740/2234
f 2467/2741/2179 2465/2742/2179 2419/2712/2179 2421/2709/2179
f 2470/2743/2188 2466/2744/2188 2420/2711/2188 2310/2710/2188
f 2505/2745/2179 2467/2741/2179 2421/2709/2179 2501/2708/2179
f 2459/2740/2235 2413/2707/2235 2415/2707/2235 2461/2740/2235
f 2461/2740/2236 2415/2707/2236 2416/2707/2236 2462/2740/2236
f 2390/2706/2201 2422/2746/2201 2423/2746/2201 2391/2706/2201
f 2382/2706/2201 2417/2746/2201 2422/2746/2201 2390/2706/2201
f 2382/2706/2164 31/2747/2164 2417/2746/2164
f 2391/2706/2161 2423/2746/2161 2310/2706/2161
f 2475/2748/2237 2427/2716/2237 2425/2716/2237 2471/2748/2237
f 2478/2749/2159 27/2750/2159 2429/2724/2159
f 2473/2748/2166 2478/2749/2166 2429/2724/2166 2424/2716/2166
f 2481/2751/2179 2479/2752/2179 2430/2722/2179 2432/2719/2179
f 2476/2753/2238 2480/2754/2238 2431/2721/2238 2313/2720/2238
f 2506/2755/2179 2481/2751/2179 2432/2719/2179 2502/2718/2179
f 2473/2748/2239 2424/2716/2239 2426/2716/2239 2474/2748/2239
f 2474/2748/2240 2426/2716/2240 2427/2716/2240 2475/2748/2240
f 2399/2717/2201 2433/2756/2201 2434/2756/2201 2401/2717/2201
f 2393/2717/2201 2428/2756/2201 2433/2756/2201 2399/2717/2201
f 2401/2717/2161 2434/2756/2161 2313/2717/2161
f 2393/2717/2165 29/2757/2165 2428/2756/2165
f 2340/2758/2201 2444/2608/2201 2446/2608/2201 2356/2758/2201
f 2347/2624/2241 2443/2646/2241 2445/2646/2241 2369/2624/2241
f 2291/2758/2201 2435/2608/2201 2444/2608/2201 2340/2758/2201
f 2300/2624/2242 2436/2633/2242 2443/2646/2242 2347/2624/2242
f 2490/2695/2179 2339/2649/2179 2442/2654/2179 2503/2688/2179
f 2314/2759/2243 2329/2678/2243 2441/2667/2243 2438/2666/2243
f 2339/2649/2179 2324/2645/2179 2440/2655/2179 2442/2654/2179
f 2369/2624/2244 2445/2646/2244 2439/2646/2244 2315/2624/2244
f 2300/2624/2168 2305/2622/2168 2437/2599/2168 2436/2633/2168
f 2291/2758/2164 31/2760/2164 2435/2608/2164
f 2356/2758/2245 2446/2608/2245 2438/2608/2245 2306/2758/2245
f 2305/2622/2246 132/2621/2246 28/2761/2246 2437/2599/2246
f 2348/2631/2247 2449/2729/2247 2450/2729/2247 2370/2631/2247
f 2296/2631/2248 2447/2729/2248 2449/2729/2248 2348/2631/2248
f 2488/2691/2179 2337/2653/2179 2455/2730/2179 2504/2734/2179
f 2310/2762/2188 2327/2672/2188 2454/2733/2188 2458/2732/2188
f 2337/2653/2179 2322/2641/2179 2453/2731/2179 2455/2730/2179
f 2370/2631/2249 2450/2729/2249 2448/2729/2249 2311/2631/2249
f 2296/2631/2163 2303/2612/2163 2452/2726/2163 2447/2729/2163
f 2303/2612/2250 57/2611/2250 92/2727/2250 2452/2726/2250
f 2411/2735/2201 2456/2627/2201 2457/2627/2201 2412/2735/2201
f 2406/2735/2201 2451/2627/2201 2456/2627/2201 2411/2735/2201
f 2412/2735/2161 2457/2627/2161 2458/2627/2161 2314/2735/2161
f 2406/2735/2164 31/2763/2164 2451/2627/2164
f 2345/2607/2251 2461/2740/2251 2462/2740/2251 2359/2607/2251
f 2297/2607/2252 2459/2740/2252 2461/2740/2252 2345/2607/2252
f 2489/2693/2179 2338/2651/2179 2467/2741/2179 2505/2745/2179
f 2313/2764/2188 2328/2675/2188 2466/2744/2188 2470/2743/2188
f 2338/2651/2179 2323/2643/2179 2465/2742/2179 2467/2741/2179
f 2359/2607/2253 2462/2740/2253 2460/2740/2253 2312/2607/2253
f 2297/2607/2163 2304/2615/2163 2464/2737/2163 2459/2740/2163
f 2304/2615/2254 27/2614/2254 116/2738/2254 2464/2737/2254
f 2422/2746/2201 2468/2618/2201 2469/2618/2201 2423/2746/2201
f 2417/2746/2201 2463/2618/2201 2468/2618/2201 2422/2746/2201
f 2417/2746/2255 31/2747/2255 29/2765/2255 2463/2618/2255
f 2423/2746/2161 2469/2618/2161 2470/2618/2161 2310/2746/2161
f 2453/2731/2256 2322/2641/2256 2311/2641/2256 2448/2731/2256
f 2419/2712/2257 2465/2742/2257 2460/2742/2257 2414/2712/2257
f 2408/2702/2258 2453/2731/2258 2448/2731/2258 2403/2702/2258
f 2465/2742/2259 2323/2643/2259 2312/2643/2259 2460/2742/2259
f 2479/2752/2260 2320/2766/2260 2309/2766/2260 2471/2752/2260
f 2430/2722/2261 2479/2752/2261 2471/2752/2261 2425/2722/2261
f 2346/2636/2262 2474/2748/2262 2475/2748/2262 2368/2636/2262
f 2294/2636/2263 2473/2748/2263 2474/2748/2263 2346/2636/2263
f 2487/2767/2179 2336/2768/2179 2481/2751/2179 2506/2755/2179
f 2307/2769/2264 2326/2770/2264 2480/2754/2264 2476/2753/2264
f 2336/2768/2179 2320/2766/2179 2479/2752/2179 2481/2751/2179
f 2294/2636/2166 2301/2598/2166 2478/2749/2166 2473/2748/2166
f 2301/2598/2159 27/2771/2159 2478/2749/2159
f 2368/2636/2265 2475/2748/2265 2471/2748/2265 2309/2636/2265
f 2433/2756/2201 2482/2637/2201 2483/2637/2201 2434/2756/2201
f 2428/2756/2201 2477/2637/2201 2482/2637/2201 2433/2756/2201
f 2434/2756/2266 2483/2637/2266 2476/2637/2266 2313/2756/2266
f 2428/2756/2165 29/2772/2165 2477/2637/2165
f 2326/2770/2179 2487/2767/2179 2506/2755/2179 2480/2754/2179
f 2328/2675/2179 2489/2693/2179 2505/2745/2179 2466/2744/2179
f 2327/2672/2179 2488/2691/2179 2504/2734/2179 2454/2733/2179
f 2329/2678/2179 2490/2695/2179 2503/2688/2179 2441/2667/2179
f 2480/2754/2179 2506/2755/2179 2502/2718/2179 2431/2721/2179
f 2466/2744/2179 2505/2745/2179 2501/2708/2179 2420/2711/2179
f 2454/2733/2179 2504/2734/2179 2500/2698/2179 2409/2701/2179
f 2431/2721/2179 2502/2718/2179 2499/2692/2179 2397/2674/2179
f 2420/2711/2179 2501/2708/2179 2498/2690/2179 2387/2671/2179
f 2409/2701/2179 2500/2698/2179 2497/2694/2179 2377/2677/2179
f 2352/2665/2178 2493/2687/2178 2495/2687/2178 2362/2665/2178
f 2332/2684/2267 2491/2679/2267 2472/2679/2267 2354/2684/2267
f 2325/2665/2178 2485/2687/2178 2493/2687/2178 2352/2665/2178
f 2362/2665/2178 2495/2687/2178 2487/2687/2178 2326/2665/2178
f 2377/2677/2179 2497/2694/2179 2490/2695/2179 2329/2678/2179
f 2397/2674/2179 2499/2692/2179 2489/2693/2179 2328/2675/2179
f 2387/2671/2179 2498/2690/2179 2488/2691/2179 2327/2672/2179
f 2441/2667/2179 2503/2688/2179 2492/2689/2179 2331/2668/2179
f 2325/2665/2186 29/2685/2186 2485/2687/2186
f 2335/2683/2268 71/2773/2268 2486/2680/2268
f 2364/2684/2269 2496/2681/2269 2492/2681/2269 2333/2684/2269
f 2332/2684/2182 2335/2683/2182 2486/2680/2182 2491/2679/2182
f 2535/2774/2270 2517/2775/2270 170/2776/2270
f 2609/2777/2271 2528/2778/2271 2574/2778/2271
f 2659/2779/2272 2651/2779/2272 2530/2780/2272 2573/2780/2272
f 2598/2781/2273 2519/2782/2273 198/2783/2273
f 2608/2784/2274 2520/2785/2274 258/2786/2274
f 2578/2787/2275 2547/2787/2275 2522/2788/2275 2571/2788/2275
f 2681/2789/2276 2682/2789/2276 2529/2790/2276 2572/2790/2276
f 2587/2791/2277 2516/2792/2277 2521/2793/2277
f 2648/2779/2278 2515/2780/2278 171/2794/2278
f 2675/2789/2278 2514/2790/2278 171/2795/2278
f 2606/2777/2279 2513/2778/2279 2520/2785/2279 2608/2784/2279
f 2664/2796/2278 2511/2797/2278 171/2798/2278
f 2597/2799/2280 2512/2800/2280 2519/2782/2280 2598/2781/2280
f 2546/2787/2281 2507/2788/2281 171/2801/2281
f 2649/2802/2282 2509/2803/2282 2518/2804/2282 2650/2805/2282
f 2532/2806/2283 2510/2807/2283 2517/2775/2283 2535/2774/2283
f 2689/2808/2278 2508/2809/2278 171/2810/2278
f 2600/2811/2284 2538/2812/2284 2527/2800/2284 2599/2799/2284
f 2610/2813/2285 2539/2814/2285 2528/2778/2285 2609/2777/2285
f 2590/2815/2286 2540/2816/2286 2531/2792/2286 2589/2791/2286
f 2658/2817/2287 2652/2817/2287 2524/2803/2287 2582/2803/2287
f 2589/2791/2288 2531/2792/2288 2584/2792/2288
f 2575/2806/2289 2536/2806/2289 2525/2807/2289 2583/2807/2289
f 2599/2799/2290 2527/2800/2290 2585/2800/2290
f 2669/2796/2276 2670/2796/2276 2526/2797/2276 2581/2797/2276
f 2695/2808/2291 2688/2808/2291 2523/2809/2291 2586/2809/2291
f 2580/2818/2292 2553/2818/2292 2536/2806/2292 2575/2806/2292
f 2592/2819/2293 2556/2820/2293 2540/2816/2293 2590/2815/2293
f 2612/2821/2294 2555/2822/2294 2539/2814/2294 2610/2813/2294
f 2602/2823/2294 2554/2824/2294 2538/2812/2294 2600/2811/2294
f 2655/2825/2294 2550/2826/2294 2537/2827/2294 2653/2828/2294
f 2551/2818/2295 2532/2806/2295 2535/2774/2295 2549/2829/2295
f 2509/2803/2296 2533/2830/2296 2534/2831/2296 2518/2804/2296
f 2582/2803/2297 2524/2803/2297 2537/2830/2297 2576/2832/2297
f 2549/2829/2298 2535/2774/2298 170/2776/2298 206/2833/2298
f 184/165/2299 2733/176/2299 2552/176/2299 2737/165/2299
f 2508/2809/2300 2541/2834/2300 182/2835/2300 171/2836/2300
f 2651/2837/2301 2522/2838/2301 2547/2839/2301 2654/2840/2301
f 2526/2841/2302 2543/2842/2302 2601/2843/2302
f 2529/2844/2303 2544/2845/2303 2611/2846/2303
f 2530/2847/2302 2545/2848/2302 2591/2849/2302
f 2586/2809/2304 2523/2809/2304 2542/2834/2304 2577/2834/2304
f 2702/2850/2305 2546/2787/2305 171/2801/2305 2697/2851/2305
f 2708/2850/2306 2704/2850/2306 2547/2787/2306 2578/2787/2306
f 2576/2832/2307 2537/2830/2307 2550/2852/2307 2579/2852/2307
f 2533/2830/2308 2548/2852/2308 2552/2853/2308 2534/2831/2308
f 2703/2854/2309 2549/2829/2309 206/2855/2309
f 2696/2856/2310 2551/2818/2310 2549/2829/2310 2703/2854/2310
f 2715/2857/2294 2704/2858/2294 2550/2826/2294 2655/2825/2294
f 2710/2859/2311 2699/2860/2311 2554/2824/2311 2602/2823/2311
f 2711/2861/2294 2700/2862/2294 2555/2822/2294 2612/2821/2294
f 2709/2863/2312 2701/2864/2312 2556/2820/2312 2592/2819/2312
f 2707/2856/2292 2698/2856/2292 2553/2818/2292 2580/2818/2292
f 2696/2856/2292 2705/2856/2292 2570/2818/2292 2551/2818/2292
f 2533/2830/2313 2568/2830/2313 2494/2852/2313 2548/2852/2313
f 2702/2850/2314 2706/2850/2314 2484/2787/2314 2546/2787/2314
f 2508/2809/2292 2566/2809/2292 2569/2834/2292 2541/2834/2292
f 2509/2803/2315 2560/2803/2315 2568/2830/2315 2533/2830/2315
f 2551/2818/2292 2570/2818/2292 2567/2806/2292 2532/2806/2292
f 2689/2808/2316 2694/2808/2316 2566/2809/2316 2508/2809/2316
f 2664/2796/2316 2668/2796/2316 2558/2797/2316 2511/2797/2316
f 2597/2799/2317 2603/2799/2317 2565/2800/2317 2512/2800/2317
f 2532/2806/2318 2567/2806/2318 2563/2807/2318 2510/2807/2318
f 2587/2791/2319 2594/2865/2319 2564/2792/2319 2516/2792/2319
f 2649/2802/2320 2656/2817/2320 2560/2803/2320 2509/2803/2320
f 2675/2789/2316 2680/2789/2316 2559/2790/2316 2514/2790/2316
f 2546/2787/2321 2484/2787/2321 2557/2788/2321 2507/2788/2321
f 2648/2779/2316 2657/2779/2316 2561/2780/2316 2515/2780/2316
f 2606/2777/2322 2614/2777/2322 2562/2778/2322 2513/2778/2322
f 2705/2856/2292 2707/2856/2292 2580/2818/2292 2570/2818/2292
f 2568/2830/2323 2576/2832/2323 2579/2852/2323 2494/2852/2323
f 2566/2809/2292 2586/2809/2292 2577/2834/2292 2569/2834/2292
f 2560/2803/2324 2582/2803/2324 2576/2832/2324 2568/2830/2324
f 2570/2818/2292 2580/2818/2292 2575/2806/2292 2567/2806/2292
f 2694/2808/2316 2695/2808/2316 2586/2809/2316 2566/2809/2316
f 2668/2796/2316 2669/2796/2316 2581/2797/2316 2558/2797/2316
f 2603/2799/2325 2599/2799/2325 2585/2800/2325 2565/2800/2325
f 2567/2806/2326 2575/2806/2326 2583/2807/2326 2563/2807/2326
f 2594/2865/2327 2589/2791/2327 2584/2792/2327 2564/2792/2327
f 2656/2817/2328 2658/2817/2328 2582/2803/2328 2560/2803/2328
f 2680/2789/2316 2681/2789/2316 2572/2790/2316 2559/2790/2316
f 2484/2787/2329 2578/2787/2329 2571/2788/2329 2557/2788/2329
f 2657/2779/2316 2659/2779/2316 2573/2780/2316 2561/2780/2316
f 2614/2777/2330 2609/2777/2330 2574/2778/2330 2562/2778/2330
f 2618/2866/2331 2619/2866/2331 2589/2791/2331 2594/2865/2331
f 2561/2780/2316 2573/2780/2316 2595/2867/2316 2593/2867/2316
f 2616/2866/2319 2618/2866/2319 2594/2865/2319 2587/2791/2319
f 2515/2780/2316 2561/2780/2316 2593/2867/2316 2588/2867/2316
f 2712/2868/2332 2709/2863/2332 2592/2819/2332 2623/2869/2332
f 2530/2870/2333 2591/2849/2333 2622/2871/2333
f 2623/2869/2334 2592/2819/2334 2590/2815/2334 2621/2872/2334
f 2573/2780/2276 2530/2780/2276 2595/2867/2276
f 2619/2866/2335 2617/2866/2335 2589/2791/2335
f 2621/2872/2336 2590/2815/2336 2589/2791/2336 2617/2866/2336
f 2515/2780/2278 2588/2867/2278 171/2873/2278
f 2616/2866/2277 2587/2791/2277 2521/2874/2277
f 2558/2797/2316 2581/2797/2316 2605/2875/2316 2604/2875/2316
f 2628/2876/2337 2629/2876/2337 2599/2799/2337 2603/2799/2337
f 2511/2797/2338 2558/2797/2338 2604/2875/2338 2596/2875/2338
f 2626/2876/2339 2628/2876/2339 2603/2799/2339 2597/2799/2339
f 2713/2877/2294 2710/2859/2294 2602/2823/2294 2634/2878/2294
f 2526/2879/2340 2601/2843/2340 2633/2880/2340
f 2634/2878/2294 2602/2823/2294 2600/2811/2294 2632/2881/2294
f 2629/2876/2341 2627/2876/2341 2599/2799/2341
f 2632/2881/2342 2600/2811/2342 2599/2799/2342 2627/2876/2342
f 2626/2876/2280 2597/2799/2280 2598/2781/2280 2631/2882/2280
f 2511/2797/2278 2596/2875/2278 171/2883/2278
f 2581/2797/2276 2526/2797/2276 2605/2875/2276
f 2631/2882/2273 2598/2781/2273 198/2884/2273
f 2639/2885/2343 2640/2885/2343 2609/2777/2343 2614/2777/2343
f 2559/2790/2316 2572/2790/2316 2615/2886/2316 2613/2886/2316
f 2637/2885/2344 2639/2885/2344 2614/2777/2344 2606/2777/2344
f 2514/2790/2338 2559/2790/2338 2613/2886/2338 2607/2887/2338
f 2714/2888/2311 2711/2861/2311 2612/2821/2311 2645/2889/2311
f 2529/2890/2345 2611/2846/2345 2644/2891/2345
f 2645/2889/2294 2612/2821/2294 2610/2813/2294 2643/2892/2294
f 2572/2790/2276 2529/2790/2276 2615/2886/2276
f 2643/2892/2346 2610/2813/2346 2609/2777/2346 2638/2885/2346
f 2514/2790/2278 2607/2887/2278 171/2893/2278
f 2637/2885/2347 2606/2777/2347 2608/2784/2347 2642/2894/2347
f 2642/2894/2274 2608/2784/2274 258/2895/2274
f 2640/2885/2348 2638/2885/2348 2609/2777/2348
f 2660/2896/2349 2616/2866/2349 2521/2874/2349 205/2897/2349
f 2663/2896/2350 2661/2896/2350 2617/2866/2350 2619/2866/2350
f 2667/2898/2294 2623/2869/2294 2621/2872/2294 2665/2899/2294
f 2670/2900/2333 2530/2870/2333 2622/2871/2333 2666/2901/2333
f 2716/2902/2294 2712/2868/2294 2623/2869/2294 2667/2898/2294
f 2660/2896/2351 2662/2896/2351 2618/2866/2351 2616/2866/2351
f 2662/2896/2352 2663/2896/2352 2619/2866/2352 2618/2866/2352
f 2593/2867/2316 2595/2867/2316 2625/2903/2316 2624/2903/2316
f 2588/2867/2316 2593/2867/2316 2624/2903/2316 2620/2903/2316
f 2595/2867/2353 2530/2867/2353 2625/2903/2353
f 2588/2867/2354 2620/2903/2354 171/2904/2354
f 2676/2905/2355 2631/2882/2355 198/2884/2355 258/2906/2355
f 2671/2907/2356 2626/2876/2356 2631/2882/2356 2676/2905/2356
f 2674/2907/2357 2672/2907/2357 2627/2876/2357 2629/2876/2357
f 2679/2908/2294 2634/2878/2294 2632/2881/2294 2677/2909/2294
f 2682/2910/2333 2526/2879/2333 2633/2880/2333 2678/2911/2333
f 2717/2912/2294 2713/2877/2294 2634/2878/2294 2679/2908/2294
f 2671/2907/2358 2673/2907/2358 2628/2876/2358 2626/2876/2358
f 2673/2907/2359 2674/2907/2359 2629/2876/2359 2628/2876/2359
f 2604/2875/2338 2605/2875/2338 2636/2913/2338 2635/2913/2338
f 2596/2875/2316 2604/2875/2316 2635/2913/2316 2630/2913/2316
f 2596/2875/2360 2630/2913/2360 171/2914/2360
f 2605/2875/2353 2526/2875/2353 2636/2913/2353
f 2687/2915/2361 2684/2915/2361 2638/2885/2361 2640/2885/2361
f 2690/2916/2362 2642/2894/2362 258/2895/2362 170/2917/2362
f 2685/2915/2363 2637/2885/2363 2642/2894/2363 2690/2916/2363
f 2693/2918/2294 2645/2889/2294 2643/2892/2294 2691/2919/2294
f 2688/2920/2364 2529/2890/2364 2644/2891/2364 2692/2921/2364
f 2718/2922/2294 2714/2888/2294 2645/2889/2294 2693/2918/2294
f 2685/2915/2365 2686/2923/2365 2639/2885/2365 2637/2885/2365
f 2686/2923/2366 2687/2915/2366 2640/2885/2366 2639/2885/2366
f 2613/2886/2316 2615/2886/2316 2647/2924/2316 2646/2924/2316
f 2607/2887/2316 2613/2886/2316 2646/2924/2316 2641/2924/2316
f 2615/2886/2276 2529/2887/2276 2647/2924/2276
f 2607/2887/2278 2641/2924/2278 171/2925/2278
f 2557/2926/2316 2571/2927/2316 2659/2779/2316 2657/2779/2316
f 2564/2792/2367 2584/2792/2367 2658/2817/2367 2656/2817/2367
f 2507/2928/2316 2557/2926/2316 2657/2779/2316 2648/2779/2316
f 2516/2792/2368 2564/2792/2368 2656/2817/2368 2649/2802/2368
f 2701/2864/2311 2715/2857/2311 2655/2825/2311 2556/2820/2311
f 2530/2929/2369 2651/2837/2369 2654/2840/2369 2545/2848/2369
f 2556/2820/2370 2655/2825/2370 2653/2828/2370 2540/2816/2370
f 2584/2792/2371 2531/2792/2371 2652/2817/2371 2658/2817/2371
f 2516/2792/2372 2649/2802/2372 2650/2805/2372 2521/2930/2372
f 2507/2928/2278 2648/2779/2278 171/2931/2278
f 2571/2927/2373 2522/2932/2373 2651/2779/2373 2659/2779/2373
f 2565/2800/2374 2585/2800/2374 2663/2896/2374 2662/2896/2374
f 2512/2800/2375 2565/2800/2375 2662/2896/2375 2660/2896/2375
f 2699/2860/2294 2716/2902/2294 2667/2898/2294 2554/2824/2294
f 2526/2933/2333 2670/2900/2333 2666/2901/2333 2543/2842/2333
f 2554/2824/2294 2667/2898/2294 2665/2899/2294 2538/2812/2294
f 2585/2800/2376 2527/2800/2376 2661/2896/2376 2663/2896/2376
f 2512/2800/2377 2660/2896/2377 205/2897/2377 2519/2782/2377
f 2519/2782/2273 205/2897/2273 198/2934/2273
f 2624/2903/2316 2625/2903/2316 2669/2796/2316 2668/2796/2316
f 2620/2903/2316 2624/2903/2316 2668/2796/2316 2664/2796/2316
f 2625/2903/2276 2530/2903/2276 2670/2796/2276 2669/2796/2276
f 2620/2903/2278 2664/2796/2278 171/2935/2278
f 2562/2778/2378 2574/2778/2378 2674/2907/2378 2673/2907/2378
f 2513/2778/2379 2562/2778/2379 2673/2907/2379 2671/2907/2379
f 2700/2862/2294 2717/2912/2294 2679/2908/2294 2555/2822/2294
f 2529/2936/2333 2682/2910/2333 2678/2911/2333 2544/2845/2333
f 2555/2822/2294 2679/2908/2294 2677/2909/2294 2539/2814/2294
f 2574/2778/2380 2528/2778/2380 2672/2907/2380 2674/2907/2380
f 2513/2778/2381 2671/2907/2381 2676/2905/2381 2520/2785/2381
f 2520/2785/2382 2676/2905/2382 258/2937/2382
f 2635/2913/2316 2636/2913/2316 2681/2789/2316 2680/2789/2316
f 2630/2913/2316 2635/2913/2316 2680/2789/2316 2675/2789/2316
f 2630/2913/2278 2675/2789/2278 171/2938/2278
f 2636/2913/2276 2526/2913/2276 2682/2789/2276 2681/2789/2276
f 2691/2919/2383 2643/2892/2383 2638/2892/2383 2684/2919/2383
f 2536/2939/2384 2691/2919/2384 2684/2919/2384 2525/2939/2384
f 2563/2807/2385 2583/2807/2385 2687/2915/2385 2686/2923/2385
f 2510/2807/2386 2563/2807/2386 2686/2923/2386 2685/2915/2386
f 2698/2940/2294 2718/2922/2294 2693/2918/2294 2553/2941/2294
f 2523/2942/2387 2688/2920/2387 2692/2921/2387 2542/2943/2387
f 2553/2941/2294 2693/2918/2294 2691/2919/2294 2536/2939/2294
f 2510/2807/2388 2685/2915/2388 2690/2916/2388 2517/2775/2388
f 2517/2775/2389 2690/2916/2389 170/2944/2389
f 2583/2807/2390 2525/2807/2390 2684/2915/2390 2687/2915/2390
f 2646/2924/2316 2647/2924/2316 2695/2808/2316 2694/2808/2316
f 2641/2924/2316 2646/2924/2316 2694/2808/2316 2689/2808/2316
f 2647/2924/2391 2529/2924/2391 2688/2808/2391 2695/2808/2391
f 2641/2924/2278 2689/2808/2278 171/2945/2278
f 2542/2943/2294 2692/2921/2294 2718/2922/2294 2698/2940/2294
f 2544/2845/2294 2678/2911/2294 2717/2912/2294 2700/2862/2294
f 2543/2842/2294 2666/2901/2294 2716/2902/2294 2699/2860/2294
f 2545/2848/2294 2654/2840/2294 2715/2857/2294 2701/2864/2294
f 2692/2921/2294 2644/2891/2294 2714/2888/2294 2718/2922/2294
f 2678/2911/2294 2633/2880/2294 2713/2877/2294 2717/2912/2294
f 2666/2901/2294 2622/2871/2294 2712/2868/2294 2716/2902/2294
f 2644/2891/2294 2611/2846/2294 2711/2861/2294 2714/2888/2294
f 2633/2880/2294 2601/2843/2294 2710/2859/2294 2713/2877/2294
f 2622/2871/2294 2591/2849/2294 2709/2863/2294 2712/2868/2294
f 2569/2834/2292 2577/2834/2292 2707/2856/2292 2705/2856/2292
f 2548/2852/2392 2494/2852/2392 2706/2850/2392 2702/2850/2392
f 2541/2834/2292 2569/2834/2292 2705/2856/2292 2696/2856/2292
f 2577/2834/2292 2542/2834/2292 2698/2856/2292 2707/2856/2292
f 2591/2849/2294 2545/2848/2294 2701/2864/2294 2709/2863/2294
f 2611/2846/2294 2544/2845/2294 2700/2862/2294 2711/2861/2294
f 2601/2843/2294 2543/2842/2294 2699/2860/2294 2710/2859/2294
f 2654/2840/2294 2547/2839/2294 2704/2858/2294 2715/2857/2294
f 2541/2834/2393 2696/2856/2393 2703/2854/2393 182/2835/2393
f 182/2835/2394 2703/2854/2394 206/2855/2394 183/2946/2394
f 2579/2852/2395 2550/2852/2395 2704/2850/2395 2708/2850/2395
f 2548/2852/2396 2702/2850/2396 2697/2851/2396 2552/2853/2396
f 243/226/2397 276/212/2397 2732/179/2397 2730/231/2397
f 201/239/2398 260/209/2398 2731/184/2398 2725/241/2398
f 213/208/2399 243/226/2399 2730/231/2399 2729/185/2399
f 179/174/2400 2727/214/2400 2724/172/2400 172/173/2400
f 181/171/2401 175/171/2401 2720/183/2401 2723/183/2401
f 173/171/2402 177/171/2402 2721/183/2402 2719/183/2402
f 177/171/2403 181/171/2403 2723/183/2403 2721/183/2403
f 260/209/2404 213/208/2404 2729/185/2404 2731/184/2404
f 211/210/2405 2722/178/2405 2719/183/2405 208/148/2405
f 276/212/2406 209/211/2406 2720/180/2406 2732/179/2406
f 204/133/2407 201/133/2407 2725/172/2407 2728/172/2407
f 200/133/2408 202/133/2408 2726/172/2408 2724/172/2408
f 202/133/2409 204/133/2409 2728/172/2409 2726/172/2409
f 161/135/2410 273/134/2410 2736/134/2410 2734/135/2410
f 211/210/2411 161/135/2411 2734/135/2411 2735/210/2411
f 2722/178/2411 211/210/2411 2735/210/2411 2733/178/2411
f 273/134/2410 233/213/2410 263/213/2410 2736/134/2410
f 2734/135/2412 2736/134/2412 2650/134/2412 2518/135/2412
f 2733/178/2413 2735/210/2413 2534/210/2413 2552/178/2413
f 2735/210/2414 2734/135/2414 2518/135/2414 2534/210/2414
f 2736/134/2415 263/213/2415 2521/213/2415 2650/134/2415
f 2539/2814/2416 2677/2909/2416 2672/2909/2416 2528/2814/2416
f 2677/2909/2417 2632/2881/2417 2627/2881/2417 2672/2909/2417
f 2538/2812/2418 2665/2899/2418 2661/2899/2418 2527/2812/2418
f 2665/2899/2419 2621/2872/2419 2617/2872/2419 2661/2899/2419
f 2540/2816/2420 2653/2828/2420 2652/2828/2420 2531/2816/2420
f 2653/2828/2421 2537/2827/2421 2524/2827/2421 2652/2828/2421
f 2321/2656/2422 2440/2655/2422 2439/2655/2422 2308/2656/2422
f 2440/2655/2423 2324/2645/2423 2315/2645/2423 2439/2655/2423
f 2496/2681/2424 2364/2684/2424 2354/2684/2424 2472/2681/2424
f 2363/2616/2425 2496/2681/2425 2472/2681/2425 2353/2616/2425
f 2708/2850/2426 2578/2787/2426 2484/2787/2426 2706/2850/2426
f 2579/2852/2427 2708/2850/2427 2706/2850/2427 2494/2852/2427
usemtl Material
f 299/262/212 344/263/212 365/264/212 320/265/212
f 344/263/213 300/266/213 335/267/213 365/264/213
f 365/264/214 335/267/214 292/268/214 319/269/214
f 320/265/215 365/264/215 319/269/215 288/270/215
f 296/271/216 327/272/216 366/273/216 332/274/216
f 327/272/217 288/270/217 319/269/217 366/273/217
f 366/273/218 319/269/218 292/268/218 316/275/218
f 332/274/219 366/273/219 316/275/219 295/276/219
f 303/277/220 343/278/220 367/279/220 331/280/220
f 343/278/220 300/281/220 322/282/220 367/279/220
f 367/279/220 322/282/220 290/283/220 328/284/220
f 331/280/220 367/279/220 328/284/220 297/285/220
f 298/286/221 342/287/221 368/288/221 313/289/221
f 342/287/222 301/290/222 336/291/222 368/288/222
f 368/288/223 336/291/223 289/292/223 321/293/223
f 313/289/224 368/288/224 321/293/224 293/294/224
f 302/295/225 341/296/225 369/297/225 330/298/225
f 341/296/226 299/262/226 320/265/226 369/297/226
f 369/297/227 320/265/227 288/270/227 327/272/227
f 330/298/228 369/297/228 327/272/228 296/271/228
f 297/299/229 328/300/229 370/301/229 329/302/229
f 328/300/230 290/303/230 323/304/230 370/301/230
f 370/301/231 323/304/231 286/305/231 325/306/231
f 329/302/232 370/301/232 325/306/232 294/307/232
f 291/308/233 318/309/233 371/310/233 314/311/233
f 318/309/234 297/299/234 329/302/234 371/310/234
f 371/310/235 329/302/235 294/307/235 315/312/235
f 314/311/236 371/310/236 315/312/236 287/313/236
f 301/290/237 340/314/237 372/315/237 336/291/237
f 340/314/238 302/295/238 330/298/238 372/315/238
f 372/315/239 330/298/239 296/271/239 317/316/239
f 336/291/240 372/315/240 317/316/240 289/292/240
f 298/317/220 339/318/220 373/319/220 333/320/220
f 339/318/220 303/277/220 331/280/220 373/319/220
f 373/319/220 331/280/220 297/285/220 318/321/220
f 333/320/220 373/319/220 318/321/220 291/322/220
f 289/292/241 317/316/241 374/323/241 321/293/241
f 317/316/242 296/271/242 332/274/242 374/323/242
f 374/323/243 332/274/243 295/276/243 326/324/243
f 321/293/244 374/323/244 326/324/244 293/294/244
f 293/325/220 326/326/220 375/327/220 313/328/220
f 326/326/220 295/329/220 338/330/220 375/327/220
f 375/327/220 338/330/220 303/277/220 339/318/220
f 313/328/220 375/327/220 339/318/220 298/317/220
f 287/313/245 315/312/245 376/331/245 324/332/245
f 315/312/246 294/307/246 337/333/246 376/331/246
f 376/331/247 337/333/247 302/295/247 340/314/247
f 324/332/248 376/331/248 340/314/248 301/290/248
f 294/307/249 325/306/249 377/334/249 337/333/249
f 325/306/250 286/305/250 334/335/250 377/334/250
f 377/334/251 334/335/251 299/262/251 341/296/251
f 337/333/252 377/334/252 341/296/252 302/295/252
f 291/308/253 314/311/253 378/336/253 333/337/253
f 314/311/254 287/313/254 324/332/254 378/336/254
f 378/336/255 324/332/255 301/290/255 342/287/255
f 333/337/256 378/336/256 342/287/256 298/286/256
f 295/329/220 316/338/220 379/339/220 338/330/220
f 316/338/220 292/340/220 335/341/220 379/339/220
f 379/339/220 335/341/220 300/281/220 343/278/220
f 338/330/220 379/339/220 343/278/220 303/277/220
f 286/305/257 323/304/257 380/342/257 334/335/257
f 323/304/258 290/303/258 322/343/258 380/342/258
f 380/342/259 322/343/259 300/266/259 344/263/259
f 334/335/260 380/342/260 344/263/260 299/262/260
f 310/344/261 349/345/261 381/346/261 364/347/261
f 349/345/262 306/348/262 348/349/262 381/346/262
f 381/346/263 348/349/263 292/350/263 335/351/263
f 364/347/264 381/346/264 335/351/264 300/352/264
f 309/353/265 357/354/265 382/355/265 354/356/265
f 357/354/266 295/357/266 316/358/266 382/355/266
f 382/355/267 316/358/267 292/350/267 348/349/267
f 354/356/268 382/355/268 348/349/268 306/348/268
f 298/359/269 313/360/269 383/361/269 363/362/269
f 313/360/270 293/363/270 350/364/270 383/361/270
f 383/361/271 350/364/271 307/365/271 359/366/271
f 363/362/272 383/361/272 359/366/272 311/367/272
f 312/368/273 356/369/273 384/370/273 362/371/273
f 356/369/274 309/353/274 354/356/274 384/370/274
f 384/370/275 354/356/275 306/348/275 349/345/275
f 362/371/276 384/370/276 349/345/276 310/344/276
f 297/372/277 355/373/277 385/374/277 328/375/277
f 355/373/278 308/376/278 353/377/278 385/374/278
f 385/374/279 353/377/279 304/378/279 351/379/279
f 328/375/280 385/374/280 351/379/280 290/380/280
f 291/381/281 345/382/281 386/383/281 318/384/281
f 345/382/282 305/385/282 346/386/282 386/383/282
f 386/383/283 346/386/283 308/376/283 355/373/283
f 318/384/284 386/383/284 355/373/284 297/372/284
f 311/367/285 359/366/285 387/387/285 361/388/285
f 359/366/286 307/365/286 347/389/286 387/387/286
f 387/387/287 347/389/287 309/353/287 356/369/287
f 361/388/288 387/387/288 356/369/288 312/368/288
f 307/365/289 350/364/289 388/390/289 347/389/289
f 350/364/290 293/363/290 326/391/290 388/390/290
f 388/390/291 326/391/291 295/357/291 357/354/291
f 347/389/292 388/390/292 357/354/292 309/353/292
f 305/385/293 352/392/293 389/393/293 346/386/293
f 352/392/294 311/367/294 361/388/294 389/393/294
f 389/393/295 361/388/295 312/368/295 360/394/295
f 346/386/296 389/393/296 360/394/296 308/376/296
f 308/376/297 360/394/297 390/395/297 353/377/297
f 360/394/298 312/368/298 362/371/298 390/395/298
f 390/395/299 362/371/299 310/344/299 358/396/299
f 353/377/300 390/395/300 358/396/300 304/378/300
f 291/381/301 333/397/301 391/398/301 345/382/301
f 333/397/302 298/359/302 363/362/302 391/398/302
f 391/398/303 363/362/303 311/367/303 352/392/303
f 345/382/304 391/398/304 352/392/304 305/385/304
f 304/378/305 358/396/305 392/399/305 351/379/305
f 358/396/306 310/344/306 364/347/306 392/399/306
f 392/399/307 364/347/307 300/352/307 322/400/307
f 351/379/308 392/399/308 322/400/308 290/380/308
l 207 171
l 2546 2697
